user_id,text_id,text,timestamp,collection_phase,is_words,valence,arousal,state_change_valence,state_change_arousal,word_count,is_feeling_words,sentiment_polarity,positive_word_ratio,negative_word_ratio,avg_word_length,first_person_count,exclamation_count,intensifier_count,hour_of_day,day_of_week,first_date,days_since_first,user_mean_valence,user_mean_arousal,user_last_valence,user_last_arousal,user_val_std,user_entry_count,user_val_trend
1,200,"I feel good .   I caught up on some sleep . Work went well for me . I’m very relaxed and happy . I did have sone alcoholic beverages , but i spread them out throughout the day . I was never overly intoxicated .",2021-06-09 12:41:57,1,False,4.0,2.0,0.0,0.0,45,0,0.7374,0.221,0.0,3.6444444444444444,6,0,1,12,2,2021-06-09 12:41:57,0,2.0,1.0,2.0,1.0,0.0,0,0.0
1,201,I’ve been feeling good for days and days . I really have a normal Routine .   I probably am happy because if my meth usage . Yea I smoke up a fat bowl of crystal then fuck my girlfriend . Oh yea baby oh yea !!!,2021-06-11 12:01:45,1,False,4.0,2.0,-2.0,0.0,46,0,0.6679,0.197,0.077,3.5434782608695654,5,3,1,12,4,2021-06-09 12:41:57,1,4.0,2.0,4.0,2.0,0.0,1,0.0
1,202,"I’ve been feeling fine personally . I’ve been trying to stay positive , but because of the tragedic events of yesterday it’s been very hard to do . Business at the bar sucked because sone many ppl didn’t come out last night . I feel like I’m cursed because there has been one event after another that has severely effected business .",2021-06-13 13:15:07,1,False,2.0,2.0,2.0,0.0,62,0,-0.5913,0.122,0.149,4.387096774193548,1,0,1,13,6,2021-06-09 12:41:57,4,4.0,2.0,4.0,2.0,0.0,2,0.0
1,203,"I feel great . I’ve had a day off . I’m going to go to my mom’s birthday . I love having dinner with my mom . She always treats me , but tonight I think I’ll treat her .   So I’m not sure if that maters . I’m just say that because it makes me feel happy to be having dinner with my mom .",2021-06-16 12:03:12,1,False,4.0,2.0,0.0,1.0,66,0,0.8982,0.21,0.043,3.3333333333333335,8,0,1,12,2,2021-06-09 12:41:57,6,3.3333333333333335,2.0,2.0,2.0,1.1547005383792515,3,-1.0
1,204,"I feel great today . I am well rested . I have a positive attitude about how the rest of the day will go . I feel energized , so work today should be great .    I don’t think that my mood will change . I’m very stable right now .",2021-06-17 12:38:38,1,False,4.0,3.0,0.0,0.0,51,0,0.9623,0.381,0.0,3.450980392156863,6,0,2,12,3,2021-06-09 12:41:57,7,3.5,2.0,4.0,2.0,1.0,4,-1.0
2,23,"Productive , Tired , Active , Pleased , Busy",2021-06-08 15:11:55,1,True,2.0,3.0,0.0,0.0,9,1,0.4019,0.533,0.276,4.0,0,0,0,15,1,2021-06-08 15:11:55,0,2.0,1.0,2.0,1.0,0.0,0,0.0
2,24,"Productive , Busy , Content",2021-06-11 17:10:13,1,True,2.0,3.0,2.0,-2.0,5,1,0.0,0.0,0.0,4.6,0,0,0,17,4,2021-06-08 15:11:55,3,2.0,3.0,2.0,3.0,0.0,1,0.0
2,25,"Relaxed , Content , Comfy , Happy , Calm",2021-06-15 16:35:44,1,True,4.0,1.0,0.0,1.0,9,1,0.8481,0.821,0.0,3.5555555555555554,0,0,0,16,1,2021-06-08 15:11:55,7,2.0,3.0,2.0,3.0,0.0,2,0.0
2,22,"Productive , Relaxed , Happy , Content",2021-06-18 15:36:22,1,True,4.0,2.0,0.0,-1.0,7,1,0.7845,0.775,0.0,4.571428571428571,0,0,0,15,4,2021-06-08 15:11:55,10,2.6666666666666665,2.3333333333333335,4.0,1.0,1.1547005383792515,3,1.0
2,34,"Relaxed , Rested , Happy , Pleased , Content",2022-02-11 12:51:15,2,True,4.0,1.0,0.0,0.0,9,1,0.8689,0.831,0.0,4.0,0,0,0,12,4,2021-06-08 15:11:55,247,3.0,2.25,4.0,2.0,1.1547005383792515,4,2.0
2,35,"Content , Calm , Relaxed , Hungry , Happy",2022-02-11 15:01:04,2,True,4.0,1.0,0.0,0.0,9,1,0.8481,0.821,0.0,3.6666666666666665,0,0,0,15,4,2021-06-08 15:11:55,247,3.2,2.0,4.0,1.0,1.0954451150103321,5,2.0
2,36,"Refreshed , Relaxed , Motivated , Happy , Content",2022-02-12 20:06:00,2,True,4.0,1.0,0.0,0.0,9,1,0.872,0.832,0.0,4.555555555555555,0,0,0,20,5,2021-06-08 15:11:55,249,3.3333333333333335,1.8333333333333333,4.0,1.0,1.0327955589886446,6,1.3333333333333335
2,37,"Relaxed , Rested , Calm , Comfy , Content",2022-02-14 15:01:30,2,True,4.0,1.0,0.0,0.0,9,1,0.6705,0.647,0.0,3.6666666666666665,0,0,0,15,0,2021-06-08 15:11:55,250,3.4285714285714284,1.7142857142857142,4.0,1.0,0.9759000729485333,7,1.3333333333333335
2,38,"Relaxed , Content , Comfy",2022-02-14 20:55:39,2,True,4.0,1.0,0.0,0.0,5,1,0.4939,0.615,0.0,4.2,0,0,0,20,0,2021-06-08 15:11:55,251,3.5,1.625,4.0,1.0,0.9258200997725514,8,1.0
2,39,"Studious , Motivated , Calm , Relaxed , Content",2022-02-15 15:16:55,2,True,4.0,1.0,0.0,0.0,9,1,0.8176,0.81,0.0,4.333333333333333,0,0,0,15,1,2021-06-08 15:11:55,252,3.5555555555555554,1.5555555555555556,4.0,1.0,0.8819171036881968,9,1.0
2,40,"Studious , Calm , Relaxed , Attentive , Content",2022-02-15 20:02:31,2,True,4.0,1.0,-2.0,0.0,9,1,0.6705,0.647,0.0,4.333333333333333,0,0,0,20,1,2021-06-08 15:11:55,252,3.6,1.5,4.0,1.0,0.8432740427115679,10,0.7999999999999998
2,41,"Sleepy , Awake , Comfy , Relaxed , Content",2022-02-16 11:56:54,2,True,2.0,1.0,1.0,0.0,9,1,0.4939,0.444,0.0,3.7777777777777777,0,0,0,11,2,2021-06-08 15:11:55,252,3.6363636363636362,1.4545454545454546,4.0,1.0,0.8090398349558905,11,0.7999999999999998
2,42,"Working , Busy , Pleased , Hungry , Active",2022-02-17 15:03:31,2,True,3.0,1.0,1.0,0.0,9,1,0.6808,0.651,0.0,3.7777777777777777,0,0,0,15,3,2021-06-08 15:11:55,253,3.5,1.4166666666666667,2.0,1.0,0.9045340337332909,12,0.33333333333333304
2,43,"Studious , Relaxed , Focused , Hungry , Attentive",2022-02-17 20:01:03,2,True,4.0,1.0,-4.0,0.0,9,1,0.7003,0.659,0.0,4.555555555555555,0,0,0,20,3,2021-06-08 15:11:55,254,3.4615384615384617,1.3846153846153846,3.0,1.0,0.8770580193070292,13,0.23809523809523814
2,44,"Tired , Comfy , Awake , Chilly , Relaxed",2022-02-18 10:16:46,2,True,0.0,1.0,4.0,0.0,9,1,0.0772,0.352,0.319,3.5555555555555554,0,0,0,10,4,2021-06-08 15:11:55,254,3.5,1.3571428571428572,4.0,1.0,0.8548504142651103,14,0.14285714285714324
2,45,"Relaxed , Productive , Calm , Comfy , Content",2022-02-18 20:07:53,2,True,4.0,1.0,0.0,0.0,9,1,0.6705,0.647,0.0,4.111111111111111,0,0,0,20,4,2021-06-08 15:11:55,255,3.2666666666666666,1.3333333333333333,0.0,1.0,1.2227992865708155,15,-0.3035714285714284
2,46,"Sleepy , Awake , Rested , Relaxed , Comfy",2022-02-19 12:49:41,2,True,4.0,1.0,0.0,0.0,9,1,0.4939,0.444,0.0,3.6666666666666665,0,0,0,12,5,2021-06-08 15:11:55,255,3.3125,1.3125,4.0,1.0,1.1954775893619531,16,-0.375
2,47,"Busy , Productive , Content , Relaxed , Waiting",2022-02-19 15:05:34,2,True,4.0,1.0,0.0,0.0,9,1,0.4939,0.444,0.0,4.333333333333333,0,0,0,15,5,2021-06-08 15:11:55,255,3.3529411764705883,1.2941176470588236,4.0,1.0,1.1694644324747672,17,-0.2777777777777777
2,48,"Relaxed , Content , Calm , Comfy , Hungry",2022-02-19 20:03:29,2,True,4.0,1.0,0.0,0.0,9,1,0.6705,0.647,0.0,3.6666666666666665,0,0,0,20,5,2021-06-08 15:11:55,256,3.388888888888889,1.2777777777777777,4.0,1.0,1.1447521637192346,18,-0.33333333333333304
2,26,"Refreshed , Clean , Comfy , Relaxed , Content",2022-02-20 20:02:31,2,True,4.0,1.0,0.0,0.0,9,1,0.7096,0.663,0.0,4.111111111111111,0,0,0,20,6,2021-06-08 15:11:55,257,3.4210526315789473,1.263157894736842,4.0,1.0,1.1212983285105118,19,-0.25555555555555554
2,27,"Relaxed , Content , Comfy , Calm , Hungry",2022-02-21 17:00:05,2,True,4.0,1.0,-1.0,0.0,9,1,0.6705,0.647,0.0,3.6666666666666665,0,0,0,17,0,2021-06-08 15:11:55,258,3.45,1.25,4.0,1.0,1.0990426455975697,20,-0.30000000000000027
2,28,"Comfy , Awake , Relaxed , Hungry , Content",2022-02-21 20:34:57,2,True,3.0,1.0,1.0,0.0,9,1,0.4939,0.444,0.0,3.7777777777777777,0,0,0,20,0,2021-06-08 15:11:55,258,3.4761904761904763,1.2380952380952381,4.0,1.0,1.0779168622415933,21,-0.23636363636363633
2,29,"Comfy , Awake , Relaxed , Content , Cozy",2022-02-22 15:08:59,2,True,4.0,1.0,-1.0,2.0,9,1,0.4939,0.444,0.0,3.5555555555555554,0,0,0,15,1,2021-06-08 15:11:55,258,3.4545454545454546,1.2272727272727273,3.0,1.0,1.056826909613451,22,-0.3636363636363633
2,30,"Studious , Focused , Content , Attentive , Comfy",2022-02-22 20:07:38,2,True,3.0,3.0,-1.0,-2.0,9,1,0.3818,0.394,0.0,4.444444444444445,0,0,0,20,1,2021-06-08 15:11:55,259,3.4782608695652173,1.2173913043478262,4.0,1.0,1.0387739809021062,23,-0.30303030303030276
2,31,"Sleepy , Comfy , Cozy , Waking , Content",2022-02-23 11:03:27,2,True,2.0,1.0,0.0,1.0,9,1,0.0,0.0,0.0,3.5555555555555554,0,0,0,11,2,2021-06-08 15:11:55,259,3.4583333333333335,1.2916666666666667,3.0,3.0,1.0206207261596574,24,-0.08333333333333348
2,32,"Impatient , Waiting , Calm , Massaged , Fine",2022-02-23 16:13:47,2,True,2.0,2.0,1.0,-1.0,9,1,0.2263,0.494,0.265,4.0,0,0,0,16,2,2021-06-08 15:11:55,260,3.4,1.28,2.0,1.0,1.0408329997330663,25,-0.1923076923076925
2,33,"Annoyed , Content , Comfy , Hungry , Relaxed",2022-02-23 20:01:13,2,True,3.0,1.0,-2.0,0.0,9,1,0.1531,0.364,0.295,4.0,0,0,0,20,2,2021-06-08 15:11:55,260,3.3461538461538463,1.3076923076923077,2.0,2.0,1.0561177090573832,26,-0.23076923076923084
2,60,"Sleepy , Awake , Tired , Comfy , Cozy",2022-05-12 10:02:00,3,True,1.0,1.0,2.0,0.0,9,1,-0.4404,0.0,0.42,3.2222222222222223,0,0,0,10,3,2021-06-08 15:11:55,337,3.3333333333333335,1.2962962962962963,3.0,1.0,1.0377490433255416,27,-0.24725274725274726
2,61,"Productive , Tired , Busy , Studious , Calm",2022-05-12 17:35:00,3,True,3.0,1.0,1.0,0.0,9,1,-0.1531,0.28,0.354,3.888888888888889,0,0,0,17,3,2021-06-08 15:11:55,338,3.25,1.2857142857142858,1.0,1.0,1.1097213530798988,28,-0.5
2,62,"Studious , Attentive , Comfy , Calm , Alert",2022-05-12 20:01:00,3,True,4.0,1.0,0.0,0.0,9,1,0.5423,0.6,0.0,3.888888888888889,0,0,0,20,3,2021-06-08 15:11:55,338,3.2413793103448274,1.2758620689655173,3.0,1.0,1.0907131485472215,29,-0.5
2,63,"Awake , Content , Refreshed , Happy , Relaxed",2022-05-13 10:20:00,3,True,4.0,1.0,-2.0,2.0,9,1,0.7845,0.697,0.0,4.111111111111111,0,0,0,10,4,2021-06-08 15:11:55,338,3.2666666666666666,1.2666666666666666,4.0,1.0,1.0806553992619585,30,0.0
2,64,"Productive , Content , Happy , Active , Good",2022-05-13 15:45:00,3,True,2.0,3.0,2.0,-2.0,9,1,0.8519,0.823,0.0,4.0,0,0,0,15,4,2021-06-08 15:11:55,339,3.2903225806451615,1.2580645161290323,4.0,1.0,1.0706243781736828,31,0.04583333333333339
2,65,"Clean , Refreshed , Relaxed , Comfy , Content",2022-05-13 20:00:00,3,True,4.0,1.0,-2.0,0.0,9,1,0.7096,0.663,0.0,4.111111111111111,0,0,0,20,4,2021-06-08 15:11:55,339,3.25,1.3125,2.0,3.0,1.0776318121606494,32,-0.125
2,66,"Sleepy , Comfy , Recharged , Cozy , Awake",2022-05-14 12:39:00,3,True,2.0,1.0,2.0,0.0,9,1,0.0,0.0,0.0,3.6666666666666665,0,0,0,12,5,2021-06-08 15:11:55,339,3.272727272727273,1.303030303030303,4.0,1.0,1.0686652677735224,33,-0.07720588235294112
2,67,"Relaxed , Content , Comfy , Happy , Calm",2022-05-14 15:09:00,3,True,4.0,1.0,0.0,0.0,9,1,0.8481,0.821,0.0,3.5555555555555554,0,0,0,15,5,2021-06-08 15:11:55,339,3.235294117647059,1.2941176470588236,2.0,1.0,1.074746581247758,34,-0.23529411764705888
2,68,"Relaxed , Comfy , Content , Neutral , Peaceful",2022-05-14 20:00:00,3,True,4.0,1.0,-2.0,0.0,9,1,0.7506,0.681,0.0,4.222222222222222,0,0,0,20,5,2021-06-08 15:11:55,340,3.257142857142857,1.2857142857142858,4.0,1.0,1.0666841735258006,35,-0.1862745098039218
2,69,"Awake , Sleepy , Comfy , Relaxed , Cozy",2022-05-15 11:51:00,3,True,2.0,1.0,-1.0,0.0,9,1,0.4939,0.444,0.0,3.4444444444444446,0,0,0,11,6,2021-06-08 15:11:55,340,3.2777777777777777,1.2777777777777777,4.0,1.0,1.058600453728847,36,-0.22222222222222232
2,70,"Hurting , Active , Worked , Attentive , Not relaxed",2022-05-15 16:33:00,3,True,1.0,1.0,2.0,0.0,10,1,-0.3875,0.245,0.483,4.2,0,0,0,16,6,2021-06-08 15:11:55,341,3.2432432432432434,1.2702702702702702,2.0,1.0,1.0647223270100208,37,-0.2836257309941521
2,71,"Hurting , Content , Pleased , Comfy , Relaxed",2022-05-15 20:17:00,3,True,3.0,1.0,-1.0,0.0,9,1,0.5267,0.565,0.25,4.111111111111111,0,0,0,20,6,2021-06-08 15:11:55,341,3.1842105263157894,1.263157894736842,1.0,1.0,1.1114943230428451,38,-0.47368421052631593
2,72,"Sleepy , Tired , Comfy , Cozy , Awake",2022-05-16 10:55:00,3,True,2.0,1.0,2.0,0.0,9,1,-0.4404,0.0,0.42,3.2222222222222223,0,0,0,10,0,2021-06-08 15:11:55,341,3.1794871794871793,1.2564102564102564,3.0,1.0,1.0971684818034502,39,-0.47105263157894717
2,73,"Relaxed , Content , Peaceful , Chilling , Comfy",2022-05-16 15:23:00,3,True,4.0,1.0,0.0,0.0,9,1,0.743,0.674,0.116,4.333333333333333,0,0,0,15,0,2021-06-08 15:11:55,342,3.15,1.25,2.0,1.0,1.098950548337962,40,-0.6000000000000001
2,74,"Relaxed , Comfy , Content , Calm , Peaceful",2022-05-16 20:28:00,3,True,4.0,1.0,0.0,0.0,9,1,0.8271,0.813,0.0,3.888888888888889,0,0,0,20,0,2021-06-08 15:11:55,342,3.1707317073170733,1.2439024390243902,4.0,1.0,1.0932163332202425,41,-0.5452380952380955
2,75,"Content , Calm , Relaxed , Refreshed , Comfy",2022-05-17 15:22:00,3,True,4.0,1.0,0.0,0.0,9,1,0.6705,0.647,0.0,4.0,0,0,0,15,1,2021-06-08 15:11:55,343,3.1904761904761907,1.2380952380952381,4.0,1.0,1.0873573971677286,42,-0.5714285714285716
2,76,"Attentive , Sleepy , Relaxed , Calm , Comfy",2022-05-17 20:00:00,3,True,4.0,1.0,0.0,0.0,9,1,0.6705,0.647,0.0,3.888888888888889,0,0,0,20,1,2021-06-08 15:11:55,343,3.2093023255813953,1.2325581395348837,4.0,1.0,1.0814042796044612,43,-0.5216450216450217
2,77,"Relaxed , Calm , Content , Peaceful , Good",2022-05-18 15:04:00,3,True,4.0,1.0,0.0,0.0,9,1,0.891,0.921,0.0,3.7777777777777777,0,0,0,15,2,2021-06-08 15:11:55,343,3.227272727272727,1.2272727272727273,4.0,1.0,1.0753828169353603,44,-0.4545454545454546
2,78,"Clean , Refreshed , Calm , Comfy , Content",2022-05-18 20:32:00,3,True,4.0,1.0,-2.0,0.0,9,1,0.6124,0.625,0.0,3.7777777777777777,0,0,0,20,2,2021-06-08 15:11:55,344,3.2444444444444445,1.2222222222222223,4.0,1.0,1.069314894422753,45,-0.4110671936758892
2,79,"Sleepy , Tired , Awake , Comfy , Content",2022-05-19 10:00:00,3,True,2.0,1.0,0.0,2.0,9,1,-0.4404,0.0,0.42,3.5555555555555554,0,0,0,10,3,2021-06-08 15:11:55,344,3.260869565217391,1.2173913043478262,4.0,1.0,1.06321906614239,46,-0.4347826086956519
2,80,"Worked , Busy , Calm , Attentive , Fine",2022-05-19 15:09:00,3,True,2.0,3.0,1.0,-2.0,9,1,0.4767,0.577,0.0,3.4444444444444446,0,0,0,15,3,2021-06-08 15:11:55,344,3.234042553191489,1.2127659574468086,2.0,1.0,1.0675605258769785,47,-0.4782608695652173
2,81,"Headache , Tired , Hungry , Sleepy , Comfy",2022-05-19 20:21:00,3,True,3.0,1.0,-2.0,0.0,9,1,-0.4404,0.0,0.42,3.7777777777777777,0,0,0,20,3,2021-06-08 15:11:55,345,3.2083333333333335,1.25,2.0,3.0,1.0710570108856838,48,-0.5
2,82,"Tired , Hungry , Sleepy , Awake , Ready",2022-05-20 11:08:00,3,True,1.0,1.0,0.0,0.0,9,1,-0.1027,0.298,0.345,3.4444444444444446,0,0,0,11,4,2021-06-08 15:11:55,345,3.204081632653061,1.2448979591836735,3.0,1.0,1.0602592418196342,49,-0.4983333333333335
2,83,"Busy , Annoyed , Sore , Worked , Neutral",2022-05-20 15:51:00,3,True,1.0,1.0,3.0,0.0,9,1,-0.6249,0.0,0.63,3.5555555555555554,0,0,0,15,4,2021-06-08 15:11:55,346,3.16,1.24,1.0,1.0,1.0946996606096009,50,-0.48
2,84,"Comfy , Cozy , Relaxed , Tired , Hungry",2022-05-20 20:00:00,3,True,4.0,1.0,-1.0,0.0,9,1,0.0772,0.352,0.319,3.4444444444444446,0,0,0,20,4,2021-06-08 15:11:55,346,3.1176470588235294,1.2352941176470589,1.0,1.0,1.1251143732710807,51,-0.5538461538461537
2,49,"Relaxed , Awake , Sore , Content , Comfy",2022-05-21 15:08:00,3,True,3.0,1.0,-1.0,2.0,9,1,0.1779,0.368,0.287,3.5555555555555554,0,0,0,15,5,2021-06-08 15:11:55,346,3.1346153846153846,1.2307692307692308,4.0,1.0,1.1207288621712974,52,-0.42307692307692335
2,50,"Active , Chill , Moving , Calm , Awake",2022-05-21 21:00:00,3,True,2.0,3.0,0.0,0.0,9,1,0.6124,0.625,0.0,3.3333333333333335,0,0,0,21,5,2021-06-08 15:11:55,347,3.1320754716981134,1.2264150943396226,3.0,1.0,1.1100543273097494,53,-0.4202279202279202
2,51,"Working , Awake , Fine , Attentive , Calm",2022-05-22 10:20:00,3,True,2.0,3.0,-1.0,-2.0,9,1,0.4767,0.577,0.0,3.6666666666666665,0,0,0,10,6,2021-06-08 15:11:55,347,3.111111111111111,1.2592592592592593,2.0,3.0,1.1102722200054018,54,-0.44444444444444464
2,52,"Tired , Content , Calm , Relaxed , Sleepy",2022-05-22 20:00:00,3,True,1.0,1.0,-1.0,0.0,9,1,0.3818,0.529,0.279,3.6666666666666665,0,0,0,20,6,2021-06-08 15:11:55,348,3.090909090909091,1.290909090909091,2.0,3.0,1.1101005505463155,55,-0.4761904761904763
2,53,"Tired , Sleepy , Comfy , Sore , Cozy",2022-05-23 10:14:00,3,True,0.0,1.0,1.0,0.0,9,1,-0.6597,0.0,0.643,3.111111111111111,0,0,0,10,0,2021-06-08 15:11:55,348,3.0535714285714284,1.2857142857142858,1.0,1.0,1.1348951550636794,56,-0.3928571428571428
2,54,"Pained , Sore , Alert , Active , Fine",2022-05-23 15:02:00,3,True,1.0,1.0,3.0,0.0,9,1,0.1027,0.558,0.442,3.2222222222222223,0,0,0,15,0,2021-06-08 15:11:55,348,3.0,1.280701754385965,0.0,1.0,1.1952286093343936,57,-0.4913793103448274
2,55,"Relaxed , Content , Comfy , Chill , Fine",2022-05-23 20:01:00,3,True,4.0,1.0,0.0,0.0,9,1,0.6124,0.625,0.0,3.5555555555555554,0,0,0,20,0,2021-06-08 15:11:55,349,2.9655172413793105,1.2758620689655173,1.0,1.0,1.213455515942469,58,-0.5517241379310343
2,56,"Active , Awake , Rested , Refreshed , Fine",2022-05-24 11:53:00,3,True,4.0,1.0,0.0,0.0,9,1,0.5423,0.6,0.0,3.7777777777777777,0,0,0,11,1,2021-06-08 15:11:55,349,2.983050847457627,1.271186440677966,4.0,1.0,1.2104647928012358,59,-0.508045977011494
2,57,"Content , Refreshed , Calm , Productive , Relaxed",2022-05-24 15:34:00,3,True,4.0,1.0,0.0,0.0,9,1,0.6705,0.647,0.0,4.555555555555555,0,0,0,15,1,2021-06-08 15:11:55,350,3.0,1.2666666666666666,4.0,1.0,1.2073222927802119,60,-0.5333333333333332
2,58,"Warm , Comfy , Studious , Content , Relaxed",2022-05-24 20:00:00,3,True,4.0,1.0,0.0,0.0,9,1,0.6249,0.63,0.0,3.888888888888889,0,0,0,20,1,2021-06-08 15:11:55,350,3.0163934426229506,1.2622950819672132,4.0,1.0,1.2040460024252746,61,-0.49247311827956963
2,59,"Good , Relaxed , Tired , Content , Fine",2022-05-25 15:06:00,3,True,4.0,1.0,-1.0,2.0,9,1,0.6124,0.669,0.246,3.4444444444444446,0,0,0,15,2,2021-06-08 15:11:55,350,3.032258064516129,1.2580645161290323,4.0,1.0,1.2006520350876546,62,-0.5161290322580645
2,100,"Productive , Accomplished , Hot , Relaxed , Content",2022-09-05 20:01:52,4,True,3.0,3.0,0.0,-2.0,9,1,0.7269,0.67,0.0,4.777777777777778,0,0,0,20,0,2021-06-08 15:11:55,454,3.0476190476190474,1.253968253968254,4.0,1.0,1.197154845248644,63,-0.4778225806451615
2,101,"Rested , Sore , Comfy , Content , Relaxed",2022-09-06 11:51:38,4,True,3.0,1.0,1.0,0.0,9,1,0.1779,0.368,0.287,3.6666666666666665,0,0,0,11,1,2021-06-08 15:11:55,454,3.046875,1.28125,3.0,3.0,1.1876305274963548,64,-0.40625
2,102,"Hot , Relaxed , Productive , Calm , Content",2022-09-06 15:03:01,4,True,4.0,1.0,0.0,0.0,9,1,0.6705,0.647,0.0,3.888888888888889,0,0,0,15,1,2021-06-08 15:11:55,454,3.046153846153846,1.2769230769230768,3.0,1.0,1.1783299785974803,65,-0.4015151515151514
2,103,"Relaxed , Content , Calm , Comfy , Hot",2022-09-06 20:00:44,4,True,4.0,1.0,0.0,0.0,9,1,0.6705,0.647,0.0,3.3333333333333335,0,0,0,20,1,2021-06-08 15:11:55,455,3.0606060606060606,1.2727272727272727,4.0,1.0,1.175110965349988,66,-0.4242424242424243
2,104,"Relaxed , Awake , Comfy , Calm , Content",2022-09-07 12:22:50,4,True,4.0,1.0,0.0,2.0,9,1,0.6705,0.647,0.0,3.5555555555555554,0,0,0,12,2,2021-06-08 15:11:55,455,3.074626865671642,1.2686567164179106,4.0,1.0,1.1718081448591355,67,-0.39037433155080237
2,105,"Productive , Active , Determined , Busy , Sore",2022-09-07 15:03:55,4,True,4.0,3.0,-3.0,-2.0,9,1,0.3818,0.531,0.26,4.222222222222222,0,0,0,15,2,2021-06-08 15:11:55,455,3.088235294117647,1.2647058823529411,4.0,1.0,1.1684317096982049,68,-0.2941176470588234
2,106,"Worked , Exhausted , Accomplished , Productive , Hungry",2022-09-07 20:00:27,4,True,1.0,1.0,2.0,0.0,9,1,0.1027,0.345,0.298,5.222222222222222,0,0,0,20,2,2021-06-08 15:11:55,456,3.101449275362319,1.289855072463768,4.0,3.0,1.1649908802499889,69,-0.26386554621848735
2,107,"Sleepy , Awake , Comfy , Calm , Content",2022-09-08 10:03:51,4,True,3.0,1.0,-1.0,2.0,9,1,0.3182,0.365,0.0,3.4444444444444446,0,0,0,10,3,2021-06-08 15:11:55,456,3.0714285714285716,1.2857142857142858,1.0,1.0,1.1834783977802141,70,-0.37142857142857144
2,108,"Worked , Busy , Active , Productive , Fine",2022-09-08 16:56:45,4,True,2.0,3.0,2.0,-2.0,9,1,0.5423,0.6,0.0,3.7777777777777777,0,0,0,16,3,2021-06-08 15:11:55,457,3.0704225352112675,1.2816901408450705,3.0,1.0,1.1750251506362606,71,-0.3682539682539683
2,109,"Relaxed , Tired , Content , Hungry , Comfy",2022-09-08 20:00:46,4,True,4.0,1.0,0.0,0.0,9,1,0.0772,0.352,0.319,3.7777777777777777,0,0,0,20,3,2021-06-08 15:11:55,457,3.0555555555555554,1.3055555555555556,2.0,3.0,1.173521111734685,72,-0.4444444444444442
2,110,"Comfy , Rested , Awake , Content , Peaceful",2022-09-09 11:48:47,4,True,4.0,1.0,-1.0,2.0,9,1,0.4939,0.444,0.0,3.888888888888889,0,0,0,11,4,2021-06-08 15:11:55,457,3.0684931506849313,1.3013698630136987,4.0,1.0,1.170574017823066,73,-0.41291291291291277
2,111,"Productive , Accomplished , Happy , Pleased , Content",2022-09-09 15:03:05,4,True,3.0,3.0,0.0,-2.0,9,1,0.8591,0.826,0.0,5.0,0,0,0,15,4,2021-06-08 15:11:55,457,3.081081081081081,1.2972972972972974,4.0,1.0,1.167561054186722,74,-0.32432432432432456
2,112,"Studious , Relaxed , Comfy , Content , Focused",2022-09-09 20:03:17,4,True,3.0,1.0,-2.0,0.0,9,1,0.7003,0.659,0.0,4.222222222222222,0,0,0,20,4,2021-06-08 15:11:55,458,3.08,1.32,3.0,3.0,1.159683088117122,75,-0.3221906116642961
2,113,"Tired , Sore , Sleepy , Comfy , Relaxed",2022-09-10 11:58:39,4,True,1.0,1.0,1.0,2.0,9,1,-0.296,0.302,0.509,3.4444444444444446,0,0,0,11,5,2021-06-08 15:11:55,458,3.0789473684210527,1.3157894736842106,3.0,1.0,1.1519624750223634,76,-0.21052631578947345
2,114,"Busy , Focused , Calm , Productive , Good",2022-09-10 16:09:08,4,True,2.0,3.0,-1.0,-2.0,9,1,0.7783,0.796,0.0,3.6666666666666665,0,0,0,16,5,2021-06-08 15:11:55,459,3.051948051948052,1.3116883116883118,1.0,1.0,1.1686260927406649,77,-0.2611336032388665
2,115,"Exhausted , Sore , Pained , Uncomfortable , Relived",2022-09-10 20:57:53,4,True,1.0,1.0,1.0,2.0,9,1,-0.8555,0.0,0.912,4.777777777777778,0,0,0,20,5,2021-06-08 15:11:55,459,3.0384615384615383,1.3333333333333333,2.0,3.0,1.167106619867209,78,-0.28205128205128194
2,116,"Active , Busy , Productive , Excited , Focused",2022-09-11 10:48:10,4,True,2.0,3.0,0.0,0.0,9,1,0.7717,0.794,0.0,4.222222222222222,0,0,0,10,6,2021-06-08 15:11:55,459,3.0126582278481013,1.3291139240506329,1.0,1.0,1.1820632861498939,79,-0.3294871794871792
2,117,"Active , Production , Hot , Focused , Busy",2022-09-11 15:02:50,4,True,2.0,3.0,2.0,-2.0,9,1,0.6486,0.639,0.0,3.7777777777777777,0,0,0,15,6,2021-06-08 15:11:55,459,3.0,1.35,2.0,3.0,1.1800021454603968,80,-0.2999999999999998
2,118,"Comfy , Tired , Sleepy , Sore , Content",2022-09-11 20:43:57,4,True,4.0,1.0,-1.0,0.0,9,1,-0.6597,0.0,0.643,3.4444444444444446,0,0,0,20,6,2021-06-08 15:11:55,460,2.9876543209876543,1.3703703703703705,2.0,3.0,1.177856391506344,81,-0.32073170731707323
2,119,"Rested , Comfy , Sleepy , Content , Thirsty",2022-09-12 10:05:17,4,True,3.0,1.0,-1.0,2.0,9,1,0.0,0.0,0.0,3.888888888888889,0,0,0,10,0,2021-06-08 15:11:55,460,3.0,1.3658536585365855,4.0,1.0,1.1758894715842625,82,-0.34146341463414664
2,120,"Productive , Busy , Active , Worked , Tired",2022-09-12 15:15:41,4,True,2.0,3.0,2.0,-2.0,9,1,-0.0516,0.314,0.337,3.888888888888889,0,0,0,15,0,2021-06-08 15:11:55,461,3.0,1.3614457831325302,3.0,1.0,1.1686974195815552,83,-0.33739837398373984
2,121,"Comfy , Hungry , Content , Relaxed , Peaceful",2022-09-12 20:03:28,4,True,4.0,1.0,0.0,0.0,9,1,0.7506,0.681,0.0,4.111111111111111,0,0,0,20,0,2021-06-08 15:11:55,461,2.988095238095238,1.380952380952381,2.0,3.0,1.166748624282972,84,-0.4047619047619051
2,122,"Content , Calm , Relaxed , Tired , Lazy",2022-09-13 15:21:44,4,True,4.0,1.0,0.0,0.0,9,1,0.0258,0.462,0.454,3.4444444444444446,0,0,0,15,1,2021-06-08 15:11:55,462,3.0,1.3764705882352941,4.0,1.0,1.164964745021435,85,-0.37652270210409755
2,123,"Relaxed , Tired , Sore , Comfy , Content",2022-09-13 20:07:03,4,True,4.0,1.0,0.0,0.0,9,1,-0.296,0.302,0.509,3.5555555555555554,0,0,0,20,1,2021-06-08 15:11:55,462,3.011627906976744,1.372093023255814,4.0,1.0,1.1631011897358627,86,-0.39534883720930214
2,85,"Relaxed , Tired , Comfy , Content , Lazy",2022-09-14 11:54:08,4,True,4.0,1.0,-1.0,0.0,9,1,-0.296,0.302,0.509,3.5555555555555554,0,0,0,11,2,2021-06-08 15:11:55,462,3.0229885057471266,1.367816091954023,4.0,1.0,1.1611643263938147,87,-0.36839323467230445
2,86,"Content , Productive , Sore , Tired , Calm",2022-09-14 15:26:22,4,True,3.0,1.0,0.0,0.0,9,1,-0.4767,0.237,0.557,3.7777777777777777,0,0,0,15,2,2021-06-08 15:11:55,463,3.034090909090909,1.3636363636363635,4.0,1.0,1.1591600569453533,88,-0.38636363636363624
2,87,"Content , Relaxed , Satisfied , Tired , Sleepy",2022-09-14 21:24:50,4,True,3.0,1.0,-2.0,0.0,9,1,0.4767,0.55,0.266,4.222222222222222,0,0,0,21,2,2021-06-08 15:11:55,463,3.033707865168539,1.3595505617977528,3.0,1.0,1.1525607674992002,89,-0.3828282828282825
2,88,"Tired , Sleepy , Comfy , Content , Relaxed",2022-09-15 10:14:08,4,True,1.0,1.0,1.0,2.0,9,1,0.0772,0.352,0.319,3.7777777777777777,0,0,0,10,3,2021-06-08 15:11:55,463,3.033333333333333,1.3555555555555556,3.0,1.0,1.1460729235382083,90,-0.42222222222222205
2,89,"Active , Worked , Busy , Productive , Sore",2022-09-15 15:00:48,4,True,2.0,3.0,-2.0,-2.0,9,1,0.0516,0.329,0.305,3.7777777777777777,0,0,0,15,3,2021-06-08 15:11:55,463,3.010989010989011,1.3516483516483517,1.0,1.0,1.1594491555572173,91,-0.46183574879227063
2,90,"Tired , Sleepy , Exhausted , Comfy , Content",2022-09-15 20:08:19,4,True,0.0,1.0,4.0,0.0,9,1,-0.6597,0.0,0.643,4.0,0,0,0,20,3,2021-06-08 15:11:55,464,3.0,1.3695652173913044,2.0,3.0,1.1578684470436789,92,-0.5217391304347823
2,91,"Comfy , Relaxed , Rested , Content , Peaceful",2022-09-16 12:35:34,4,True,4.0,1.0,0.0,0.0,9,1,0.7506,0.681,0.0,4.111111111111111,0,0,0,12,4,2021-06-08 15:11:55,464,2.967741935483871,1.3655913978494623,0.0,1.0,1.1928374365646504,93,-0.5800185013876038
2,92,"Relaxed , Hungry , Satisfied , Content , Calm",2022-09-16 20:01:48,4,True,4.0,1.0,-3.0,0.0,9,1,0.8074,0.806,0.0,4.111111111111111,0,0,0,20,4,2021-06-08 15:11:55,465,2.978723404255319,1.3617021276595744,4.0,1.0,1.1911747468406417,94,-0.5106382978723403
2,93,"Sleepy , Tired , Sore , Comfy , Cozy",2022-09-17 11:05:25,4,True,1.0,1.0,0.0,0.0,9,1,-0.6597,0.0,0.643,3.111111111111111,0,0,0,11,5,2021-06-08 15:11:55,465,2.9894736842105263,1.3578947368421053,4.0,1.0,1.189445936114126,95,-0.48404255319148914
2,94,"Tired , Sleepy , Worked , Sore , Productive",2022-09-17 15:57:32,4,True,1.0,1.0,0.0,0.0,9,1,-0.6597,0.0,0.643,3.888888888888889,0,0,0,15,5,2021-06-08 15:11:55,466,2.96875,1.3541666666666667,1.0,1.0,1.2004659183219786,96,-0.47916666666666696
2,95,"Content , Sore , Sluggish , Tired , Sleepy",2022-09-17 20:04:56,4,True,1.0,1.0,0.0,0.0,9,1,-0.7964,0.0,0.802,3.7777777777777777,0,0,0,20,5,2021-06-08 15:11:55,466,2.948453608247423,1.3505154639175259,1.0,1.0,1.2108118318286372,97,-0.5144557823129254
2,96,"Tired , Sore , Busy , Active , Productive",2022-09-18 16:11:56,4,True,1.0,1.0,-1.0,0.0,9,1,-0.4019,0.267,0.535,3.6666666666666665,0,0,0,16,6,2021-06-08 15:11:55,467,2.9285714285714284,1.346938775510204,1.0,1.0,1.2205288696501548,98,-0.5510204081632653
2,97,"Sleepy , Tired , Sluggish , Comfy , Content",2022-09-18 20:45:26,4,True,0.0,1.0,1.0,0.0,9,1,-0.6808,0.0,0.651,3.888888888888889,0,0,0,20,6,2021-06-08 15:11:55,467,2.909090909090909,1.3434343434343434,1.0,1.0,1.2296582326818402,99,-0.5840816326530609
2,98,"Sleepy , Sore , Tired , Lethargic , Content",2022-09-19 10:24:21,4,True,1.0,1.0,0.0,0.0,9,1,-0.765,0.0,0.792,3.888888888888889,0,0,0,10,0,2021-06-08 15:11:55,467,2.88,1.34,0.0,1.0,1.2575428984389128,100,-0.56
2,99,"Sleepy , Tired , Sore , Sluggish , Productive",2022-09-19 15:03:35,4,True,1.0,1.0,3.0,0.0,9,1,-0.7964,0.0,0.802,4.111111111111111,0,0,0,15,0,2021-06-08 15:11:55,467,2.8613861386138613,1.3366336633663367,1.0,1.0,1.2651458648732723,101,-0.5913725490196078
2,141,"Relaxed , Content , Calm , Hungry , Tired",2023-03-10 20:10:29,5,True,4.0,1.0,-4.0,0.0,9,1,0.3818,0.529,0.279,3.6666666666666665,0,0,0,20,4,2021-06-08 15:11:55,640,2.843137254901961,1.3333333333333333,1.0,1.0,1.27228723669529,102,-0.5490196078431371
2,142,"Tired , Sluggish , Disappointed , Dazed , Weird",2023-03-11 15:11:51,5,True,0.0,1.0,4.0,0.0,9,1,-0.8779,0.0,1.0,4.333333333333333,0,0,0,15,5,2021-06-08 15:11:55,640,2.854368932038835,1.3300970873786409,4.0,1.0,1.2711563902357113,103,-0.5214932126696832
2,143,"Refreshed , Clean , Comfy , Hopeful , Relaxed",2023-03-11 20:00:37,5,True,4.0,1.0,-1.0,0.0,9,1,0.8481,0.821,0.0,4.111111111111111,0,0,0,20,5,2021-06-08 15:11:55,641,2.826923076923077,1.3269230769230769,0.0,1.0,1.295566058331693,104,-0.6153846153846154
2,144,"Hungry , Fatigue , Relaxed , Comfortable , Content",2023-03-12 15:01:57,5,True,3.0,1.0,-2.0,0.0,9,1,0.6705,0.619,0.19,4.666666666666667,0,0,0,15,6,2021-06-08 15:11:55,641,2.8380952380952382,1.3238095238095238,4.0,1.0,1.294394791189255,105,-0.5874455732946298
2,145,"Exhausted , Frustrated , Sore , Tired , Annoyed",2023-03-12 22:00:17,5,True,1.0,1.0,-1.0,0.0,9,1,-0.9169,0.0,1.0,4.333333333333333,0,0,0,22,6,2021-06-08 15:11:55,642,2.839622641509434,1.320754716981132,3.0,1.0,1.2883122399763793,106,-0.5849056603773586
2,146,"Sleepy , Tired , Comfy , Cozy , Awake",2023-03-13 10:16:27,5,True,0.0,1.0,2.0,1.0,9,1,-0.4404,0.0,0.42,3.2222222222222223,0,0,0,10,0,2021-06-08 15:11:55,642,2.822429906542056,1.3177570093457944,1.0,1.0,1.2944954878846682,107,-0.6135569531795948
2,147,"Sore , Productive , Accomplished , Neutral , Fine",2023-03-13 16:20:45,5,True,2.0,2.0,2.0,-1.0,9,1,0.296,0.511,0.272,4.555555555555555,0,0,0,16,0,2021-06-08 15:11:55,643,2.7962962962962963,1.3148148148148149,0.0,1.0,1.3167452031731925,108,-0.6296296296296298
2,148,"Comfy , Content , Relaxed , Hungry , Sore",2023-03-13 20:01:02,5,True,4.0,1.0,-4.0,0.0,9,1,0.1779,0.368,0.287,3.6666666666666665,0,0,0,20,0,2021-06-08 15:11:55,643,2.7889908256880735,1.3211009174311927,2.0,2.0,1.31285238299844,109,-0.6383838383838385
2,149,"Tired , Sleepy , Comfy , Chilly , Lazy",2023-03-14 10:34:15,5,True,0.0,1.0,3.0,2.0,9,1,-0.6597,0.0,0.643,3.3333333333333335,0,0,0,10,1,2021-06-08 15:11:55,643,2.8,1.3181818181818181,4.0,1.0,1.311907358555166,110,-0.5818181818181816
2,150,"Productive , Focused , Sore , Tired , Okay",2023-03-14 15:43:34,5,True,3.0,3.0,1.0,-2.0,9,1,-0.2263,0.413,0.495,3.7777777777777777,0,0,0,15,1,2021-06-08 15:11:55,644,2.774774774774775,1.3153153153153154,0.0,1.0,1.3326984565479079,111,-0.6266233766233764
2,151,"Cozy , Relaxed , Comfy , Tired , Sore",2023-03-14 20:07:45,5,True,4.0,1.0,-1.0,0.0,9,1,-0.296,0.302,0.509,3.2222222222222223,0,0,0,20,1,2021-06-08 15:11:55,644,2.7767857142857144,1.3303571428571428,3.0,3.0,1.3268524119273113,112,-0.5535714285714284
2,152,"Patient , Productive , Hungry , Relaxed , Tired",2023-03-15 11:07:34,5,True,3.0,1.0,1.0,0.0,9,1,0.0772,0.352,0.319,4.333333333333333,0,0,0,11,2,2021-06-08 15:11:55,644,2.7876106194690267,1.3274336283185841,4.0,1.0,1.3259183302366886,113,-0.5272556390977443
2,153,"Content , Calm , Relaxed , Comfy , Good",2023-03-15 15:08:34,5,True,4.0,1.0,0.0,0.0,9,1,0.8126,0.808,0.0,3.4444444444444446,0,0,0,15,2,2021-06-08 15:11:55,644,2.789473684210526,1.3245614035087718,3.0,1.0,1.320188269025684,114,-0.42105263157894735
2,154,"Clean , Refreshed , Relaxed , Comfy , Content",2023-03-15 21:13:49,5,True,4.0,1.0,-4.0,0.0,9,1,0.7096,0.663,0.0,4.111111111111111,0,0,0,21,2,2021-06-08 15:11:55,645,2.8,1.3217391304347825,4.0,1.0,1.3192235887797725,115,-0.39655172413793105
2,155,"Tired , Sleepy , Comfy , Cozy , Relaxed",2023-03-16 10:15:36,5,True,0.0,1.0,3.0,0.0,9,1,0.0772,0.352,0.319,3.4444444444444446,0,0,0,10,3,2021-06-08 15:11:55,645,2.810344827586207,1.3189655172413792,4.0,1.0,1.318192392789382,116,-0.31034482758620685
2,156,"Tired , Accomplished , Focused , Content , Calm",2023-03-16 17:53:55,5,True,3.0,1.0,0.0,0.0,9,1,0.5994,0.667,0.248,4.333333333333333,0,0,0,17,3,2021-06-08 15:11:55,646,2.786324786324786,1.3162393162393162,0.0,1.0,1.3379671909091446,117,-0.3553477498538866
2,157,"Productive , Sore , Relaxed , Comfy , Content",2023-03-16 20:12:17,5,True,3.0,1.0,-2.0,0.0,9,1,0.1779,0.368,0.287,4.111111111111111,0,0,0,20,3,2021-06-08 15:11:55,646,2.788135593220339,1.3135593220338984,3.0,1.0,1.3323823205536782,118,-0.3898305084745761
2,158,"Tired , Sleepy , Sore , Cramped , Excited",2023-03-17 15:39:27,5,True,1.0,1.0,2.0,1.0,9,1,-0.4588,0.245,0.551,3.6666666666666665,0,0,0,15,4,2021-06-08 15:11:55,647,2.7899159663865545,1.3109243697478992,3.0,1.0,1.326866766712966,119,-0.3830508474576271
2,159,"Happy , Tired , Sleepy , Relaxed , Sore",2023-03-17 20:15:51,5,True,3.0,2.0,1.0,-1.0,9,1,0.3612,0.519,0.406,3.4444444444444446,0,0,0,20,4,2021-06-08 15:11:55,647,2.775,1.3083333333333333,1.0,1.0,1.3313448056745625,120,-0.4500000000000002
2,160,"Relaxed , Content , Calm , Sleepy , Comfy",2023-03-18 10:25:09,5,True,4.0,1.0,0.0,0.0,9,1,0.6705,0.647,0.0,3.6666666666666665,0,0,0,10,5,2021-06-08 15:11:55,647,2.7768595041322315,1.3140495867768596,3.0,2.0,1.3259437098772653,121,-0.44262295081967196
2,161,"Happy , Content , Calm , Relaxed , Comfy",2023-03-18 15:05:32,5,True,4.0,1.0,-1.0,1.0,9,1,0.8481,0.821,0.0,3.5555555555555554,0,0,0,15,5,2021-06-08 15:11:55,647,2.7868852459016393,1.3114754098360655,4.0,1.0,1.3250885402927717,122,-0.4590163934426226
2,162,"Focused , Content , Playful , Happy , Comfy",2023-03-18 20:03:11,5,True,3.0,2.0,-1.0,-1.0,9,1,0.8481,0.821,0.0,3.888888888888889,0,0,0,20,5,2021-06-08 15:11:55,648,2.796747967479675,1.3089430894308942,4.0,1.0,1.3241721793441794,123,-0.4357482813326281
2,124,"Sleepy , Awake , Rested , Comfy , Content",2023-03-19 10:40:55,5,True,2.0,1.0,1.0,1.0,9,1,0.0,0.0,0.0,3.6666666666666665,0,0,0,10,6,2021-06-08 15:11:55,648,2.7983870967741935,1.314516129032258,3.0,2.0,1.3189046866681005,124,-0.467741935483871
2,125,"Content , Calm , Happy , Relaxed , Cozy",2023-03-19 16:01:29,5,True,3.0,2.0,1.0,-1.0,9,1,0.8481,0.821,0.0,3.4444444444444446,0,0,0,16,6,2021-06-08 15:11:55,649,2.792,1.312,2.0,1.0,1.3155153534494723,125,-0.47670250896057365
2,126,"Comfy , Content , Calm , Happy , Relaxed",2023-03-19 21:51:43,5,True,4.0,1.0,-1.0,2.0,9,1,0.8481,0.821,0.0,3.5555555555555554,0,0,0,21,6,2021-06-08 15:11:55,649,2.7936507936507935,1.3174603174603174,3.0,2.0,1.310373750148928,126,-0.5079365079365079
2,127,"Productive , Content , Calm , Relaxed , Good",2023-03-20 10:01:51,5,True,3.0,3.0,0.0,-2.0,9,1,0.8126,0.808,0.0,4.0,0,0,0,10,0,2021-06-08 15:11:55,649,2.8031496062992125,1.31496062992126,4.0,1.0,1.3095459656577462,127,-0.48511904761904745
2,128,"Content , Sore , Calm , Hungry , Relaxed",2023-03-20 17:03:02,5,True,3.0,1.0,1.0,0.0,9,1,0.4588,0.55,0.25,3.5555555555555554,0,0,0,17,0,2021-06-08 15:11:55,650,2.8046875,1.328125,3.0,3.0,1.3044961241012851,128,-0.484375
2,129,"Relaxed , Content , Hungry , Calm , Tired",2023-03-20 21:28:09,5,True,4.0,1.0,0.0,0.0,9,1,0.3818,0.529,0.279,3.6666666666666665,0,0,0,21,0,2021-06-08 15:11:55,650,2.806201550387597,1.3255813953488371,3.0,1.0,1.2995042286618685,129,-0.47764423076923057
2,130,"Comfy , Cozy , Rested , Sleepy , Content",2023-03-21 11:27:16,5,True,4.0,1.0,0.0,0.0,9,1,0.0,0.0,0.0,3.5555555555555554,0,0,0,11,1,2021-06-08 15:11:55,650,2.8153846153846156,1.323076923076923,4.0,1.0,1.298685175189739,130,-0.46153846153846123
2,131,"Relaxed , Tired , Content , Calm , Comfy",2023-03-21 17:31:20,5,True,4.0,1.0,0.0,0.0,9,1,0.3818,0.529,0.279,3.5555555555555554,0,0,0,17,1,2021-06-08 15:11:55,651,2.8244274809160306,1.3206106870229009,4.0,1.0,1.2978142336579392,131,-0.44009324009324
2,132,"Comfy , Relaxed , Content , Calm , Tired",2023-03-21 21:49:23,5,True,4.0,1.0,0.0,0.0,9,1,0.3818,0.529,0.279,3.5555555555555554,0,0,0,21,1,2021-06-08 15:11:55,651,2.8333333333333335,1.3181818181818181,4.0,1.0,1.2968939209662391,132,-0.4545454545454546
2,133,"Relaxed , Content , Calm , Comfy , Good",2023-03-22 11:22:36,5,True,4.0,1.0,0.0,0.0,9,1,0.8126,0.808,0.0,3.4444444444444446,0,0,0,11,2,2021-06-08 15:11:55,651,2.8421052631578947,1.3157894736842106,4.0,1.0,1.2959266326920573,133,-0.4337403889642695
2,134,"Comfy , Productive , Calm , Content , Good",2023-03-22 15:00:58,5,True,4.0,1.0,0.0,0.0,9,1,0.6369,0.634,0.0,3.7777777777777777,0,0,0,15,2,2021-06-08 15:11:55,651,2.8507462686567164,1.3134328358208955,4.0,1.0,1.2949146497642006,134,-0.4477611940298507
2,135,"Sleepy , Comfy , Content , Calm , Relaxed",2023-03-22 22:12:32,5,True,4.0,1.0,-1.0,0.0,9,1,0.6705,0.647,0.0,3.6666666666666665,0,0,0,22,2,2021-06-08 15:11:55,652,2.859259259259259,1.3111111111111111,4.0,1.0,1.2938601447119675,135,-0.4275680421422301
2,136,"Sore , Tired , Comfy , Relaxed , Fine",2023-03-23 10:47:53,5,True,3.0,1.0,-1.0,0.0,9,1,-0.1027,0.439,0.474,3.2222222222222223,0,0,0,10,3,2021-06-08 15:11:55,652,2.8676470588235294,1.3088235294117647,4.0,1.0,1.2927651875206725,136,-0.4411764705882355
2,137,"Sedated , Comfy , Content , Calm , Sleepy",2023-03-23 15:03:09,5,True,2.0,1.0,0.0,0.0,9,1,0.3182,0.365,0.0,3.6666666666666665,0,0,0,15,3,2021-06-08 15:11:55,652,2.8686131386861313,1.3065693430656935,3.0,1.0,1.2880532406342755,137,-0.43606138107416914
2,138,"Good , Sleepy , Drowsy , Comfy , Calm",2023-03-23 21:25:36,5,True,2.0,1.0,1.0,0.0,9,1,0.6369,0.634,0.0,3.2222222222222223,0,0,0,21,3,2021-06-08 15:11:55,653,2.86231884057971,1.3043478260869565,2.0,1.0,1.2854720453399486,138,-0.4782608695652173
2,139,"Sore , Sleepy , Warm , Content , Relaxed",2023-03-24 11:13:43,5,True,3.0,1.0,0.0,0.0,9,1,0.3818,0.531,0.26,3.5555555555555554,0,0,0,11,4,2021-06-08 15:11:55,653,2.856115107913669,1.3021582733812949,2.0,1.0,1.2828927405498889,139,-0.4871635610766045
2,140,"Sore , Sleepy , Content , Comfy , Relaxed",2023-03-24 15:01:07,5,True,3.0,1.0,1.0,0.0,9,1,0.1779,0.368,0.287,3.6666666666666665,0,0,0,15,4,2021-06-08 15:11:55,653,2.857142857142857,1.3,3.0,1.0,1.2783275301772405,140,-0.4285714285714288
2,176,"Relaxed , Rested , Warm , Content , Calm",2023-06-27 15:00:27,6,True,4.0,1.0,0.0,0.0,9,1,0.7506,0.787,0.0,3.5555555555555554,0,0,0,15,1,2021-06-08 15:11:55,748,2.858156028368794,1.297872340425532,3.0,1.0,1.2738107074202192,141,-0.4235412474849096
2,177,"Refreshed , Relaxed , Content , Calm , Comfy",2023-06-27 20:00:31,6,True,4.0,1.0,-3.0,0.0,9,1,0.6705,0.647,0.0,4.0,0,0,0,20,1,2021-06-08 15:11:55,749,2.8661971830985915,1.295774647887324,4.0,1.0,1.2728973664533696,142,-0.408450704225352
2,178,"Sleepy , Tired , Comfy , Content , Cozy",2023-06-28 10:16:43,6,True,1.0,1.0,0.0,2.0,9,1,-0.4404,0.0,0.42,3.4444444444444446,0,0,0,10,2,2021-06-08 15:11:55,749,2.874125874125874,1.2937062937062938,4.0,1.0,1.2719461237767122,143,-0.38986697965571215
2,179,"Stressed , Annoyed , Edgy , Clean , Tired",2023-06-28 17:29:55,6,True,1.0,3.0,2.0,-2.0,9,1,-0.6369,0.233,0.681,3.6666666666666665,0,0,0,17,2,2021-06-08 15:11:55,750,2.861111111111111,1.2916666666666667,1.0,1.0,1.2770765955590255,144,-0.38888888888888884
2,180,"Tired , Sore , Exhausted , Content , Calm",2023-06-29 10:22:22,6,True,3.0,1.0,1.0,0.0,9,1,-0.6808,0.205,0.705,3.6666666666666665,0,0,0,10,3,2021-06-08 15:11:55,750,2.8482758620689657,1.303448275862069,1.0,3.0,1.2819854094482956,145,-0.4117199391171993
2,181,"Content , Calm , Relaxed , Sleepy , Tired",2023-06-29 15:26:13,6,True,4.0,1.0,-3.0,0.0,9,1,0.3818,0.529,0.279,3.6666666666666665,0,0,0,15,3,2021-06-08 15:11:55,751,2.8493150684931505,1.3013698630136987,3.0,1.0,1.277618829096155,146,-0.4383561643835616
2,182,"Tired , Sleepy , Content , Calm , Comfy",2023-06-29 21:20:18,6,True,1.0,1.0,1.0,0.0,9,1,-0.1531,0.28,0.354,3.4444444444444446,0,0,0,21,3,2021-06-08 15:11:55,751,2.857142857142857,1.2993197278911566,4.0,1.0,1.2767681803292914,147,-0.41984450203628265
2,183,"Sleepy , Rested , Sore , Comfy , Calm",2023-06-30 11:59:05,6,True,2.0,1.0,2.0,0.0,9,1,-0.0516,0.295,0.321,3.2222222222222223,0,0,0,11,4,2021-06-08 15:11:55,751,2.8445945945945947,1.2972972972972974,1.0,1.0,1.2815426388570448,148,-0.47297297297297325
2,184,"Calm , Tired , Content , Comfy , Relaxed",2023-06-30 17:13:09,6,True,4.0,1.0,0.0,0.0,9,1,0.3818,0.529,0.279,3.5555555555555554,0,0,0,17,4,2021-06-08 15:11:55,752,2.838926174496644,1.2953020134228188,2.0,1.0,1.2790786067911568,149,-0.48108108108108105
2,185,"Relaxed , Content , Calm , Comfy , Rested",2023-06-30 20:26:32,6,True,4.0,1.0,-1.0,0.0,9,1,0.6705,0.647,0.0,3.6666666666666665,0,0,0,20,4,2021-06-08 15:11:55,752,2.8466666666666667,1.2933333333333332,4.0,1.0,1.2782993456159777,150,-0.4666666666666668
2,186,"Tired , Sore , Relaxed , Comfy , Content",2023-07-01 10:02:54,6,True,3.0,1.0,1.0,0.0,9,1,-0.296,0.302,0.509,3.5555555555555554,0,0,0,10,5,2021-06-08 15:11:55,752,2.8543046357615895,1.2913907284768211,4.0,1.0,1.2774837298031234,151,-0.44842105263157883
2,187,"Peaceful , Relaxed , Content , Satisfied , Comfy",2023-07-01 16:47:20,6,True,4.0,1.0,0.0,0.0,9,1,0.8481,0.821,0.0,4.444444444444445,0,0,0,16,5,2021-06-08 15:11:55,753,2.8552631578947367,1.2894736842105263,3.0,1.0,1.2733014643166878,152,-0.4473684210526314
2,188,"Happy , Content , Comfy , Calm , Relaxed",2023-07-01 20:55:14,6,True,4.0,1.0,0.0,0.0,9,1,0.8481,0.821,0.0,3.5555555555555554,0,0,0,20,5,2021-06-08 15:11:55,753,2.8627450980392157,1.2875816993464053,4.0,1.0,1.2724759512225088,153,-0.4295967190704033
2,189,"Calm , Comfy , Warm , Relaxed , Content",2023-07-02 10:44:30,6,True,4.0,1.0,0.0,0.0,9,1,0.7506,0.787,0.0,3.4444444444444446,0,0,0,10,6,2021-06-08 15:11:55,753,2.8701298701298703,1.2857142857142858,4.0,1.0,1.271617253948629,154,-0.36363636363636376
2,190,"Sleepy , Comfy , Relaxed , Content , Shakey",2023-07-02 20:08:41,6,True,4.0,1.0,0.0,0.0,9,1,0.4939,0.444,0.0,3.888888888888889,0,0,0,20,6,2021-06-08 15:11:55,754,2.8774193548387097,1.2838709677419355,4.0,1.0,1.270726777784588,155,-0.3468198468198467
2,191,"Relaxed , Comfy , Productive , Calm , Content",2023-07-03 12:59:27,6,True,4.0,1.0,0.0,0.0,9,1,0.6705,0.647,0.0,4.111111111111111,0,0,0,12,0,2021-06-08 15:11:55,754,2.8846153846153846,1.2820512820512822,4.0,1.0,1.269805870159222,156,-0.3076923076923075
2,192,"Full , Satisfied , Content , Calm , Comfy",2023-07-03 15:28:20,6,True,4.0,1.0,0.0,0.0,9,1,0.6249,0.63,0.0,3.6666666666666665,0,0,0,15,0,2021-06-08 15:11:55,755,2.8917197452229297,1.2802547770700636,4.0,1.0,1.2688558233467506,157,-0.29162609542356366
2,193,"Tired , Relaxed , Comfy , Calm , Content",2023-07-03 20:30:41,6,True,4.0,1.0,-1.0,0.0,9,1,0.3818,0.529,0.279,3.5555555555555554,0,0,0,20,0,2021-06-08 15:11:55,755,2.8987341772151898,1.2784810126582278,4.0,1.0,1.2678778770267178,158,-0.22784810126582267
2,194,"Refreshed , Relaxed , Content , Calm , Chill",2023-07-04 10:04:44,6,True,3.0,1.0,0.0,1.0,9,1,0.6705,0.647,0.0,4.0,0,0,0,10,1,2021-06-08 15:11:55,755,2.9056603773584904,1.2767295597484276,4.0,1.0,1.2668732207068556,159,-0.2126582278481015
2,195,"Relaxed , Comfy , Sleepy , Content , Pleased",2023-07-04 15:12:53,6,True,3.0,2.0,-3.0,-1.0,9,1,0.7269,0.67,0.0,4.0,0,0,0,15,1,2021-06-08 15:11:55,756,2.90625,1.275,3.0,1.0,1.2629050816601455,160,-0.1875
2,196,"Tired , Sleepy , Exhausted , Content , Relaxed",2023-07-04 21:59:35,6,True,0.0,1.0,4.0,0.0,9,1,-0.296,0.302,0.509,4.222222222222222,0,0,0,21,1,2021-06-08 15:11:55,756,2.906832298136646,1.279503105590062,3.0,2.0,1.2589739981231982,161,-0.18518518518518512
2,197,"Relaxed , Tired , Content , Calm , Peaceful",2023-07-05 11:33:48,6,True,4.0,1.0,0.0,0.0,9,1,0.7003,0.69,0.23,3.888888888888889,0,0,0,11,2,2021-06-08 15:11:55,756,2.888888888888889,1.2777777777777777,0.0,1.0,1.2756681357416528,162,-0.19753086419753085
2,198,"Full , Satisfied , Relaxed , Content , Calm",2023-07-05 15:54:38,6,True,4.0,1.0,0.0,0.0,9,1,0.8074,0.806,0.0,3.888888888888889,0,0,0,15,2,2021-06-08 15:11:55,757,2.895705521472393,1.2760736196319018,4.0,1.0,1.2746991750296135,163,-0.18277627220716663
2,199,"Hot , Relaxed , Comfy , Content , Calm",2023-07-05 20:03:13,6,True,4.0,1.0,0.0,0.0,9,1,0.6705,0.647,0.0,3.3333333333333335,0,0,0,20,2,2021-06-08 15:11:55,757,2.902439024390244,1.274390243902439,4.0,1.0,1.27370534387182,164,-0.19512195121951237
2,163,"Relaxed , Refreshed , Calm , Content , Comfy",2023-07-06 11:26:59,6,True,4.0,1.0,0.0,0.0,9,1,0.6705,0.647,0.0,4.0,0,0,0,11,3,2021-06-08 15:11:55,757,2.909090909090909,1.2727272727272727,4.0,1.0,1.2726876775595706,165,-0.1807228915662651
2,164,"Happy , Content , Clean , Comfy , Satisfied",2023-07-06 17:15:45,6,True,4.0,1.0,0.0,0.0,9,1,0.8481,0.821,0.0,3.888888888888889,0,0,0,17,3,2021-06-08 15:11:55,758,2.9156626506024095,1.2710843373493976,4.0,1.0,1.2716471711641957,166,-0.1686746987951806
2,165,"Sleepy , Relaxed , Content , Calm , Happy",2023-07-06 22:40:10,6,True,4.0,1.0,0.0,0.0,9,1,0.8481,0.821,0.0,3.6666666666666665,0,0,0,22,3,2021-06-08 15:11:55,758,2.9221556886227544,1.2694610778443114,4.0,1.0,1.2705847812949786,167,-0.15476190476190466
2,166,"Focused , Content , Calm , Happy , Relaxed",2023-07-07 12:30:48,6,True,4.0,1.0,0.0,0.0,9,1,0.8957,0.922,0.0,3.7777777777777777,0,0,0,12,4,2021-06-08 15:11:55,758,2.9285714285714284,1.2678571428571428,4.0,1.0,1.2695014277687633,168,-0.11904761904761907
2,167,"Relaxed , Content , Calm , Happy , Pleased",2023-07-07 16:03:28,6,True,4.0,1.0,0.0,0.0,9,1,0.9022,0.924,0.0,3.7777777777777777,0,0,0,16,4,2021-06-08 15:11:55,759,2.93491124260355,1.2662721893491125,4.0,1.0,1.268397995196338,169,-0.10574229691876758
2,168,"Happy , Content , Calm , Pleased , Relaxed",2023-07-07 21:11:09,6,True,4.0,1.0,0.0,0.0,9,1,0.9022,0.924,0.0,3.7777777777777777,0,0,0,21,4,2021-06-08 15:11:55,759,2.9411764705882355,1.2647058823529411,4.0,1.0,1.267275334490334,170,-0.11764705882352944
2,169,"Relaxed , Rested , Content , Calm , Comfy",2023-07-08 12:00:30,6,True,4.0,1.0,0.0,1.0,9,1,0.6705,0.647,0.0,3.6666666666666665,0,0,0,12,5,2021-06-08 15:11:55,759,2.9473684210526314,1.263157894736842,4.0,1.0,1.26613426429909,171,-0.10465116279069786
2,170,"Full , Satisfied , Hot , Content , Calm",2023-07-08 17:21:54,6,True,4.0,2.0,-2.0,-1.0,9,1,0.6249,0.63,0.0,3.4444444444444446,0,0,0,17,5,2021-06-08 15:11:55,760,2.953488372093023,1.2616279069767442,4.0,1.0,1.2649755723706329,172,-0.11627906976744207
2,172,"Sleepy , Relaxed , Content , Calm , Comfy",2023-07-09 12:01:21,6,True,2.0,1.0,1.0,0.0,9,1,0.6705,0.647,0.0,3.6666666666666665,0,0,0,12,6,2021-06-08 15:11:55,760,2.959537572254335,1.2658959537572254,4.0,2.0,1.263800016850667,173,-0.10358192996524984
2,173,"Tired , Hungry , Relaxed , Content , Bored",2023-07-09 15:18:29,6,True,3.0,1.0,0.0,0.0,9,1,-0.2023,0.314,0.49,3.7777777777777777,0,0,0,15,6,2021-06-08 15:11:55,761,2.954022988505747,1.264367816091954,2.0,1.0,1.2622399209205768,174,-0.1379310344827589
2,174,"Clean , Refreshed , Hungry , Comfy , Relaxed",2023-07-10 17:44:51,6,True,3.0,1.0,0.0,1.0,9,1,0.7096,0.663,0.0,4.0,0,0,0,17,0,2021-06-08 15:11:55,762,2.954285714285714,1.262857142857143,3.0,1.0,1.2586123669788039,175,-0.1366248693834904
2,175,"Relaxed , Clean , Comfy , Content , Happy",2023-07-10 21:53:13,6,True,3.0,2.0,0.0,0.0,9,1,0.8625,0.828,0.0,3.6666666666666665,0,0,0,21,0,2021-06-08 15:11:55,762,2.9545454545454546,1.2613636363636365,3.0,1.0,1.2550159102835847,176,-0.15909090909090917
3,251,I ' ve been feeling just fine . Nice and relaxed .. Im on my days off from work spending time with my daughters at home . I ' m not sure what else to say . I ' m in a good mood .....................................................,2021-06-08 12:26:16,1,False,3.0,2.0,-1.0,0.0,45,0,0.8496,0.296,0.048,4.133333333333334,5,0,0,12,1,2021-06-08 12:26:16,0,2.0,1.0,2.0,1.0,0.0,0,0.0
3,252,I ' ve been feeling pretty good . This is my last day off before I return to work so I am going to try and clean the house some and maybe tackle some laundry . I think im getting a cold but im in pretty high spirits .,2021-06-09 13:41:40,1,False,2.0,2.0,1.0,0.0,49,0,0.8573,0.247,0.0,3.4489795918367347,5,0,1,13,2,2021-06-08 12:26:16,1,3.0,2.0,3.0,2.0,0.0,1,0.0
3,253,Still feeling sick today and sneezing alot with a runny nose but otherwise I ' m feeling pretty good . I have work in a couple hours at the restaurant and it ' s Friday night so I ' m sure I ' ll be busy making a ton of drinks .,2021-06-11 15:13:48,1,False,3.0,2.0,0.0,0.0,52,0,0.9183,0.32,0.045,3.4038461538461537,4,0,1,15,4,2021-06-08 12:26:16,3,2.5,2.0,2.0,2.0,0.7071067811865476,2,-1.0
3,254,I ' m still feeling kinda sickly but I powered through at work last night . It ' s was so crazy busy that I could barely keep up . I love when that happens haha . I ended out the night very sore but over 300 dollars richer so I can ' t complain,2021-06-12 12:20:03,1,False,3.0,2.0,1.0,0.0,55,0,0.5752,0.255,0.193,3.4545454545454546,6,0,3,12,5,2021-06-08 12:26:16,3,2.6666666666666665,2.0,3.0,2.0,0.5773502691896258,3,-0.5
3,255,I ' m feeling so much better today ! Seems like this cold is almost gone thank god . Last night was busy at the bar and I did pretty decent . I ' m pretty exhausted today but it ' s my last day to work and then I ' m off for three days,2021-06-13 14:54:41,1,False,4.0,2.0,0.0,0.0,56,0,0.7821,0.266,0.037,3.2142857142857144,5,1,1,14,6,2021-06-08 12:26:16,5,2.75,2.0,3.0,2.0,0.5,4,0.5
4,279,"Motivated , Friendly , Attentive , Anxious , Overwhelmed",2021-06-11 13:42:03,1,True,3.0,1.0,0.0,1.0,9,1,0.6597,0.712,0.192,5.333333333333333,0,0,0,13,4,2021-06-11 13:42:03,0,2.0,1.0,2.0,1.0,0.0,0,0.0
4,280,"Active , Competitive , Nostalgic , Sociable , Nervous",2021-06-12 19:43:30,1,True,3.0,2.0,0.0,-1.0,9,1,0.6369,0.702,0.202,5.0,0,0,0,19,5,2021-06-11 13:42:03,1,3.0,1.0,3.0,1.0,0.0,1,0.0
4,281,"Anxious , Nervous , Tired , Overwhelmed , Positive",2021-06-13 14:06:41,1,True,3.0,1.0,1.0,0.0,9,1,-0.296,0.407,0.593,4.666666666666667,0,0,0,14,6,2021-06-11 13:42:03,2,3.0,1.5,3.0,2.0,0.0,2,0.0
4,282,"Stressed , Overtired , Overworked , Impatient , Hungry",2021-06-14 14:01:15,1,True,4.0,1.0,-2.0,1.0,9,1,-0.5574,0.0,0.605,5.111111111111111,0,0,0,14,0,2021-06-11 13:42:03,3,3.0,1.3333333333333333,3.0,1.0,0.0,3,0.0
4,283,"Frustrated , Stuck , Unfulfilled , Angry , Anxious",2021-06-15 12:03:56,1,True,2.0,2.0,-2.0,1.0,9,1,-0.91,0.0,1.0,4.666666666666667,0,0,0,12,1,2021-06-11 13:42:03,3,3.25,1.25,4.0,1.0,0.5,4,0.5
4,284,"Nervous , Anxious , Overwhelmed , Over worked , Tired",2021-06-16 12:24:40,1,True,0.0,3.0,2.0,-1.0,10,1,-0.7003,0.118,0.686,4.4,0,0,0,12,2,2021-06-11 13:42:03,4,3.0,1.4,2.0,2.0,0.7071067811865476,5,0.0
4,285,"Relaxed , Outgoing , Cheerful , Attentive , Aware",2021-06-17 14:02:11,1,True,2.0,2.0,0.0,0.0,9,1,0.836,0.817,0.0,4.555555555555555,0,0,0,14,3,2021-06-11 13:42:03,6,2.5,1.6666666666666667,0.0,3.0,1.378404875209022,6,-1.0
4,286,"Stressed , Overwhelmed , Anxious , Fearful , Confused",2021-06-18 13:58:56,1,True,2.0,2.0,0.0,0.0,9,1,-0.8271,0.108,0.892,5.0,0,0,0,13,4,2021-06-11 13:42:03,7,2.4285714285714284,1.7142857142857142,2.0,2.0,1.2724180205607034,7,-1.0
6,307,"Tired , Calm , Exhausted , Happy , Content",2022-02-12 22:19:32,2,True,4.0,1.0,-1.0,2.0,9,1,0.1531,0.484,0.435,3.7777777777777777,0,0,0,22,5,2022-02-12 22:19:32,0,2.0,1.0,2.0,1.0,0.0,0,0.0
6,308,"Calm , Relaxed , Happy , Focused , Hungry",2022-02-13 20:21:12,2,True,3.0,3.0,-1.0,-1.0,9,1,0.8957,0.922,0.0,3.6666666666666665,0,0,0,20,6,2022-02-12 22:19:32,0,4.0,1.0,4.0,1.0,0.0,1,0.0
6,309,"Frustrated , Angry , Tired , Hungry , Excited",2022-02-14 20:51:50,2,True,2.0,2.0,1.0,1.0,9,1,-0.802,0.185,0.738,4.111111111111111,0,0,0,20,0,2022-02-12 22:19:32,1,3.5,2.0,3.0,3.0,0.7071067811865476,2,-1.0
6,310,"Happy , Excited , Sore , Hungry , Celebrating",2022-02-15 12:17:14,2,True,3.0,3.0,-3.0,-2.0,9,1,0.8074,0.737,0.188,4.111111111111111,0,0,0,12,1,2022-02-12 22:19:32,2,3.0,2.0,2.0,2.0,1.0,3,-1.5
6,311,"hungover , tired , exhausted , happy , excited",2022-02-16 10:40:46,2,True,0.0,1.0,0.0,0.0,9,1,0.1779,0.488,0.432,4.222222222222222,0,0,0,10,2,2022-02-12 22:19:32,3,3.0,2.25,3.0,3.0,0.816496580927726,4,-1.0
6,312,"Exhausted , Sleepy , Content , Happy , Celebrating",2022-02-17 15:00:49,2,True,0.0,1.0,2.0,0.0,9,1,0.7096,0.622,0.21,4.666666666666667,0,0,0,15,3,2022-02-12 22:19:32,4,2.4,2.0,0.0,1.0,1.5165750888103102,5,-1.8333333333333333
6,313,"Tired , Calm , Relaxed , Content , Positive",2022-02-17 20:00:44,2,True,2.0,1.0,2.0,0.0,9,1,0.7351,0.7,0.223,3.888888888888889,0,0,0,20,3,2022-02-12 22:19:32,4,2.0,1.8333333333333333,0.0,1.0,1.6733200530681511,6,-2.0
6,314,"Calm , Happy , Relaxed , Busy , Gracious",2022-02-18 10:01:24,2,True,4.0,1.0,-1.0,2.0,9,1,0.9153,0.928,0.0,3.5555555555555554,0,0,0,10,4,2022-02-12 22:19:32,5,2.0,1.7142857142857142,2.0,1.0,1.5275252316519468,7,-1.75
6,315,"Happy , Relieved , Tired , Hungry , Optimistic",2022-02-19 20:56:13,2,True,3.0,3.0,-3.0,-2.0,9,1,0.6908,0.688,0.232,4.222222222222222,0,0,0,20,5,2022-02-12 22:19:32,6,2.25,1.625,4.0,1.0,1.5811388300841898,8,-1.5
6,316,"Sore , Exhausted , Happy , Grateful , Eager",2022-02-20 21:52:40,2,True,0.0,1.0,2.0,1.0,9,1,0.6369,0.648,0.352,3.888888888888889,0,0,0,21,6,2022-02-12 22:19:32,7,2.3333333333333335,1.7777777777777777,3.0,3.0,1.5,9,-1.2
6,304,"Tired , Exhausted , Sleepy , Calm , Positive",2022-02-21 22:59:42,2,True,2.0,2.0,-1.0,1.0,9,1,0.128,0.48,0.439,4.0,0,0,0,22,0,2022-02-12 22:19:32,9,2.1,1.7,0.0,1.0,1.5951314818673865,10,-0.5999999999999999
6,305,"Sore , Fatigued , Happy , Anxious , Disappointed",2022-02-22 10:00:40,2,True,1.0,3.0,1.0,-1.0,9,1,-0.6486,0.27,0.73,4.444444444444445,0,0,0,10,1,2022-02-12 22:19:32,9,2.090909090909091,1.7272727272727273,2.0,2.0,1.5135749373285392,11,-0.5666666666666667
6,306,"Tired , Sore , Productive , Optimistic , Hungry",2022-02-24 10:00:33,2,True,2.0,2.0,0.0,1.0,9,1,-0.4767,0.237,0.557,4.333333333333333,0,0,0,10,3,2022-02-12 22:19:32,11,2.0,1.8333333333333333,1.0,3.0,1.4770978917519928,12,0.0
6,321,"Anxious , Eager , Excited , Happy , Positive",2022-05-15 10:03:00,3,True,2.0,3.0,2.0,-2.0,9,1,0.8807,0.859,0.141,4.0,0,0,0,10,6,2022-02-12 22:19:32,91,2.0,1.8461538461538463,2.0,2.0,1.4142135623730951,13,0.0
6,322,"Content , Happy , Positive , Hungry , Eager",2022-05-16 12:47:00,3,True,4.0,1.0,-2.0,1.0,9,1,0.8689,0.831,0.0,3.888888888888889,0,0,0,12,0,2022-02-12 22:19:32,92,2.0,1.9285714285714286,2.0,3.0,1.3587324409735149,14,0.0
6,323,"Hungry , Starved , Eager , Tired , Relaxed",2022-05-16 15:06:00,3,True,2.0,2.0,0.0,-1.0,9,1,-0.2023,0.432,0.492,3.7777777777777777,0,0,0,15,0,2022-02-12 22:19:32,92,2.1333333333333333,1.8666666666666667,4.0,1.0,1.4074631010979937,15,0.25
6,324,"Tired , Exhausted , Hungry , Calm , Neutral",2022-05-18 20:07:00,3,True,2.0,1.0,2.0,0.0,9,1,-0.4767,0.237,0.557,3.888888888888889,0,0,0,20,2,2022-02-12 22:19:32,94,2.125,1.875,2.0,2.0,1.3601470508735443,16,-0.25
6,325,"Calm , Happy , Positive , Peaceful , Hopeful",2022-05-19 10:09:00,3,True,4.0,1.0,-2.0,1.0,9,1,0.9442,1.0,0.0,4.0,0,0,0,10,3,2022-02-12 22:19:32,95,2.1176470588235294,1.8235294117647058,2.0,1.0,1.3173056280328643,17,-0.25
6,326,"Calm , Bored , Lazy , Unmotivated , Eager",2022-05-19 16:19:00,3,True,2.0,2.0,-2.0,-1.0,9,1,-0.296,0.407,0.593,3.6666666666666665,0,0,0,16,3,2022-02-12 22:19:32,95,2.2222222222222223,1.7777777777777777,4.0,1.0,1.3527990831890464,18,-0.22222222222222232
6,327,"Hungry , Impatient , Tired , Bored , Exhausted",2022-05-19 20:34:00,3,True,0.0,1.0,1.0,2.0,9,1,-0.8271,0.0,0.907,4.222222222222222,0,0,0,20,3,2022-02-12 22:19:32,95,2.210526315789474,1.7894736842105263,2.0,2.0,1.3156725094212405,19,-0.2333333333333334
6,328,"Busy , Irritated , Hungry , Anxious , Frustrated",2022-05-20 15:02:00,3,True,1.0,3.0,0.0,0.0,9,1,-0.8126,0.0,0.808,4.444444444444445,0,0,0,15,4,2022-02-12 22:19:32,96,2.1,1.75,0.0,1.0,1.3726654823065194,20,0.0
7,347,I have been feeling somewhat down . I am trying to be more productive and get things done . I am having trouble finding the energy and motivation . I can ' t type any more characters . I ' m pretty sure this is over 200 .,2021-03-11 12:10:58,1,False,1.0,1.0,2.0,2.0,48,0,0.8096,0.282,0.063,3.625,5,0,0,12,3,2021-03-11 12:10:58,0,2.0,1.0,2.0,1.0,0.0,0,0.0
7,348,The last day has been much better than yesterday . Friends surprised with visit and we had a late night get together . My schedule at work changed to a more consistent schedule . What a relief ! This 200 character minimum is very frustrating .,2021-03-12 12:43:39,1,False,3.0,3.0,0.0,0.0,46,0,0.7963,0.238,0.067,4.304347826086956,1,1,1,12,4,2021-03-11 12:10:58,1,1.0,1.0,1.0,1.0,0.0,1,0.0
8,368,"Mediocre , today I ' ve been having dizzy spells , a headache and i am sick to my stomach . I got sick this morning while getting ready .     Went home early from my other job .   Expected not to return tomorrow if symptoms persist . \n \ n \ n",2021-03-29 13:41:30,1,False,4.0,1.0,0.0,0.0,52,0,-0.7184,0.057,0.193,3.5961538461538463,5,0,0,13,0,2021-03-29 13:41:30,0,2.0,1.0,2.0,1.0,0.0,0,0.0
8,369,"Sober and somber . My friend just passed away last night . I ' m grief stricken , I have a headache and I do not want to consume anything but weed . I do not want to drink my stomach was not made for this .",2021-03-30 12:32:23,1,False,4.0,1.0,0.0,0.0,47,0,-0.5414,0.053,0.217,3.404255319148936,6,0,0,12,1,2021-03-29 13:41:30,0,4.0,1.0,4.0,1.0,0.0,1,0.0
10,407,"Tired , Exhausted , Calm , Content , Happy",2021-06-09 12:11:03,1,True,1.0,1.0,3.0,0.0,9,1,0.1531,0.484,0.435,3.7777777777777777,0,0,0,12,2,2021-06-09 12:11:03,0,2.0,1.0,2.0,1.0,0.0,0,0.0
10,408,"Content , Calm , Sleepy , Lazy , Relaxed",2021-06-10 17:08:20,1,True,4.0,1.0,0.0,0.0,9,1,0.4588,0.55,0.25,3.5555555555555554,0,0,0,17,3,2021-06-09 12:11:03,1,1.0,1.0,1.0,1.0,0.0,1,0.0
10,409,"Content , Calm , Relaxed , Happy",2021-06-11 12:03:33,1,True,4.0,1.0,0.0,1.0,7,1,0.8481,0.902,0.0,3.7142857142857144,0,0,0,12,4,2021-06-09 12:11:03,1,2.5,1.0,4.0,1.0,2.1213203435596424,2,3.0
10,410,"Calm , Content , Happy , Relaxed",2021-06-11 17:18:21,1,True,4.0,2.0,0.0,0.0,7,1,0.8481,0.902,0.0,3.7142857142857144,0,0,0,17,4,2021-06-09 12:11:03,2,3.0,1.0,4.0,1.0,1.7320508075688772,3,3.0
11,439,"It was hard to sleep last night so I am very tired . This morning I feel mentally drained and do not want to go to work tonight . My body feels very tired as well , my shoulders and feet are in a lot of pain .",2021-06-12 12:26:16,1,False,0.0,1.0,2.0,1.0,48,0,-0.8995,0.046,0.297,3.375,4,0,3,12,5,2021-06-12 12:26:16,0,2.0,1.0,2.0,1.0,0.0,0,0.0
11,440,I am feeling good . At work excited for tonight’s shift . it will be busy and I am ready for it . I don’t feel as tired anymore since I got to work . Everyone else is in a good mood so I am too . Staff meal was good so that helped,2021-06-12 17:18:50,1,False,2.0,2.0,2.0,-1.0,54,0,0.8807,0.28,0.054,3.2777777777777777,5,0,2,17,5,2021-06-12 12:26:16,0,0.0,1.0,0.0,1.0,0.0,1,0.0
11,441,My body is sore from yesterday and my shoulders are killing me . I don’t have to work so I am in a good mood . I ate really late last night so my stomach hurts . I am just somewhat tired but I feel calm and happy that I have a day off to relax,2021-06-13 12:11:18,1,False,4.0,1.0,0.0,1.0,56,0,0.8175,0.235,0.142,3.357142857142857,10,0,3,12,6,2021-06-12 12:26:16,0,1.0,1.5,2.0,2.0,1.4142135623730951,2,2.0
11,442,I feel better than last week because yesterday was my day off . I have time to mentally relax and prepare for the week . I am not looking forward to working an extra day at the restaurant but I need the money so .,2021-06-14 12:09:02,1,False,4.0,2.0,-4.0,-1.0,45,0,0.4404,0.098,0.0,3.7555555555555555,5,0,1,12,0,2021-06-12 12:26:16,1,2.0,1.3333333333333333,4.0,1.0,2.0,3,3.0
11,457,I am exhausted from working late last night . I am opening today at my second job today . Was difficult to fall and stay asleep last night . Feeling very sluggish today . I have to close again so I am anxious about that because I am so tired,2022-02-16 10:05:52,2,False,0.0,1.0,2.0,1.0,50,0,-0.9102,0.03,0.277,3.84,6,0,3,10,2,2021-06-12 12:26:16,248,2.5,1.5,4.0,2.0,1.9148542155126762,4,3.0
11,458,I am feeling less tired than earlier this morning . I have a little more energy going into my shift . I also feel a little less anxious about my upcoming work shift tonight . Overall pretty neutral though,2022-02-16 16:34:30,2,False,2.0,2.0,-1.0,1.0,39,0,0.4174,0.185,0.11,4.256410256410256,5,0,0,16,2,2021-06-12 12:26:16,249,2.0,1.4,0.0,1.0,2.0,5,1.6666666666666665
11,459,I am tired and having anxiety feeling very anxious . I am off today so that is helpful . I am a little jittery feel unable to relax . My head feels empty which is causing more anxiety . I will most likely drink today .,2022-02-17 12:06:21,2,False,1.0,3.0,2.0,-1.0,46,0,-0.2333,0.163,0.227,3.760869565217391,5,0,2,12,3,2021-06-12 12:26:16,249,2.0,1.5,2.0,2.0,1.7888543819998317,6,0.0
11,460,I am exciting because I am off tonight . I am going out . I will be drinking but I do not have an urge to drink . It’s a special occasion . I am happy and calm and peaceful for not having to go into work tonigh,2022-02-17 15:16:07,2,False,3.0,2.0,-3.0,1.0,48,0,0.9581,0.359,0.0,3.3958333333333335,6,0,0,15,3,2021-06-12 12:26:16,250,1.8571428571428572,1.7142857142857142,1.0,3.0,1.6761634196950517,7,-0.25
11,461,I drank too much last night and I have anxiety and am very uncomfortable . I have to work both jobs today I’m exhausted . I have such bad anxiety and the thought of going into work sucks . Jittery and tired and anxious,2022-02-18 10:01:18,2,False,0.0,3.0,3.0,-1.0,44,0,-0.9493,0.0,0.404,3.977272727272727,4,0,1,10,4,2021-06-12 12:26:16,250,2.0,1.75,3.0,2.0,1.6035674514745464,8,-1.0
11,462,I had a good day at my first job . Had a cup of coffee feeling good more energized . My anxiety has gone away . I am ready and feeling energized for my closing shift at the restaurant . Anxiety is like a 2 compared to a 7 this morning,2022-02-18 15:27:03,2,False,3.0,2.0,0.0,1.0,51,0,0.9462,0.391,0.068,3.607843137254902,5,0,0,15,4,2021-06-12 12:26:16,251,1.7777777777777777,1.8888888888888888,0.0,3.0,1.6414763002993509,9,-1.3
11,463,Just finished my night shift . I am tired but I have a lot of energy . It was a good shift no annoying customers . Easy Friday excited to go home . I am hungry and ready to go home and get into bed . I hate having late dinner though,2022-02-18 21:56:30,2,False,3.0,3.0,1.0,0.0,52,0,0.5187,0.269,0.215,3.480769230769231,5,0,0,21,4,2021-06-12 12:26:16,251,1.9,1.9,3.0,2.0,1.5951314818673865,10,-0.19999999999999996
11,464,I’m excited today because I am moving . I’m at my baseline for anxiety and feeling nervous as well as stressed . I do have to opne the restaurant today so that is bothering me because I want to pack and move but overall happy,2022-02-19 10:04:46,2,False,4.0,3.0,-2.0,0.0,45,0,0.6332,0.222,0.135,4.022222222222222,5,0,1,10,5,2021-06-12 12:26:16,251,2.0,2.0,3.0,3.0,1.5491933384829668,11,0.0
11,465,I’m at work had a good morning I feel energized and excited and ready to get Saturday over with . I am not anxious or nervous . I’m sure I will crash sooon but for now I am in a great mood . No jitters or baseline anxiety is low,2022-02-19 15:21:06,2,False,2.0,3.0,2.0,-1.0,50,0,0.7412,0.315,0.167,3.58,4,0,0,15,5,2021-06-12 12:26:16,252,2.1666666666666665,2.0833333333333335,4.0,3.0,1.585922922197518,12,0.3333333333333335
11,466,I am so happy to be at work right now . What an easy night I had . I loved work tonight . Small section good tips no reason not to be happy . No anxiety and I don’t feel like drinking but I might have some wine,2022-02-19 21:11:38,2,False,4.0,2.0,0.0,1.0,48,0,0.8197,0.275,0.096,3.3958333333333335,5,0,1,21,5,2021-06-12 12:26:16,252,2.1538461538461537,2.1538461538461537,2.0,3.0,1.5191090506254998,13,0.2857142857142856
11,467,I’m moving today and my family is here helping me so that is exciting . I don’t have to work the restaurant it’s closed Sunday . I do have my second job at 3 which is annoying since I have to move but I feel fine excited,2022-02-20 10:04:37,2,False,4.0,3.0,-4.0,0.0,47,0,0.7416,0.199,0.04,3.702127659574468,7,0,1,10,6,2021-06-12 12:26:16,252,2.2857142857142856,2.142857142857143,4.0,2.0,1.5406577730392865,14,0.8571428571428572
11,468,I’m going into work my second job right now I forgot I picked up a shift moved all morning nervous about my new apartment I’m also exhausted and hate that I have to work again all week starting to resent the restaurant t,2022-02-20 15:01:24,2,False,0.0,3.0,4.0,-2.0,43,0,-0.8402,0.0,0.227,4.1395348837209305,5,0,0,15,6,2021-06-12 12:26:16,253,2.4,2.2,4.0,3.0,1.5491933384829668,15,1.0178571428571428
11,469,I just finished work I am feeling pretty exhausted mentally and physically . I just want to go to sleep but I have a million more this to do . Feeling anxious about next week but I’m ahead on work for my non restaurant job so that helps,2022-02-20 20:04:48,2,False,4.0,1.0,-4.0,0.0,48,0,0.5883,0.208,0.088,3.9375,5,0,1,20,6,2021-06-12 12:26:16,253,2.25,2.25,0.0,3.0,1.61245154965971,16,0.5
11,470,I am exhausted I packed and moved all night and had to work in between that . I am emotionally drained from personal stuff however my anxiety is pretty low I’d say a 3 . I’m headed into work now than off tonight so that’s good,2022-02-21 10:02:28,2,False,0.0,1.0,3.0,2.0,46,0,-0.1082,0.132,0.183,3.9347826086956523,4,0,1,10,0,2021-06-12 12:26:16,253,2.3529411764705883,2.176470588235294,4.0,1.0,1.6179144164088315,17,0.6666666666666665
11,471,I feel fine I’m out to eat with my friends I don’t have   to go into the the restaurant tonight since they are closed . I didn’t work this morning at my second job but it wasn’t bad I only saw a few patients . I have to finish moving tonight I nervous,2022-02-21 15:10:39,2,False,3.0,3.0,-2.0,-1.0,53,0,-0.714,0.068,0.146,3.7169811320754715,8,0,0,15,0,2021-06-12 12:26:16,254,2.2222222222222223,2.111111111111111,0.0,1.0,1.6647047275914608,18,0.8888888888888888
11,472,I’m sad I am moving out and going through a breakup and haven’t been able to take a day off . I have so much stuff and it’s taking me forever to get everything out of my old apartment . I’m just wxhausted,2022-02-22 10:16:59,2,False,1.0,2.0,-1.0,-1.0,43,0,-0.4767,0.0,0.079,3.7674418604651163,4,0,1,10,1,2021-06-12 12:26:16,254,2.263157894736842,2.1578947368421053,3.0,3.0,1.6276126096272243,19,0.9222222222222225
11,473,I’m exhausted we had a front of the house work meeting early today . So I was in two hours before start time and had a quiz I’m still in the middle of moving it just tired . Now I have to work the whole shift I’m kind of annoyed today,2022-02-22 15:28:13,2,False,0.0,1.0,2.0,1.0,51,0,-0.807,0.0,0.165,3.607843137254902,2,0,1,15,1,2021-06-12 12:26:16,255,2.2,2.15,1.0,2.0,1.6091841672756186,20,0.6000000000000001
11,474,I don’t really feel anything not happy or sad or nervous . I don’t have any energy I am very tired I guess that is all I feel right now . Shift is almost over it was a slow night not a lot of tips bc it is raining and my next two days are super busy so I’m just blah,2022-02-22 20:35:45,2,False,2.0,2.0,0.0,0.0,61,0,-0.1029,0.135,0.157,3.377049180327869,6,0,3,20,1,2021-06-12 12:26:16,255,2.0952380952380953,2.0952380952380953,0.0,1.0,1.6402671094904604,21,0.372727272727273
11,475,I’m pretty neutral feeling right now . I am at my first job of the day . I have to open the restaurant which I normally close so I get a break in between so that’s annoying . I’m fine though my normal amount of exhaustion,2022-02-23 10:01:15,2,False,2.0,2.0,1.0,0.0,46,0,0.0056,0.145,0.122,3.8260869565217392,6,0,2,10,2,2021-06-12 12:26:16,255,2.090909090909091,2.090909090909091,2.0,2.0,1.6008655667389946,22,0.18181818181818166
11,476,I’m feeling fine overall . I moved more thing into my apartment between shift . I am at work now had to open alone that was a pain but whatever . The warm weather is making everything feel better so I’m not mad or happy just fine,2022-02-23 15:08:16,2,False,3.0,2.0,-3.0,-1.0,47,0,0.7384,0.273,0.14,3.893617021276596,3,0,1,15,2,2021-06-12 12:26:16,256,2.0869565217391304,2.0869565217391304,2.0,2.0,1.5641740044526802,23,0.16666666666666652
11,477,We were shorted staff and it was nice outside so it was so busy I had a huge second I was in the weeds the whole time plus I worked this morning I’m just literally exhausted and I have to finish moving by tomorrow everything sucks I want to go to bed,2022-02-23 21:07:47,2,False,0.0,1.0,3.0,1.0,52,0,0.1689,0.127,0.095,3.826923076923077,5,0,2,21,2,2021-06-12 12:26:16,256,2.125,2.0833333333333335,3.0,2.0,1.541103500742244,24,-0.08333333333333304
11,478,I have a headache and I’m kind of tired but I have the night off from the restaurant so I’m in a good mood . Yesterday was so busy so I need a little time off . It’s freezing so that’s annoying but overall I have happy anxiety is pretty low,2022-02-24 10:32:47,2,False,3.0,2.0,-1.0,0.0,51,0,0.6407,0.227,0.206,3.7254901960784315,4,0,4,10,3,2021-06-12 12:26:16,256,2.04,2.04,0.0,1.0,1.567375726067833,25,-0.2435897435897434
11,479,I’m fine I’m still at work stressed because we are getting a snow storm soon . I have to finishing moving and I’m out of time . I’m just exhausted and really would love to have one full day off . Anxiety is low I’m more annoyed than anything else,2022-02-24 15:00:50,2,False,2.0,2.0,-2.0,0.0,50,0,-0.513,0.112,0.207,3.94,1,0,1,15,3,2021-06-12 12:26:16,257,2.076923076923077,2.0384615384615383,3.0,2.0,1.5472059183722617,26,-0.15384615384615374
11,480,I’m moving I’m tired and I’m sad . I’m going through a bad breakup I’m exhausted I haven’t had a full day off in like two weeks . I’m stressed because I don’t know what to do with my cats anxiety is like a nine right now \ n,2022-02-24 20:02:13,2,False,0.0,2.0,2.0,0.0,49,0,-0.8779,0.094,0.303,3.5918367346938775,3,0,0,20,3,2021-06-12 12:26:16,257,2.074074074074074,2.037037037037037,2.0,2.0,1.517232448240645,27,-0.15384615384615374
11,443,Im cold it snowed I just had to clean my car off so i don’t know I don’t really feel anything . Really wanted to drink last night was very stressed out and sad but I didn’t do that feels good . Im just over the winter time . I got paid today so I feel a little better about busting my ass all week,2022-02-25 10:03:02,2,False,2.0,2.0,-1.0,1.0,65,0,0.2167,0.142,0.129,3.5846153846153848,8,0,5,10,4,2021-06-12 12:26:16,257,2.0,2.0357142857142856,0.0,2.0,1.539600717839002,28,-0.5714285714285714
11,444,I’m just feeling a little bit anxious right now . I was a little late for work which shouldn’t matter but since I’m supposed to be getting a promotion all eyes are in me . Plus is snowed it was only 7 minutes I couldn’t find Parking I had to interview someone at . Y other job like I’m just busy and exhausted,2022-02-25 15:12:37,2,False,1.0,3.0,2.0,0.0,63,0,-0.0157,0.097,0.081,3.9206349206349205,4,0,0,15,4,2021-06-12 12:26:16,258,2.0,2.0344827586206895,2.0,2.0,1.5118578920369088,29,-0.5523809523809522
11,445,It’s busy at work right now . I took a minute to hide in the bathroom bc it was so hectic . I’m fine though full of energy no anxiety really I don’t really have a second to have anxiety so that’s good I think I’ll have a drink tonight though,2022-02-25 20:03:18,2,False,3.0,3.0,-1.0,-2.0,51,0,0.2598,0.145,0.144,3.7450980392156863,3,0,4,20,4,2021-06-12 12:26:16,258,1.9666666666666666,2.066666666666667,1.0,3.0,1.4967397519467005,30,-0.8666666666666665
11,446,I don’t feel anything . I slept pretty well last night I did have a few drinks so maybe that helped me sleep a little easier . I have a long day ahead of me closing the restaurant than I am off Sunday I’m planning to sleep all day,2022-02-26 10:21:24,2,False,2.0,1.0,-1.0,1.0,49,0,0.7787,0.178,0.0,3.7142857142857144,7,0,1,10,5,2021-06-12 12:26:16,258,2.0,2.096774193548387,3.0,3.0,1.4832396974191326,31,-0.7749999999999999
11,447,"I had a wake to go to before work today so that wasn’t great , very upsetting . Anxiety was very high of course . Going into work soon for the closing shift . Than I am off tomorrow which is nice . I don’t really know how to feel at the moment",2022-02-26 15:01:25,2,False,1.0,2.0,0.0,1.0,53,0,0.42,0.136,0.102,3.6037735849056602,3,0,4,15,5,2021-06-12 12:26:16,259,2.0,2.0625,2.0,1.0,1.4591203713417602,32,-0.5
11,448,I don’t know what I’m feeling I’m busy but the night was a blur this was the first second I stopped since we opened . Today kind of sucked so whatever I’m jsut happy I get to sleep in tomorrow I do feel a little on edge but it’s fine,2022-02-26 21:37:07,2,False,1.0,3.0,-1.0,-2.0,50,0,0.1804,0.16,0.127,3.68,4,0,1,21,5,2021-06-12 12:26:16,259,1.9696969696969697,2.0606060606060606,1.0,2.0,1.446652352952509,33,-0.5441176470588236
11,449,I’m exhausted I have a head ache I wish I didn’t drink as much as I did plus I mixed things so I’m not feeling to great . It’s my first full day off in like two weeks and I have to finish moving so I’m just tired,2022-02-27 10:08:10,2,False,0.0,1.0,3.0,2.0,48,0,-0.7901,0.101,0.257,3.4375,7,0,2,10,6,2021-06-12 12:26:16,259,1.9411764705882353,2.088235294117647,1.0,3.0,1.4342388218903672,34,-0.8235294117647061
11,450,I’m good I have energy and I’m in a good mood for the most part . My anxiety is low but I am spending a lot of money trying to move into my new place so I’m nervous I’ll need pick up more shifts and have no days off again,2022-02-27 15:09:16,2,False,3.0,3.0,-1.0,-1.0,50,0,-0.5345,0.104,0.17,3.44,4,0,1,15,6,2021-06-12 12:26:16,260,1.8857142857142857,2.057142857142857,0.0,1.0,1.4505866677562802,35,-0.9084967320261439
11,451,I am not really feeling any emotions right now maybe a little sad but my normal exhaustion I need like a week of sleep anxiety is pretty low maybe a 4 overal a relatively nice day off no complaints just pretty baseline emotion wise,2022-02-27 20:03:35,2,False,2.0,2.0,-2.0,-1.0,44,0,0.7354,0.317,0.281,4.2727272727272725,3,0,1,20,6,2021-06-12 12:26:16,260,1.9166666666666667,2.0833333333333335,3.0,3.0,1.4417251570848821,36,-0.6111111111111112
11,452,I’m at my non restaurant job this morning which is annoying because I really just need a day to sleep in . I’m all done moving so that is exciting but I’m just like very very exhausted . No anxiety or feelings of being nervous,2022-02-28 10:27:16,2,False,0.0,1.0,0.0,0.0,45,0,-0.8475,0.101,0.271,4.044444444444444,2,0,4,10,0,2021-06-12 12:26:16,260,1.9189189189189189,2.081081081081081,2.0,2.0,1.4216261889192325,37,-0.5906432748538013
11,453,I just left work I’m drained it was an exhausting day I had a lot of patients to see . I’m glad I don’t have to go into the restaurant tonight I just need a good nights sleep that’s all but like mentally physically drained,2022-02-28 15:00:39,2,False,0.0,1.0,2.0,1.0,45,0,0.1154,0.157,0.147,3.9555555555555557,4,0,0,15,0,2021-06-12 12:26:16,261,1.868421052631579,2.0526315789473686,0.0,1.0,1.4364192083954848,38,-0.7894736842105263
11,454,I’m cleaning a little I don’t really know what I feel . Just like content fine I’m probably sad but I took a little nap so that helped I have so much cleaning in this apartment to do I get some extra days off this week so that will help my mood,2022-02-28 20:28:30,2,False,2.0,2.0,-2.0,-1.0,52,0,0.6181,0.144,0.042,3.7115384615384617,6,0,4,20,0,2021-06-12 12:26:16,261,1.8205128205128205,2.0256410256410255,0.0,1.0,1.4486253896601948,39,-0.8631578947368421
11,455,I’m my usually exhaustion I just moved so I’m not sleeping well it’s a little creepy being in a new place . I was late to work today so now my whole day is behind . I’m closing the restaurant tonight I’m praying it won’t be busy but I’m sure it will be whatever I’m just tiewd,2022-03-01 15:01:14,2,False,0.0,1.0,1.0,2.0,57,0,0.3701,0.086,0.058,3.8596491228070176,4,0,2,15,1,2021-06-12 12:26:16,262,1.825,2.025,2.0,2.0,1.4302142568555316,40,-0.7500000000000002
11,456,It’s a busy night at work I am kind of anxious and nervous I’m not sure why . I think I had too much caffeine . I’m still tired I’m starting to make mistakes . I’ll probably have one drink tonight I sleep better,2022-03-01 20:04:34,2,False,1.0,3.0,-1.0,-2.0,44,0,-0.7817,0.065,0.263,3.8181818181818183,4,0,0,20,1,2021-06-12 12:26:16,262,1.7804878048780488,2.0,0.0,1.0,1.4406976629735893,41,-0.8190476190476192
11,490,"I’m exhausted but in a good way , I’ve been exercising before work to try and calm my anxiety . Work is like busy but steady I have a second right now to do my survey . I’m always sad but I’m going through a break up so",2022-04-20 20:26:00,3,False,0.0,1.0,2.0,1.0,48,0,0.4767,0.19,0.15,3.5833333333333335,3,0,1,20,2,2021-06-12 12:26:16,312,1.7619047619047619,2.0238095238095237,1.0,3.0,1.4281067769316953,42,-0.6666666666666667
11,491,I just woke up I had a few drinks last night but I feel fine . I have to work today but not until 5 . I haven’t drank in a while so I got a little buzzed but nothing too crazy . I don’t really have any anxiety right now,2022-04-21 10:00:00,3,False,2.0,2.0,1.0,0.0,51,0,0.3201,0.115,0.059,3.3137254901960786,7,0,2,10,3,2021-06-12 12:26:16,312,1.7209302325581395,2.0,0.0,1.0,1.4363575194177947,43,-0.7316017316017318
11,492,I’m good jsut went to pottery switched my shift so I’d have more time in the morning to get things done . So I am closing tonight but who cares . I’m usually off so this is an extra shift I needed the money,2022-04-21 15:10:00,3,False,3.0,2.0,-2.0,0.0,44,0,0.714,0.135,0.0,3.7045454545454546,3,0,3,15,3,2021-06-12 12:26:16,313,1.7272727272727273,2.0,2.0,2.0,1.4201807347091073,44,-0.7272727272727273
11,493,I got attacked by a cat . I’m tired work is steady busy this is usually my day off but I needed the money so whatever . I’m jsut stressed in my normal life I guess it’s a good escape to be extra busy so I don’t mind that I picked up a shift,2022-04-21 20:53:00,3,False,1.0,2.0,0.0,0.0,54,0,-0.0387,0.114,0.136,3.462962962962963,7,0,2,20,3,2021-06-12 12:26:16,313,1.7555555555555555,2.0,3.0,2.0,1.4167112292456452,45,-0.6561264822134387
11,494,"I’m sad but it’s fine , going it o work today I’m opening so hopefully I won’t be there too late . It’s getting way busier though but I need the money I guess . I’m exhausted last night wasn’t busy just long .",2022-04-22 10:14:00,3,False,1.0,2.0,2.0,0.0,44,0,0.3893,0.157,0.12,3.772727272727273,3,0,1,10,4,2021-06-12 12:26:16,313,1.7391304347826086,2.0,1.0,2.0,1.405303962512431,46,-0.6956521739130435
11,495,I’m fine at at work now opening going to be a busy night but it’s whatever . Went to the gym this morning so that helped with anxiety it is Friday I might drink tonight but I’m not sure yet we’ll see how the day goes,2022-04-22 15:15:00,3,False,3.0,2.0,1.0,0.0,46,0,-0.4754,0.031,0.098,3.717391304347826,1,0,1,15,4,2021-06-12 12:26:16,314,1.7234042553191489,2.0,1.0,2.0,1.394120069365471,47,-0.7119565217391304
11,496,It was a good shift I feel good is actually have alot of e energy it was so busy but I didn’t really care . I do think I’m going to drink tonight but I’m not sure yet because tomorrow is going to be even busier,2022-04-22 22:02:00,3,False,4.0,2.0,-2.0,0.0,46,0,0.7748,0.214,0.051,3.5869565217391304,3,0,2,22,4,2021-06-12 12:26:16,314,1.75,2.0,3.0,2.0,1.391463335041911,48,-0.75
11,497,"Just woke up I didn’t drink after work but I had a beer when I went home , like half a beer I didn’t actually finish it . I’m tired but I’m going to go to the gym before work . It’s going to be insanely busy tonight",2022-04-23 10:12:00,3,False,2.0,2.0,-2.0,-1.0,48,0,-0.1531,0.074,0.087,3.5,4,0,0,10,5,2021-06-12 12:26:16,314,1.7959183673469388,2.0,4.0,2.0,1.41391288977219,49,-0.645
11,498,"I’m tired I ran errands today and spent too much money . Eating now before work bc I won’t eat again until probably midnight . I really don’t feel like working tonight it’s going to be so busy , also training a lot of new people is draining",2022-04-23 15:13:00,3,False,0.0,1.0,1.0,0.0,48,0,-0.0352,0.062,0.065,4.020833333333333,3,0,2,15,5,2021-06-12 12:26:16,315,1.8,2.0,2.0,2.0,1.3997084244475304,50,-0.48
11,499,It was pretty steady and busy . I’m exhausted my back is killing me I trained someone tonight but they did a good job so they were actually helpful . Everything was fine I’m going out tonight after work,2022-04-23 22:06:00,3,False,1.0,1.0,3.0,0.0,39,0,0.8126,0.262,0.098,4.205128205128205,3,0,1,22,5,2021-06-12 12:26:16,315,1.7647058823529411,1.9803921568627452,0.0,1.0,1.408378291427664,51,-0.54
11,500,I went out last night after work with co workers we went to the bar than a friends bow I drank quite a bit . I feel fine though might need a nap later n anxiety or anything yet but who knows . Also no work until Tuesday so that’s good,2022-04-24 10:01:00,3,False,4.0,1.0,-4.0,0.0,51,0,0.5718,0.16,0.085,3.607843137254902,3,0,1,10,6,2021-06-12 12:26:16,315,1.75,1.9615384615384615,1.0,1.0,1.3985286385845577,52,-0.653846153846154
11,501,I’m exhausted I was out for like two days straight . I regret drinking that much but whatever . I’m off today so I’m going to relax and do some cleaning . I’m having a lot of anxiety feelinn very anxious,2022-04-25 11:05:00,3,False,0.0,1.0,0.0,1.0,41,0,-0.1505,0.161,0.198,3.975609756097561,2,0,2,11,0,2021-06-12 12:26:16,316,1.7924528301886793,1.9433962264150944,4.0,1.0,1.4190800184252326,53,-0.5584045584045585
11,502,I’m exhausted I’m tired I drank for two days in a row which was stupid . I got in an argument with someone from work over something stupid . I’m just sad I’ve been in bed all day which is whatever I have work tomorrow,2022-04-25 20:01:00,3,False,0.0,2.0,1.0,0.0,45,0,-0.9501,0.0,0.35,3.8444444444444446,3,0,0,20,0,2021-06-12 12:26:16,317,1.7592592592592593,1.9259259259259258,0.0,1.0,1.42663590554427,54,-0.6296296296296295
11,503,"Weird vibe at work today . Got in a fight with ORG sous chef drinking over the weekend so that’s kind of uncomfortable , had a bad panic attack last night so I’m just overall exhausted mentally and physically but work should be slow",2022-04-26 15:46:00,3,False,1.0,2.0,0.0,-1.0,44,0,-0.8518,0.0,0.287,4.295454545454546,0,0,2,15,1,2021-06-12 12:26:16,318,1.7272727272727273,1.9272727272727272,0.0,2.0,1.4331336482938546,55,-0.6812169312169312
11,504,"Just tired at work today , I had a huge section it was way busier than expected so I had 8 full hackers with liken two turns and I was so drained from yesterday but whatever it’s slowing down now so I’ll be fine",2022-04-26 20:52:00,3,False,1.0,1.0,1.0,1.0,44,0,0.0451,0.1,0.096,3.8181818181818183,3,0,3,20,1,2021-06-12 12:26:16,318,1.7142857142857142,1.9285714285714286,1.0,2.0,1.4233671437735331,56,-0.5714285714285714
11,505,"I’m up early I didn’t drink last night I actually got out of work early and went to bed at a normal time . This week is just going to be rough , but I’ll be fine . Work is actually a good escape these days",2022-04-27 10:01:00,3,False,2.0,2.0,0.0,0.0,46,0,0.7964,0.184,0.0,3.4782608695652173,2,0,0,10,2,2021-06-12 12:26:16,318,1.7017543859649122,1.912280701754386,1.0,1.0,1.4137704435897362,57,-0.5862068965517242
11,506,"I’m off today , I’m going to the gym than I have my art class and than I have dinner with my grandma at the place I work . Should be a nice little day I’m also going to do some laundry and clean my apartment stuff I have been putting off . I’m good though",2022-04-28 10:55:00,3,False,2.0,2.0,1.0,-1.0,56,0,0.8126,0.157,0.0,3.5714285714285716,7,0,0,10,3,2021-06-12 12:26:16,319,1.706896551724138,1.9137931034482758,2.0,2.0,1.4018611775209884,58,-0.5862068965517242
11,507,I didn’t work today . I did go out to dinner with my grandma so that was cute . I’m just doing chores and watching tv . I feel content I’m not really nervous or jittery . I had a glass of wine with dinner but that’s it,2022-04-28 20:29:00,3,False,3.0,1.0,-2.0,0.0,48,0,0.3914,0.09,0.0,3.5625,5,0,2,20,3,2021-06-12 12:26:16,320,1.7118644067796611,1.9152542372881356,2.0,2.0,1.3902474036539154,59,-0.5666666666666667
11,481,I literally just woke up . I overslept I was supposed to be up earlier and get some stuff done before work but whatever . I haven’t been sleeping well at all not sure why . I’m not in the mood to go to work but it’ll be fine,2022-04-29 10:25:00,3,False,1.0,1.0,2.0,0.0,49,0,0.3415,0.105,0.053,3.5918367346938775,4,0,0,10,4,2021-06-12 12:26:16,320,1.7333333333333334,1.9,3.0,1.0,1.388410463738735,60,-0.46666666666666656
11,482,I’m fine I guess . I’m at work now I opened today with someone else so it wasn’t as much work . I ordered food so at least I ate something before my shift . Going to be a busy night we have an extra server   though so it’ll be all okay,2022-04-29 15:53:00,3,False,3.0,1.0,-2.0,1.0,52,0,0.4019,0.081,0.0,3.5,5,0,3,15,4,2021-06-12 12:26:16,321,1.721311475409836,1.8852459016393444,1.0,1.0,1.3799897045628469,61,-0.48279569892473106
11,483,I just get sad randomly I never know when it’ll happen . I am going through a break up . I love the people I work with but like I wish I had more weekend time that I wasn’t at work . It’s so hard to have a normal life,2022-04-29 21:23:00,3,False,1.0,2.0,0.0,0.0,50,0,0.7228,0.205,0.095,3.36,8,0,1,21,4,2021-06-12 12:26:16,321,1.7419354838709677,1.8709677419354838,3.0,1.0,1.3782322233002697,62,-0.5161290322580645
14,724,"In the past twenty four hours I have been feeling very very tired , and a little stressed . I am in my first semester of nursing school , and just started a new job . I just feel tired all the time and have a lack of social life .",2021-06-08 18:11:57,1,False,1.0,1.0,3.0,1.0,51,0,-0.8705,0.031,0.237,3.5294117647058822,4,0,2,18,1,2021-06-08 18:11:57,0,2.0,1.0,2.0,1.0,0.0,0,0.0
14,725,I have been feeling very happy . I have also been feeling very high energy . I have also been feeling more positive . Overall I am feeling very very good . I have been making sure to drink a lot more water which I believe helps,2021-06-15 16:29:45,1,False,4.0,2.0,-4.0,-1.0,47,0,0.9667,0.487,0.0,3.851063829787234,6,0,4,16,1,2021-06-08 18:11:57,6,1.0,1.0,1.0,1.0,0.0,1,0.0
14,723,I fell asleep early and forgot to set my alarm for for . So then I woke up late and I was already supposed to be at work the time I had woke up . So then I had to rush to work and was one hour late thank goodness my boss is nice and let me slide on this one,2021-06-17 13:11:30,1,False,0.0,1.0,0.0,0.0,61,0,0.7096,0.137,0.04,3.2295081967213113,8,0,2,13,3,2021-06-08 18:11:57,8,2.5,1.5,4.0,2.0,2.1213203435596424,2,3.0
15,802,"Hot , Tired , Happy , Active , Friendly",2021-06-09 20:12:27,1,True,3.0,3.0,1.0,-1.0,9,1,0.7717,0.711,0.215,3.4444444444444446,0,0,0,20,2,2021-06-09 20:12:27,0,2.0,1.0,2.0,1.0,0.0,0,0.0
15,803,"Happy , Active , Hot , Tired , Motivated",2021-06-10 13:56:17,1,True,4.0,2.0,-1.0,0.0,9,1,0.7579,0.707,0.218,3.5555555555555554,0,0,0,13,3,2021-06-09 20:12:27,0,3.0,3.0,3.0,3.0,0.0,1,0.0
15,804,"Tired , Active , Motivated , Exhausted , Fun",2021-06-11 13:10:56,1,True,3.0,2.0,-3.0,-1.0,9,1,0.5574,0.625,0.375,4.0,0,0,0,13,4,2021-06-09 20:12:27,1,3.5,2.5,4.0,2.0,0.7071067811865476,2,1.0
15,805,"Tired , Active , Friendly , Happy , Over worked",2021-06-12 16:27:18,1,True,0.0,1.0,3.0,1.0,10,1,0.7717,0.662,0.2,3.8,0,0,0,16,5,2021-06-09 20:12:27,2,3.3333333333333335,2.3333333333333335,3.0,2.0,0.5773502691896258,3,0.5
15,806,"Anxious , Tired , Annoyed , Happy , Exhausted",2021-06-13 19:27:24,1,True,3.0,2.0,1.0,0.0,9,1,-0.6486,0.27,0.73,4.111111111111111,0,0,0,19,6,2021-06-09 20:12:27,3,2.5,2.0,0.0,1.0,1.7320508075688772,4,-2.0
15,807,"Happy , Loving , Motivated , Busy , Fun",2021-06-14 16:02:56,1,True,4.0,2.0,-1.0,0.0,9,1,0.9313,0.933,0.0,3.4444444444444446,0,0,0,16,0,2021-06-09 20:12:27,4,2.6,2.0,3.0,2.0,1.51657508881031,5,-1.5
15,808,"Active , Hot , Tired , Busy , Fun",2021-06-15 17:08:05,1,True,3.0,2.0,0.0,0.0,9,1,0.4767,0.55,0.266,2.7777777777777777,0,0,0,17,1,2021-06-09 20:12:27,5,2.8333333333333335,2.0,4.0,2.0,1.4719601443879746,6,-1.0
15,809,"Tired , Happy , Relaxed , Loving , Friendly",2021-06-16 17:34:55,1,True,3.0,2.0,0.0,0.0,9,1,0.9022,0.828,0.172,3.888888888888889,0,0,0,17,2,2021-06-09 20:12:27,6,2.857142857142857,2.0,3.0,2.0,1.3451854182690985,7,-0.8333333333333335
15,810,"Happy , Busy , Motivated , Tired , Fun",2021-06-17 20:17:26,1,True,3.0,2.0,0.0,0.0,9,1,0.7964,0.719,0.209,3.3333333333333335,0,0,0,20,3,2021-06-09 20:12:27,8,2.875,2.0,3.0,2.0,1.246423454758225,8,0.75
15,801,"Busy , Active , Tired , Happy , Hot",2021-06-18 13:50:21,1,True,3.0,2.0,0.0,0.0,9,1,0.5423,0.566,0.257,3.0,0,0,0,13,4,2021-06-09 20:12:27,8,2.888888888888889,2.0,3.0,2.0,1.1666666666666665,9,0.7000000000000002
16,822,"Tired , Stressed , Exhausted , Annoyed",2021-05-04 12:11:22,1,True,1.0,1.0,1.0,1.0,7,1,-0.8555,0.0,1.0,4.571428571428571,0,0,0,12,1,2021-05-04 12:11:22,0,2.0,1.0,2.0,1.0,0.0,0,0.0
16,823,"Exhausted , Invisible , Sore , Morose",2021-05-05 21:33:02,1,True,2.0,2.0,1.0,-1.0,7,1,-0.6124,0.0,0.714,4.428571428571429,0,0,0,21,2,2021-05-04 12:11:22,1,1.0,1.0,1.0,1.0,0.0,1,0.0
16,824,"Tired , Unappreciated , Lonely",2021-05-06 12:03:49,1,True,3.0,1.0,-1.0,1.0,5,1,-0.7964,0.0,1.0,5.2,0,0,0,12,3,2021-05-04 12:11:22,1,1.5,1.5,2.0,2.0,0.7071067811865476,2,1.0
16,825,"Frustrated , Tired , Annoyed",2021-05-07 12:28:59,1,True,2.0,2.0,-1.0,1.0,5,1,-0.836,0.0,1.0,4.8,0,0,0,12,4,2021-05-04 12:11:22,3,2.0,1.3333333333333333,3.0,1.0,1.0,3,1.5
16,826,"Annoyed , Frustrated , Unheard , Misunderstood",2021-05-08 12:46:49,1,True,1.0,3.0,-1.0,-2.0,7,1,-0.8126,0.0,0.894,5.714285714285714,0,0,0,12,5,2021-05-04 12:11:22,4,2.0,1.5,2.0,2.0,0.816496580927726,4,1.0
16,827,"Tired , Frustrated , Misunderstood",2021-05-09 12:40:11,1,True,0.0,1.0,0.0,0.0,5,1,-0.8271,0.0,1.0,6.0,0,0,0,12,6,2021-05-04 12:11:22,5,1.8,1.8,1.0,3.0,0.8366600265340756,5,0.5
16,828,"Invisible , Drained , Frustrated",2021-05-10 15:56:13,1,True,0.0,1.0,2.0,1.0,5,1,-0.7096,0.0,0.855,5.6,0,0,0,15,0,2021-05-04 12:11:22,6,1.5,1.6666666666666667,0.0,1.0,1.0488088481701516,6,-1.0
16,829,"Drained , Sluggish , Annoyed",2021-05-11 12:12:00,1,True,2.0,2.0,2.0,-1.0,5,1,-0.7783,0.0,1.0,4.8,0,0,0,12,1,2021-05-04 12:11:22,7,1.2857142857142858,1.5714285714285714,0.0,1.0,1.1126972805283737,7,-1.25
16,830,"Refreshed , Energetic , Enthusiastic , Hopeful",2021-05-12 12:48:40,1,True,4.0,1.0,-2.0,0.0,7,1,0.8555,0.904,0.0,5.714285714285714,0,0,0,12,2,2021-05-04 12:11:22,8,1.375,1.625,2.0,2.0,1.0606601717798212,8,-1.25
16,816,"Blah , Quiet , Uninterested , Ignored",2021-05-13 12:38:22,1,True,2.0,1.0,1.0,1.0,7,1,-0.4019,0.0,0.649,4.428571428571429,0,0,0,12,3,2021-05-04 12:11:22,9,1.6666666666666667,1.5555555555555556,4.0,1.0,1.3228756555322954,9,-0.6000000000000001
16,817,"Refreshed , Releived , Content",2021-05-14 12:02:23,1,True,3.0,2.0,-1.0,0.0,5,1,0.0,0.0,0.0,5.2,0,0,0,12,4,2021-05-04 12:11:22,9,1.7,1.5,2.0,1.0,1.2516655570345725,10,-0.19999999999999996
16,818,"Annoyed , Frustrated , Anxious",2021-05-15 12:57:14,1,True,2.0,2.0,0.0,0.0,5,1,-0.7906,0.0,1.0,5.2,0,0,0,12,5,2021-05-04 12:11:22,11,1.8181818181818181,1.5454545454545454,3.0,2.0,1.2504544628399563,11,0.033333333333333215
16,819,"Neutral , Blah , Uninspired",2021-05-16 12:02:49,1,True,2.0,2.0,-2.0,-1.0,5,1,-0.1027,0.0,0.412,4.6,0,0,0,12,6,2021-05-04 12:11:22,11,1.8333333333333333,1.5833333333333333,2.0,2.0,1.1934162828797101,12,0.6666666666666665
16,820,"Overwhelmed , Lonely , Annoyed",2021-05-17 13:26:43,1,True,0.0,1.0,4.0,1.0,5,1,-0.5994,0.19,0.81,5.2,0,0,0,13,0,2021-05-04 12:11:22,13,1.8461538461538463,1.6153846153846154,2.0,2.0,1.1435437497937313,13,0.6428571428571428
16,821,"Excited , Anxious , Calm , Mellow",2021-05-18 12:00:23,1,True,4.0,2.0,-4.0,1.0,7,1,0.4019,0.61,0.26,3.857142857142857,0,0,0,12,1,2021-05-04 12:11:22,13,1.7142857142857142,1.5714285714285714,0.0,1.0,1.2043875831929896,14,0.857142857142857
16,844,"Anxious , Nervous , Exhausted",2022-01-26 10:01:24,2,True,0.0,3.0,1.0,-2.0,5,1,-0.6808,0.0,1.0,5.0,0,0,0,10,2,2021-05-04 12:11:22,266,1.8666666666666667,1.6,4.0,2.0,1.3020130933435712,15,1.0892857142857142
16,845,"Anxious , Stressed , Tired",2022-01-26 15:33:17,2,True,1.0,1.0,0.0,0.0,5,1,-0.743,0.0,1.0,4.4,0,0,0,15,2,2021-05-04 12:11:22,267,1.75,1.6875,0.0,3.0,1.3416407864998738,16,0.75
16,846,"Bored , Tired , Hungry",2022-01-26 20:18:39,2,True,1.0,1.0,1.0,1.0,5,1,-0.6124,0.0,0.833,3.6,0,0,0,20,2,2021-05-04 12:11:22,267,1.7058823529411764,1.6470588235294117,1.0,1.0,1.3117119482928095,17,0.625
16,847,"Calm , Mellow , Relaxed",2022-01-27 12:55:17,2,True,2.0,2.0,0.0,0.0,5,1,0.6705,0.846,0.0,3.8,0,0,0,12,3,2021-05-04 12:11:22,268,1.6666666666666667,1.6111111111111112,1.0,1.0,1.2833778958394957,18,0.0
16,848,"Chill , Fine , Mellow",2022-01-27 16:17:09,2,True,2.0,2.0,0.0,0.0,5,1,0.2023,0.474,0.0,3.4,0,0,0,16,3,2021-05-04 12:11:22,268,1.6842105263157894,1.631578947368421,2.0,2.0,1.2495613265350085,19,0.033333333333333215
16,849,"Drained , Tired , Melancholy",2022-01-27 22:13:41,2,True,2.0,2.0,-1.0,1.0,5,1,-0.8074,0.0,1.0,4.8,0,0,0,22,3,2021-05-04 12:11:22,268,1.7,1.65,2.0,2.0,1.218281792655455,20,0.0
16,850,"Nervous , Anxious , Sad",2022-01-28 10:28:27,2,True,1.0,3.0,0.0,0.0,5,1,-0.7351,0.0,1.0,3.8,0,0,0,10,4,2021-05-04 12:11:22,268,1.7142857142857142,1.6666666666666667,2.0,2.0,1.1892374507581378,21,0.027272727272727337
16,851,"Nervous , Anxious , Apprehensive",2022-01-28 15:00:58,2,True,1.0,3.0,1.0,0.0,5,1,-0.4767,0.0,0.804,5.6,0,0,0,15,4,2021-05-04 12:11:22,269,1.6818181818181819,1.7272727272727273,1.0,3.0,1.170525467527243,22,-0.2727272727272727
16,852,"Annoyed , Misunderstood , Frustrated",2022-01-28 20:15:55,2,True,2.0,3.0,0.0,-1.0,5,1,-0.8126,0.0,1.0,6.4,0,0,0,20,4,2021-05-04 12:11:22,269,1.6521739130434783,1.7826086956521738,1.0,3.0,1.1524162620801217,23,-0.3181818181818181
16,853,"Calm , Anxious , Unmotivated",2022-01-29 15:38:22,2,True,2.0,2.0,0.0,1.0,5,1,-0.2732,0.343,0.657,4.8,0,0,0,15,5,2021-05-04 12:11:22,270,1.6666666666666667,1.8333333333333333,2.0,3.0,1.1293194051465598,24,-0.33333333333333326
16,854,"Happy , Neutral , Normal",2022-01-29 20:20:52,2,True,2.0,3.0,0.0,-1.0,5,1,0.5719,0.649,0.0,4.0,0,0,0,20,5,2021-05-04 12:11:22,270,1.68,1.84,2.0,2.0,1.1075498483890767,25,-0.2948717948717947
16,855,"Anxious , Neutral , Confused , Sluggish , Tired",2022-01-30 12:06:34,2,True,2.0,2.0,0.0,0.0,9,1,-0.836,0.0,0.908,4.333333333333333,0,0,0,12,6,2021-05-04 12:11:22,270,1.6923076923076923,1.8846153846153846,2.0,3.0,1.086985952778812,26,-0.3076923076923077
16,856,"Anxious , Annoyed , Peeved",2022-01-30 15:36:49,2,True,2.0,2.0,-1.0,1.0,5,1,-0.5574,0.0,0.821,4.4,0,0,0,15,6,2021-05-04 12:11:22,271,1.7037037037037037,1.8888888888888888,2.0,2.0,1.0675210253672476,27,-0.27472527472527486
16,857,"Tired , Anxious , Nervous , Frustrated",2022-01-31 10:03:58,2,True,1.0,3.0,1.0,-1.0,7,1,-0.8555,0.0,1.0,4.571428571428571,0,0,0,10,0,2021-05-04 12:11:22,271,1.7142857142857142,1.8928571428571428,2.0,2.0,1.049061056625924,28,0.0
16,858,"Relieved , Calm , Mellow , Anxious",2022-01-31 15:11:47,2,True,2.0,2.0,0.0,0.0,7,1,0.4404,0.62,0.253,4.0,0,0,0,15,0,2021-05-04 12:11:22,272,1.6896551724137931,1.9310344827586208,1.0,3.0,1.0386615107869108,29,-0.04761904761904745
16,859,"Calm , Mellow , Relaxed",2022-01-31 21:26:44,2,True,2.0,2.0,0.0,0.0,5,1,0.6705,0.846,0.0,3.8,0,0,0,21,0,2021-05-04 12:11:22,272,1.7,1.9333333333333333,2.0,2.0,1.0221680811915899,30,-0.33333333333333326
16,860,"Tired , Drained , Mellow",2022-02-02 20:01:17,2,True,2.0,2.0,2.0,-1.0,5,1,-0.6597,0.0,0.844,4.0,0,0,0,20,2,2021-05-04 12:11:22,274,1.7096774193548387,1.935483870967742,2.0,2.0,1.0064309344443123,31,-0.3041666666666667
16,861,"Chill , Relaxed , Calm , Mellow , Grateful",2022-02-03 15:04:24,2,True,4.0,1.0,-3.0,0.0,9,1,0.8176,0.81,0.0,3.7777777777777777,0,0,0,15,3,2021-05-04 12:11:22,275,1.71875,1.9375,2.0,2.0,0.9913944236406651,32,-0.0625
16,862,"Sore , Tired , Calm , Mellow , Full",2022-02-03 20:28:44,2,True,1.0,1.0,0.0,0.0,9,1,-0.4767,0.237,0.557,3.0,0,0,0,20,3,2021-05-04 12:11:22,275,1.7878787878787878,1.9090909090909092,4.0,1.0,1.0534934669225455,33,0.07352941176470584
16,831,"Achey , Exhausted , Sore",2022-02-04 10:01:23,2,True,1.0,1.0,2.0,0.0,5,1,-0.6124,0.0,0.833,4.0,0,0,0,10,4,2021-05-04 12:11:22,275,1.7647058823529411,1.8823529411764706,1.0,1.0,1.046171187376943,34,0.11764705882352944
16,832,"Relaxed , Mellow , cAlm",2022-02-04 15:14:57,2,True,3.0,1.0,-3.0,0.0,5,1,0.6705,0.846,0.0,3.8,0,0,0,15,4,2021-05-04 12:11:22,276,1.7428571428571429,1.8571428571428572,1.0,1.0,1.0387452029437516,35,0.07189542483660127
16,833,"Tired , Sore , Calm",2022-02-05 10:06:40,2,True,0.0,1.0,3.0,2.0,5,1,-0.4767,0.299,0.701,3.0,0,0,0,10,5,2021-05-04 12:11:22,276,1.7777777777777777,1.8333333333333333,3.0,1.0,1.0450184170929677,36,0.2222222222222221
16,834,"Anxious , Chill , Tired",2022-02-05 15:36:44,2,True,3.0,3.0,1.0,-2.0,5,1,-0.5994,0.0,0.831,3.8,0,0,0,15,5,2021-05-04 12:11:22,277,1.7297297297297298,1.8108108108108107,0.0,1.0,1.0710495540109932,37,0.12280701754385959
16,835,"Mellow , Relaxed , Tired , Content",2022-02-06 10:00:47,2,True,4.0,1.0,0.0,0.0,7,1,0.0772,0.395,0.358,4.0,0,0,0,10,6,2021-05-04 12:11:22,277,1.763157894736842,1.8421052631578947,3.0,3.0,1.0763856067392614,38,0.1578947368421053
16,836,"Prepared , Mellow , Stress free",2022-02-06 15:03:52,2,True,4.0,1.0,-3.0,0.0,6,1,0.34,0.578,0.311,4.333333333333333,0,0,0,15,6,2021-05-04 12:11:22,278,1.8205128205128205,1.8205128205128205,4.0,1.0,1.1208970766356101,39,0.2657894736842106
16,837,"Drained , Zapped , Lethargic",2022-02-07 12:39:02,2,True,1.0,1.0,1.0,1.0,5,1,-0.5719,0.0,0.825,4.8,0,0,0,12,0,2021-05-04 12:11:22,279,1.875,1.8,4.0,1.0,1.1588566425355287,40,0.34999999999999987
16,838,"Anxious , Dreading , Unmotivated",2022-02-07 15:03:27,2,True,2.0,2.0,2.0,1.0,5,1,-0.7783,0.0,1.0,5.6,0,0,0,15,0,2021-05-04 12:11:22,279,1.853658536585366,1.7804878048780488,1.0,1.0,1.152409988019804,41,0.30000000000000004
16,839,"Happy , Calm , Excited",2022-02-08 10:00:49,2,True,4.0,3.0,0.0,-2.0,5,1,0.8126,1.0,0.0,3.6,0,0,0,10,1,2021-05-04 12:11:22,279,1.8571428571428572,1.7857142857142858,2.0,2.0,1.1384934112179832,42,0.2857142857142858
16,840,"Happy , Tired , Fulfilled",2022-02-08 15:07:19,2,True,4.0,1.0,0.0,0.0,5,1,0.5574,0.691,0.309,4.2,0,0,0,15,1,2021-05-04 12:11:22,280,1.9069767441860466,1.813953488372093,4.0,3.0,1.1713637450663283,43,0.37662337662337664
16,841,"Mellow , Relaxed , Calm",2022-02-08 20:09:01,2,True,4.0,1.0,-2.0,1.0,5,1,0.6705,0.846,0.0,3.8,0,0,0,20,1,2021-05-04 12:11:22,280,1.9545454545454546,1.7954545454545454,4.0,1.0,1.1998942870984162,44,0.5454545454545452
16,842,"Tired , Excited , Happy",2022-02-09 10:28:19,2,True,2.0,2.0,1.0,0.0,5,1,0.4939,0.678,0.322,3.8,0,0,0,10,2,2021-05-04 12:11:22,280,2.0,1.7777777777777777,4.0,1.0,1.224744871391589,45,0.6225296442687747
16,843,"Hungry , Mellow , Excited",2022-02-09 15:34:04,2,True,3.0,2.0,-3.0,-1.0,5,1,0.34,0.545,0.0,4.2,0,0,0,15,2,2021-05-04 12:11:22,281,2.0,1.7826086956521738,2.0,2.0,1.2110601416389966,46,0.6956521739130437
16,867,I am feeling anxious and also have a headache . I am prepping for a procedure tomorrow which is making me nervous but is also frustrating and i am hungry because I’m supposed to be on a liquid diet and all I want to do is eat something .,2022-04-27 20:35:00,3,False,0.0,1.0,0.0,0.0,49,0,-0.6369,0.061,0.155,3.857142857142857,5,0,0,20,2,2021-05-04 12:11:22,358,2.021276595744681,1.7872340425531914,3.0,2.0,1.206672782671563,47,0.7228260869565217
16,868,"I am feeling tired and sleepy . I Had a procedure done today , so I’m at home resting and can’t stop sleeping . Tired , worn out , lethargic , lazy . Why does this force me to write so much for my answer … . I don’t have enough to report lol",2022-04-28 15:19:00,3,False,0.0,1.0,4.0,0.0,54,0,-0.8625,0.082,0.285,3.4814814814814814,5,0,2,15,3,2021-05-04 12:11:22,359,1.9791666666666667,1.7708333333333333,0.0,1.0,1.2288999289856732,48,0.6249999999999998
16,869,"Feeling pretty good and refreshed after my weekend and heading into work today . Hoping that the ORG draft being in town will be lucrative this weekend for me , but hopefully nothing too crazy ! Lol \nFeeling calm mellow ready to work !",2022-04-29 15:01:00,3,False,4.0,1.0,0.0,0.0,44,0,0.9336,0.371,0.055,4.386363636363637,2,2,0,15,4,2021-05-04 12:11:22,360,1.9387755102040816,1.7551020408163265,0.0,1.0,1.2484684494963239,49,0.5333333333333334
16,870,"Just relaxing with our dogs and my boyfriend before I go to work later . Feeling mellow and relaxed , happy to have time with my boyfriend and the dogs before work which will likely be hectic and crazy .",2022-04-30 10:03:00,3,False,4.0,1.0,-2.0,1.0,40,0,0.8481,0.258,0.053,4.1,3,0,0,10,5,2021-05-04 12:11:22,360,1.98,1.74,4.0,1.0,1.2695813225996504,50,0.5999999999999999
16,871,"Just got to work , feeling quiet calm mellow , trying to chill for a few minutes before i start my shift . Anxious because I realized my health card is expiring next month and the health department is still backed up so the soonest appointment I can make isn’t until august which is stressing me out .",2022-04-30 15:24:00,3,False,2.0,2.0,-1.0,-1.0,58,0,-0.1531,0.09,0.083,4.206896551724138,6,0,1,15,5,2021-05-04 12:11:22,361,2.019607843137255,1.7254901960784315,4.0,1.0,1.2882576773057688,51,0.6661538461538463
16,872,"Feeling very foggy and tired today . Yesterday was a long night at work , not busy just exhausting . Plus the puppy woke me up a lot last night , and I had a pretty good gym session this morning too so I am feeling pooped today ! But gonna pull myself together for another night at work !",2022-05-01 15:04:00,3,False,1.0,1.0,1.0,1.0,60,0,0.5784,0.164,0.039,3.816666666666667,4,2,2,15,6,2021-05-04 12:11:22,362,2.019230769230769,1.7307692307692308,2.0,2.0,1.2755680720705074,52,0.653846153846154
16,873,"Just working , getting kinda annoyed with all of the requests to fill out these surveys , multiple times a day , especially when I’m at work . Blah blah blah blah blah blah blah blah blah blah blah blah blah blah blah blah",2022-05-01 21:23:00,3,False,2.0,2.0,0.0,0.0,44,0,-0.8935,0.0,0.529,4.068181818181818,0,0,0,21,6,2021-05-04 12:11:22,362,2.0,1.7169811320754718,1.0,1.0,1.270977818604485,53,0.603988603988604
16,874,"Happy that it’s my weekend . Was a long and slow week at work , had a couple of interesting characters come into the bar this week so that was fun . Just running errands and doing chores today , mellow calm content , happy to be off .",2022-05-03 11:09:00,3,False,2.0,2.0,0.0,0.0,49,0,0.9429,0.307,0.0,3.795918367346939,1,0,1,11,1,2021-05-04 12:11:22,363,2.0,1.7222222222222223,2.0,2.0,1.2589303635933795,54,0.5925925925925926
16,875,Bored at work . Very slow and not alot going on . Very strange week . Bored bored bored bored bored bored bored bored bored boring boring boring boring boring boring boring boring boring boring boring boring boring,2022-05-03 20:45:00,3,False,2.0,2.0,2.0,-1.0,38,0,-0.9912,0.0,0.828,4.657894736842105,0,0,2,20,1,2021-05-04 12:11:22,364,2.0,1.7272727272727273,2.0,2.0,1.247219128924647,55,0.5820105820105819
16,876,"It’s my weekend and just running errands and enjoying my days off from work . Feeling productive and calm , happy to spend time with my boyfriend and our four dogs . That is all . Blah blah blah blah blah",2022-05-04 10:47:00,3,False,4.0,1.0,-2.0,1.0,41,0,0.7845,0.237,0.153,4.0,3,0,0,10,2,2021-05-04 12:11:22,364,2.0,1.7321428571428572,2.0,2.0,1.2358287613066494,56,0.5714285714285714
16,877,Just relaxing at home after running errands . Enjoying my day offf with the dogs and just chillin at home . Kahfmgnosifufn akdhbtkosi dishhskfi suwuhfkkoah sjjdhhduinkahs Kathryn iSight my jsbsvni Sindhis jahsusi,2022-05-04 15:55:00,3,False,2.0,2.0,0.0,0.0,32,0,0.765,0.191,0.0,5.65625,2,0,0,15,2,2021-05-04 12:11:22,365,2.0350877192982457,1.719298245614035,4.0,1.0,1.2530664142799819,57,0.6305418719211822
16,863,"It’s windy AF outside this weekend which means no one wants to go to the bar . So it’s been a very slow weekend , not making alot of money so it’s been rough and I’m frustrated . It’s super annoying when the weather/something you can’t control effects your ability to make money so much",2022-05-08 15:03:00,3,False,2.0,2.0,-1.0,-1.0,55,0,-0.2732,0.102,0.137,4.218181818181818,0,0,4,15,6,2021-05-04 12:11:22,369,2.0344827586206895,1.7241379310344827,2.0,2.0,1.242034511504288,58,0.6896551724137931
16,864,"It’s my Friday , so I’m excited about that . But also very tired after a long and boring weekend at work . Hope that business will pick up soon . Would like to make some money and plan some trips for this summer !",2022-05-09 15:23:00,3,False,1.0,1.0,0.0,0.0,45,0,0.248,0.183,0.143,3.7555555555555555,1,1,2,15,0,2021-05-04 12:11:22,370,2.0338983050847457,1.728813559322034,2.0,2.0,1.2312889475011366,59,0.6770114942528735
16,865,Feeling sluggish and tired today . It’s my weekend but I’m exhausted from work and just want to relax with the dogs . Blah blah blah blah blah blah blah blah blah blah blah blah blah blah blah blah blah,2022-05-10 16:13:00,3,False,1.0,1.0,1.0,1.0,40,0,-0.9403,0.117,0.614,4.075,1,0,0,16,1,2021-05-04 12:11:22,371,2.0166666666666666,1.7166666666666666,1.0,1.0,1.228084724436991,60,0.6333333333333335
16,866,Annoyed with today . Feeling like I get taken advantage of . I always put aside what I want to do so that I can spend time with my boyfriend and his son but they will never reciprocate and do what i want to do . So in order to do stuff that interests me i always have to do it alone .,2022-05-10 20:20:00,3,False,2.0,2.0,1.0,-1.0,63,0,0.3182,0.163,0.073,3.5238095238095237,8,0,2,20,1,2021-05-04 12:11:22,371,2.0,1.7049180327868851,1.0,1.0,1.224744871391589,61,0.5903225806451615
16,887,"Relaxed , Calm , Mellow , Accomplished",2022-08-31 21:07:48,4,True,3.0,1.0,-1.0,1.0,7,1,0.8126,0.894,0.0,4.571428571428571,0,0,0,21,2,2021-05-04 12:11:22,484,2.0,1.7096774193548387,2.0,2.0,1.214664495268374,62,0.5806451612903227
16,888,"Tired , Eager , Anxious",2022-09-01 10:02:28,4,True,2.0,2.0,0.0,0.0,5,1,-0.34,0.338,0.662,3.8,0,0,0,10,3,2021-05-04 12:11:22,484,2.015873015873016,1.6984126984126984,3.0,1.0,1.2113983321347368,63,0.6028225806451613
16,889,"Hungry , Relaxed , Tired",2022-09-01 15:03:14,4,True,2.0,2.0,-2.0,-1.0,5,1,0.0772,0.451,0.408,4.0,0,0,0,15,3,2021-05-04 12:11:22,485,2.015625,1.703125,2.0,2.0,1.2017472398850886,64,0.59375
16,890,"Tired , Hugry , Exhausted",2022-09-01 20:31:43,4,True,0.0,1.0,2.0,1.0,5,1,-0.6597,0.0,0.844,4.2,0,0,0,20,3,2021-05-04 12:11:22,485,2.0153846153846153,1.7076923076923076,2.0,2.0,1.1923232008916944,65,0.5842803030303032
16,891,"Tired , Anxious , Uncomfortable",2022-09-02 10:06:33,4,True,2.0,2.0,0.0,0.0,5,1,-0.7579,0.0,1.0,5.4,0,0,0,10,4,2021-05-04 12:11:22,485,1.9848484848484849,1.696969696969697,0.0,1.0,1.2088446390274314,66,0.3939393939393938
16,892,"PERSON , Ready for work , It’s my Monday !",2022-09-02 15:02:50,4,True,2.0,2.0,-2.0,-1.0,10,1,0.4199,0.318,0.0,3.3,1,1,0,15,4,2021-05-04 12:11:22,486,1.9850746268656716,1.7014925373134329,2.0,2.0,1.1996531987940318,67,0.3885918003565061
16,893,"Exhausted , Tired , Worn out , Unenthusiastic",2022-09-02 20:09:53,4,True,0.0,1.0,0.0,0.0,8,1,-0.765,0.0,0.792,4.75,0,0,0,20,4,2021-05-04 12:11:22,486,1.9852941176470589,1.7058823529411764,2.0,2.0,1.1906682816720227,68,0.4411764705882355
16,894,"Tired , Drained , Unmotivated",2022-09-03 10:00:37,4,True,0.0,1.0,2.0,1.0,5,1,-0.7783,0.0,1.0,5.0,0,0,0,10,5,2021-05-04 12:11:22,486,1.9565217391304348,1.6956521739130435,0.0,1.0,1.2058043764945463,69,0.37815126050420167
16,895,"Mellow , Tired , Want to check out",2022-09-03 15:11:50,4,True,2.0,2.0,1.0,0.0,8,1,-0.3818,0.159,0.354,3.375,0,0,0,15,5,2021-05-04 12:11:22,487,1.9285714285714286,1.6857142857142857,0.0,1.0,1.2196629205446694,70,0.37142857142857144
16,896,"Content , Relaxed , Working",2022-09-03 20:37:39,4,True,3.0,2.0,-3.0,-1.0,5,1,0.4939,0.615,0.0,4.6,0,0,0,20,5,2021-05-04 12:11:22,487,1.9295774647887325,1.6901408450704225,2.0,2.0,1.2109493756313894,71,0.3682539682539683
16,897,"Exhausted , Worn out , Mentally and physically drained",2022-09-04 10:00:36,4,True,0.0,1.0,0.0,0.0,9,1,-0.7351,0.0,0.643,5.111111111111111,0,0,0,10,6,2021-05-04 12:11:22,487,1.9444444444444444,1.6944444444444444,3.0,2.0,1.2089908361689645,72,0.3333333333333335
16,898,"Tired , Sluggish , Exhausted",2022-09-05 11:11:54,4,True,0.0,1.0,1.0,0.0,5,1,-0.7964,0.0,1.0,4.8,0,0,0,11,0,2021-05-04 12:11:22,488,1.917808219178082,1.6849315068493151,0.0,1.0,1.2219454508821197,73,0.27627627627627627
16,899,"Relaxed , Normal , Fine , Going to work",2022-09-05 15:35:44,4,True,1.0,1.0,1.0,1.0,9,1,0.6124,0.556,0.0,3.4444444444444446,0,0,0,15,0,2021-05-04 12:11:22,489,1.8918918918918919,1.6756756756756757,0.0,1.0,1.2338553851404983,74,0.3243243243243241
16,900,"Working , Calm , Slow",2022-09-05 20:17:26,4,True,2.0,2.0,0.0,0.0,5,1,0.3182,0.535,0.0,3.4,0,0,0,20,0,2021-05-04 12:11:22,489,1.88,1.6666666666666667,1.0,1.0,1.2298099171955124,75,0.29658605974395424
17,972,"I feel pretty good , a little tired . I didn’t get home until midnight and right back at it this morning .   Ready to get my shift over for the day . I have two shifts left and I have the next two days off . I’m anxious , but ready .",2021-06-12 12:19:10,1,False,3.0,3.0,-3.0,-1.0,53,0,0.6953,0.191,0.07,3.3773584905660377,5,0,0,12,5,2021-06-12 12:19:10,0,2.0,1.0,2.0,1.0,0.0,0,0.0
17,973,"I hate my job . I hate people at times . I just wanna go home . I don’t understand hope they Think we can manage without a break , all day long . Especially me being 46   years old   I just need a new job . A new profession . I can’t do this right now .",2021-06-12 17:32:25,1,False,0.0,2.0,2.0,0.0,58,0,-0.6705,0.06,0.153,3.310344827586207,8,0,0,17,5,2021-06-12 12:19:10,0,3.0,3.0,3.0,3.0,0.0,1,0.0
17,974,"I feel okay today , but of course I’m off today . I wanted a drink last night , to be honest , but I never drank one . Yesterday was a long , bad day . I just went to bed instead , and got a good nights rest . I feel so much better today",2021-06-13 12:16:35,1,False,2.0,2.0,-1.0,-1.0,57,0,0.8507,0.261,0.088,3.175438596491228,5,0,1,12,6,2021-06-12 12:19:10,0,1.5,2.5,0.0,2.0,2.1213203435596424,2,-3.0
17,975,"I feel a lot better today . I got a good nights rest last night . After a super long , terrible day . Of course I’m off today . So that helps . A lot . Sometimes I like my job , but sometimes not . But I love my days off .",2021-06-13 17:05:56,1,False,1.0,1.0,-1.0,0.0,54,0,0.1122,0.22,0.145,3.1296296296296298,6,0,1,17,6,2021-06-12 12:19:10,1,1.6666666666666667,2.3333333333333335,2.0,2.0,1.5275252316519465,3,-2.0
17,976,"I’m okay today . Today is my day off . I’m not looking forward to tomorrow , with the exception that they owe me money , and I can get that . I work a double tomorrow and I’m not looking forward to dealing with the people .",2021-06-14 12:08:34,1,False,0.0,1.0,0.0,0.0,48,0,0.2263,0.048,0.0,3.6666666666666665,4,0,0,12,0,2021-06-12 12:19:10,1,1.5,2.0,1.0,1.0,1.2909944487358056,4,0.0
17,977,"I feel kind of down . Money has a lot to do with it . I need money so bad , and I feel like I’m not making any lately to account to anything . I feel under paid and under appreciated . I’m not looking forward to work tomorrow . I work a double . Yaaay",2021-06-14 17:35:57,1,False,0.0,1.0,1.0,1.0,57,0,0.0795,0.115,0.089,3.4210526315789473,5,0,1,17,0,2021-06-12 12:19:10,2,1.2,1.8,0.0,1.0,1.3038404810405297,5,-0.5
17,978,"I am tired . I don’t feel good this evening . I worked this morning . It wasn’t that bad , but I did leave for the evening instead of working my double . I just wasn’t feeling well , my legs and my back were hurting really Bad . Overall , my shift was good though . Just tired . And hurting .",2021-06-15 22:03:14,1,False,1.0,2.0,3.0,-1.0,64,0,-0.9089,0.148,0.314,3.578125,9,0,1,22,1,2021-06-12 12:19:10,3,1.0,1.6666666666666667,0.0,1.0,1.2649110640673518,6,-1.3333333333333335
17,979,"I feel okay right now . Of course my shift is fixing to start , so we will see in a few hours how I’m feeling . Hopefully the shift and the people won’t be that bad . I’m pretty happy/content at the moment and feeling okay today .",2021-06-16 12:36:09,1,False,4.0,1.0,-1.0,1.0,49,0,0.7351,0.248,0.068,3.7142857142857144,2,0,1,12,2,2021-06-12 12:19:10,4,1.0,1.7142857142857142,1.0,2.0,1.1547005383792515,7,-1.1666666666666667
17,980,"Today hasn’t been so bad . I didn’t really make a lot , which sucks , but it is what it is . I’m in a pretty good mood and feel pretty good . Today has been okay . My people were all pretty nice . Just wish there was more money .",2021-06-16 17:50:43,1,False,3.0,2.0,0.0,-1.0,53,0,0.9812,0.453,0.067,3.339622641509434,2,0,2,17,2,2021-06-12 12:19:10,4,1.375,1.625,4.0,1.0,1.5059406173077154,8,-0.25
17,981,"I feel good . I’m off this evening . I’ve been off the last two days , besides working this morning , and then this evening off . That does good for my mentality , and with dealing with the public . Sometimes it’s hard to do , deal with people . Then others , they can be really sweet and nice . But overall I feel good right now .",2021-06-16 22:44:13,1,False,3.0,1.0,0.0,0.0,71,0,0.8667,0.186,0.019,3.676056338028169,3,0,1,22,2,2021-06-12 12:19:10,4,1.5555555555555556,1.6666666666666667,3.0,2.0,1.5092308563562362,9,0.10000000000000009
17,1000,"I’m hungry and broke . Studying for college at the moment . But I’m content , besides being hungry . I have to work later , which bums me out , but I need the money .   I’m a pretty positive person though , things will look up .",2022-01-25 10:01:40,2,False,3.0,1.0,-3.0,0.0,49,0,0.8519,0.204,0.042,3.63265306122449,3,0,0,10,1,2021-06-12 12:19:10,226,1.7,1.6,3.0,1.0,1.4944341180973264,10,1.0000000000000002
17,1001,I’m very tired . Don’t feel good at all . I do not want to go to work . I would rather sit home . I just do not feel good today . I felt a lot better earlier . Worried about bills . Money . I need money Bad .,2022-01-25 15:05:12,2,False,0.0,1.0,2.0,1.0,51,0,-0.1065,0.182,0.212,3.0980392156862746,5,0,1,15,1,2021-06-12 12:19:10,227,1.8181818181818181,1.5454545454545454,3.0,1.0,1.4709304414677,11,1.1333333333333335
17,1002,"I’m at work . Things are going pretty good I guess . I thought it was going to be slow , but it picked up some , so that is good . I’m broke , I need the money , and that stresses me out , bad . Other than that , my mind is clear at the moment . Although I am worried about a couple things , they aren’t bothering me at the moment . Probably because I’m at work .",2022-01-25 20:03:39,2,False,2.0,2.0,1.0,0.0,83,0,-0.8537,0.133,0.22,3.3855421686746987,7,0,1,20,1,2021-06-12 12:19:10,227,1.6666666666666667,1.5,0.0,1.0,1.497472618255253,12,1.3333333333333335
17,1003,"So this morning I had school . Biology so far . That Shìt messed with my mind ! I’m not good with science . Other than that , I am good today . I feel okay and have a pretty good outlook so far today . Work tonight after school , not looking forward to that with the exception of I need money .",2022-01-26 10:39:06,2,False,3.0,2.0,-1.0,0.0,64,0,-0.5873,0.086,0.168,3.609375,5,1,3,10,2,2021-06-12 12:19:10,227,1.6923076923076923,1.5384615384615385,2.0,2.0,1.4366984945013914,13,1.2857142857142856
17,1004,"I feel okay besides hurting . My mental clarity is good right now . I’m not happy or sad , just content I guess . I still don’t want to work tonight but I know I need the money . I’m going to school so if I can get through this , I’ll be good .",2022-01-26 15:22:06,2,False,2.0,2.0,1.0,0.0,56,0,0.7334,0.236,0.076,3.375,7,0,1,15,2,2021-06-12 12:19:10,228,1.7857142857142858,1.5714285714285714,3.0,2.0,1.42389343964797,14,1.5714285714285716
17,1005,"I’m done with work and   mode a little money , so I’m happy about that . I do not need to drink to feel happy or not be   stressed   out . I’m off tomorrow and that also makes me happy . I’m pretty good tonight . Content .",2022-01-26 21:43:55,2,False,3.0,2.0,0.0,0.0,48,0,0.9641,0.371,0.0,3.5208333333333335,2,0,1,21,2,2021-06-12 12:19:10,228,1.8,1.6,2.0,2.0,1.3732131246511905,15,1.5
17,1006,"I just got up not long ago , no school or work today . I’m off , just need to go work on my school work . So I’m clam , and comment right now . Hurting   a little , but I’m okay . I get to go get my grandson later , he’s2 , so that makes me happy to that I get to spend some time with him . Have a great day !",2022-01-27 10:02:43,2,False,3.0,2.0,-3.0,-1.0,76,0,0.9266,0.205,0.026,3.0526315789473686,6,1,2,10,3,2021-06-12 12:19:10,228,1.875,1.625,3.0,2.0,1.3601470508735443,16,1.0
17,1007,"My grandson has stayed with me tonight . He’s two and not listening and my head hurts . I’m also trying to study biology . I can say the three do not go together . I just wish my head would quit hurting , and my legs . It’s my night off !! Can I not get a break from life once in a while ?? Why does life have to be so damned hard at times ??",2022-01-27 20:01:40,2,False,0.0,1.0,3.0,0.0,78,0,-0.8654,0.035,0.161,3.3974358974358974,9,2,1,20,3,2021-06-12 12:19:10,229,1.9411764705882353,1.6470588235294117,3.0,2.0,1.3449251017851382,17,1.0694444444444446
17,1008,"I’m trying to do homework , I have a Paper due this Somali that I’m working on . It’s going well , so far . So that helps with my sanity . lol . I’m okay , as far as right now . I have to work tonight , not looking forward to that with the exception that I need money , so I’ll make it through it . Maybe not happy , until I get off , but I’ll get more money for my bills and such . That does a lot for my mental stability .",2022-01-28 10:02:36,2,False,3.0,1.0,-2.0,0.0,98,0,0.4292,0.085,0.025,3.336734693877551,7,0,3,10,4,2021-06-12 12:19:10,229,1.8333333333333333,1.6111111111111112,0.0,1.0,1.3826657968874305,18,0.5555555555555556
17,1009,"I don’t feel good . Mentally and physically . I’m hurting bad and tired as hell . Still got to work . Still got to have that money to pay my bills . I was I was rich sometimes , not all   the time . Sometimes I’m content , sometimes , it would just be easier to gave money . Thinks will look up",2022-01-28 15:20:22,2,False,1.0,1.0,-1.0,0.0,64,0,-0.7003,0.138,0.224,3.578125,4,0,0,15,4,2021-06-12 12:19:10,230,1.894736842105263,1.5789473684210527,3.0,1.0,1.3701069237311885,19,0.6444444444444446
17,1010,"My head hurts . That makes everything bad . I didn’t have to work tonight , they sent me home as extra . I needed to stay and work , I needed the money . But at the same time , I was happy to go cause I don’t feel good at all . I’m not sick , just getting old sucks .",2022-01-28 20:00:59,2,False,0.0,1.0,4.0,0.0,63,0,0.7847,0.201,0.122,3.253968253968254,7,0,0,20,4,2021-06-12 12:19:10,230,1.85,1.55,1.0,1.0,1.348488432516786,20,0.30000000000000004
17,1011,"I feel pretty good this morning and I’m at work . We will see how things go today . On how I feel later , and tonight . I have to work a double , so tonight too . But then I’m off for two days , so hopefully they show me to stay for both shifts , cause I need the money . Overall , I’m content and calm right now .",2022-01-29 10:19:50,2,False,4.0,1.0,-1.0,0.0,73,0,0.8942,0.181,0.0,3.315068493150685,5,0,2,10,5,2021-06-12 12:19:10,230,1.7619047619047619,1.5238095238095237,0.0,1.0,1.3749458863810569,21,0.11818181818181817
17,1012,"I still feel okay right now . Hopefully I continue to through work tonight . I have a lot on my mind right now . Stuff going on with my house , they see trying to take it because I was late through COVID . I owe nothing , but she still wants it back . I’m up to date with my payment . I don’t get it and that messes with my head , I’d like to know why !!!",2022-01-29 16:34:41,2,False,3.0,1.0,-1.0,1.0,81,0,0.7526,0.107,0.0,3.3950617283950617,10,3,0,16,5,2021-06-12 12:19:10,231,1.8636363636363635,1.5,4.0,1.0,1.4241272864946195,22,0.09090909090909105
17,1013,"I’m At work . It’s busy . Making a little cash , so that’s a good thing . I’m feeling okay tonight . Just worried about my house really . And money . It’s been slack here lately . But January is always bad . It’ll get better though . Won’t always be bad",2022-01-29 20:35:08,2,False,2.0,2.0,0.0,0.0,54,0,-0.6663,0.158,0.203,3.7037037037037037,1,0,2,20,5,2021-06-12 12:19:10,231,1.9130434782608696,1.4782608695652173,3.0,1.0,1.4114159066908945,23,0.18181818181818188
17,1014,"I don’t feel that bad , yet . I get so tired of not feeling good . Getting old sucks ass !! I’m trying to work on school work , not really getting anywhere but I have a couple of things due today , and something due by the first that I need to work on today . I have school first thing in the morning , so I can not do it then . I’ll just have to trudge away at it today .",2022-01-30 10:12:37,2,False,2.0,2.0,1.0,-1.0,85,0,-0.8439,0.0,0.161,3.388235294117647,6,2,3,10,6,2021-06-12 12:19:10,231,1.9166666666666667,1.5,2.0,2.0,1.3805061033726997,24,0.4999999999999998
17,1015,"I’m trying to study . My legs are hurting , but I’m trying to move past that thought . I just need to accept that I’m going to hurt and most days I don’t feel good , I guess . If it isn’t one thing , it’s another ! A headache , or I’m tired , or my legs hurt , it’s always something ! Other than that , mentally I’m okay . I’m off today and my boyfriend is home too .",2022-01-30 15:01:33,2,False,3.0,1.0,-3.0,0.0,83,0,-0.7835,0.116,0.186,3.433734939759036,6,2,0,15,6,2021-06-12 12:19:10,232,1.92,1.52,2.0,2.0,1.351542328847553,25,0.487179487179487
17,1016,"I don’t feel good , again . I get so tired of this Shìt ! My legs are hurting so bad ! They have since I was little though and I’m46 , you think I would be used to it by now . But I’m not . I get so tired of feeling bad . I’m miserable . I just hate to feel like this .",2022-01-30 20:01:21,2,False,0.0,1.0,3.0,1.0,66,0,-0.9747,0.097,0.374,3.090909090909091,7,2,3,20,6,2021-06-12 12:19:10,232,1.9615384615384615,1.5,3.0,1.0,1.3410673131731823,26,0.5384615384615385
17,1017,"I’m in school . I’m On break at the moment . 5 minutes . lol . Anyway , I feel okay right now . Just need to study this biology , because most of it I do not get . That makes me nervous about passing the class !!! But I’m trying . Hopefully I feel okay today . No work , so there’s that . Still worried about my home . That won’t stop until I know what’s going on .",2022-01-31 10:16:26,2,False,3.0,2.0,-1.0,0.0,82,0,-0.3769,0.123,0.144,3.4634146341463414,6,3,1,10,0,2021-06-12 12:19:10,232,1.8888888888888888,1.4814814814814814,0.0,1.0,1.3681355458414461,27,0.37912087912087933
17,1018,My head hurts and I’m trying to study . Not working too well . I guess I couldn’t have felt good all day ? Is that too much to ask ? That I feel okay every now and again ? Life sucks sometimes ! I wish I were rich and felt good . Then things would not be so hard .,2022-01-31 20:13:35,2,False,2.0,2.0,1.0,-1.0,61,0,0.7616,0.235,0.147,3.3442622950819674,6,1,1,20,0,2021-06-12 12:19:10,233,1.9285714285714286,1.5,3.0,2.0,1.3588822048142535,28,0.2857142857142858
17,1019,"I just got off work . I actually feel okay for once . And I went to school today too . I’m surprised . Still worried about my house . But this too shall pass , right ? I’m content tonight . For the first time in days .",2022-02-02 21:36:24,2,False,3.0,1.0,1.0,0.0,49,0,0.0772,0.075,0.042,3.4693877551020407,4,0,0,21,2,2021-06-12 12:19:10,235,1.9310344827586208,1.5172413793103448,2.0,2.0,1.3344617556677678,29,0.28095238095238106
17,982,"I’m good right now . I feel content . Calm . Just trying to get some school work done . Studying biology . Fun fun ! But I feel okay today . I’m off today as well , so no work . But I’ma double tomorrow , so I have a lot of school work to get done today . Talk to you more soon !",2022-02-03 10:18:19,2,False,4.0,1.0,-4.0,0.0,66,0,0.7707,0.224,0.063,3.242424242424242,3,2,2,10,3,2021-06-12 12:19:10,235,1.9666666666666666,1.5,3.0,1.0,1.3256965204630415,30,0.33333333333333326
17,983,"I do not feel well . I keep feeling dizzy . If it wasn’t for that I would feel fine . Like I said before , it is always something ! I’m trying to do school work and it is hard to do when you feel dizzy , but I have so much I need to work on right now . I will get it done somehow .",2022-02-03 16:57:19,2,False,0.0,1.0,4.0,0.0,68,0,-0.1025,0.078,0.103,3.1470588235294117,7,1,1,16,3,2021-06-12 12:19:10,236,2.032258064516129,1.4838709677419355,4.0,1.0,1.3536092732085316,31,0.44999999999999996
17,984,"I’m okay . Just got done eating . I feel better this evening than I did earlier this afternoon . I’m tired , but I feel okay . I’m content . I’m good right now . Not long before I’m going to bed . I have to work a double tomorrow . Yay me !! I’ve got so much school work , I need to work on it instead , but I got to get that money too for my bills .",2022-02-03 22:33:29,2,False,4.0,1.0,0.0,0.0,82,0,0.9158,0.201,0.026,3.2804878048780486,8,2,1,22,3,2021-06-12 12:19:10,236,1.96875,1.46875,0.0,1.0,1.3792091001496052,32,0.1875
17,985,"I’m at work . I am feeling okay so far today , but I am a double , so we will see what happens . Hopefully I will continue to feel well and stay content with how things are . I wish I knew what was going to happen with my home , that would take a load off of me ! I would be in such a better mind set of that was just over with ! I do not like not knowing what will happen . Hopefully it will all turn out ok and I am worrying for nothing .",2022-02-04 10:11:13,2,False,4.0,1.0,-2.0,1.0,102,0,0.9474,0.232,0.058,3.323529411764706,10,2,2,10,4,2021-06-12 12:19:10,236,2.0303030303030303,1.4545454545454546,4.0,1.0,1.4027840283889144,33,0.30147058823529393
17,986,"I’m at work . I feel ok , but I am pissed . I am a double and they will not cut me . For god sake’s , I’ve got to come back ! Why are they keeping me here !? I have an empty section . This is PERSON  . Other than that , I’m ok still",2022-02-04 15:01:44,2,False,2.0,2.0,-2.0,-1.0,58,0,-0.3211,0.176,0.143,3.0,6,2,0,15,4,2021-06-12 12:19:10,237,2.088235294117647,1.4411764705882353,4.0,1.0,1.4220694919478087,34,0.2941176470588236
17,987,"I feel dizzy again , and that makes me not feel well . If that wasn’t the case , besides being extremely tired , I would be fine . I got sent home from work as an extra , I needed to stay and work , I needed the money . Hopefully I will work tomorrow night , and feel good tomorrow .",2022-02-04 21:34:24,2,False,0.0,1.0,4.0,0.0,63,0,0.1263,0.134,0.125,3.507936507936508,7,0,1,21,4,2021-06-12 12:19:10,237,2.085714285714286,1.457142857142857,2.0,2.0,1.4010800155894143,35,0.28104575163398704
17,988,"I feel ok . I’m trying to get some homework done before work at 3 : 45 . I have some assignments due tomorrow by midnight . I don’t feel bad , but I don’t feel great either . I’m just okay . I’m not anxious , I’m calm . Just trying to work on some stuff . I’ll get it done . I always do .",2022-02-05 10:04:17,2,False,4.0,1.0,-1.0,0.0,67,0,0.7916,0.197,0.079,3.3134328358208953,5,0,0,10,5,2021-06-12 12:19:10,237,2.0277777777777777,1.4444444444444444,0.0,1.0,1.4240006242195884,36,0.38888888888888906
17,989,"I am currently okay . I do not feel bad , but I do not feel good . If that makes sense . I’ll take it , beats feeling bad all the time ! I have to work in about 45 minutes , not looking forward to that . But I’ll get through it .",2022-02-05 15:00:46,2,False,3.0,1.0,1.0,0.0,55,0,0.6228,0.186,0.063,3.1818181818181817,4,1,0,15,5,2021-06-12 12:19:10,238,2.081081081081081,1.4324324324324325,4.0,1.0,1.4410331628996524,37,0.48245614035087736
17,990,"I’m at work . I’m feeling okay tonight/today . Thankfully . I hate feeling bad , and I feel bad so much . It gets so tiring ! I’m still worried about my house , but that’ll pass too . Hopefully sooner than later . Other than that , I am good today .",2022-02-05 20:03:07,2,False,4.0,1.0,-1.0,1.0,54,0,0.6239,0.26,0.163,3.6296296296296298,4,1,2,20,5,2021-06-12 12:19:10,238,2.1052631578947367,1.4210526315789473,3.0,1.0,1.4292215549733949,38,0.42105263157894757
17,991,"I’m feeling okay today , so far . I have some school work to do , but do not really feel like doing it today . But I’ll end up working on it at some point . I have not been up long , so we will see how I feel later . But right now I’m good .",2022-02-06 10:04:15,2,False,3.0,2.0,1.0,-1.0,59,0,0.3769,0.122,0.056,3.1016949152542375,3,0,3,10,6,2021-06-12 12:19:10,238,2.1538461538461537,1.4102564102564104,4.0,1.0,1.442557333321289,39,0.5052631578947369
17,992,"I am doing homework . Biology . Yuck . Anyway , I still feel okay . I’m off today and tomorrow , but I have school tomorrow . At 8 : 00 am . So no work until Tuesday night . That’s good . I get so tired of working , busting   my ass for money that just disappears . But you have to have it ! Life sucks at times . lol . I really am okay right now .",2022-02-06 15:01:16,2,False,4.0,1.0,-3.0,0.0,81,0,-0.8615,0.143,0.239,3.2839506172839505,6,1,3,15,6,2021-06-12 12:19:10,239,2.175,1.425,3.0,2.0,1.4302142568555316,40,0.6499999999999999
17,993,"I’m tired . I’ve been sitting at my computer all day doing school work . I’m ready for bed , but I still haven’t done everything I needed to get done before tomorrow . Oh well . Not much I can do . So I’m a little stressed about that .",2022-02-06 22:08:24,2,False,1.0,1.0,2.0,0.0,51,0,-0.1546,0.097,0.11,3.627450980392157,4,0,1,22,6,2021-06-12 12:19:10,239,2.2195121951219514,1.4146341463414633,4.0,1.0,1.440697662973589,41,0.7214285714285715
17,994,"I’m okay today . I feel okay so far . Test next week in biology , not looking forward to that . Nervous about that . That stresses me because I’m not that good with science , and math . Hopefully I continue to feel ok today . Feeling bad sucks .",2022-02-07 10:43:57,2,False,3.0,1.0,1.0,0.0,52,0,-0.6492,0.186,0.247,3.730769230769231,3,0,1,10,0,2021-06-12 12:19:10,239,2.1904761904761907,1.4047619047619047,1.0,1.0,1.4354075691813744,42,0.8571428571428572
17,995,"Feeling okay today . I’m ready to go home . Got more school work to do . I’m off tonight , so that is a good thing . I am already tired , so at least I know I can go to bed early if I need to . I’m content and calm today",2022-02-07 15:22:56,2,False,4.0,1.0,0.0,0.0,54,0,0.7553,0.226,0.058,3.0925925925925926,4,0,2,15,0,2021-06-12 12:19:10,240,2.2093023255813953,1.3953488372093024,3.0,1.0,1.423579317456425,43,0.8744588744588744
17,996,"I am working in school work , really tired tonight . I still have a lot to do . I feel okay , I am just tired . Tired of thinking about my home , what they going to do . I wish they would go ahead and do what they going to , because I am tired of worrying about it .",2022-02-07 20:27:53,2,False,4.0,1.0,0.0,0.0,63,0,-0.8828,0.077,0.25,3.238095238095238,7,0,1,20,0,2021-06-12 12:19:10,240,2.25,1.3863636363636365,4.0,1.0,1.4325940043834293,44,0.7727272727272727
17,997,"I’m feeling okay today , so far anyway . School work right now . I work at 4 : 45 . I need the money , or I would not go . I would just concentrate on my school work . I wish I could do that . That would be so much simpler . Hopefully I continue to feel okay , through tonight , through work .",2022-02-08 10:33:54,2,False,4.0,1.0,0.0,0.0,68,0,0.8387,0.207,0.0,3.323529411764706,8,0,2,10,1,2021-06-12 12:19:10,240,2.2888888888888888,1.3777777777777778,4.0,1.0,1.4400476984243866,45,0.8320158102766799
17,998,"I’m feeling okay , and a little accomplished I guess . Been working diligently on school work and that makes me feels good to get it done , and to get a good grade . Bad grades   stress me . But I funny have any bad ones yet . I have to get ready for work , that’s what I’m doing now . So yeah , with tonight . Hopefully I feel okay through that .",2022-02-08 15:20:34,2,False,4.0,1.0,0.0,0.0,76,0,0.9143,0.31,0.112,3.5526315789473686,6,0,1,15,1,2021-06-12 12:19:10,241,2.3260869565217392,1.3695652173913044,4.0,1.0,1.4461342772460954,46,0.8260869565217392
17,999,"I feel okay . Just got off of work , going home . I have class at 8 am . I have felt pretty good today , thankfully . I hate so much to feel bad . But today has been a good day . I am still worried about my home though , we’ll be until I know what’s going on",2022-02-08 21:44:51,2,False,4.0,1.0,-3.0,1.0,62,0,0.431,0.202,0.133,3.1774193548387095,7,0,1,21,1,2021-06-12 12:19:10,241,2.3617021276595747,1.3617021276595744,4.0,1.0,1.4510196102545274,47,0.8786231884057969
17,1037,"Sad , Depressed , Tired , Spent , Dragging",2022-04-28 20:29:00,3,True,1.0,2.0,2.0,0.0,9,1,-0.8519,0.0,0.823,3.7777777777777777,0,0,0,20,3,2021-06-12 12:19:10,320,2.3958333333333335,1.3541666666666667,4.0,1.0,1.454846388518182,48,0.9583333333333333
17,1038,"Content , Happy , Good , Solid , Transparent",2022-04-29 10:00:00,3,True,3.0,2.0,-2.0,0.0,9,1,0.802,0.804,0.0,4.0,0,0,0,10,4,2021-06-12 12:19:10,320,2.36734693877551,1.3673469387755102,1.0,2.0,1.4533564249554145,49,0.8833333333333331
17,1039,"Sad , Alone , Left , Things left unsaid , Content",2022-04-29 15:47:00,3,True,1.0,2.0,3.0,-1.0,11,1,-0.6249,0.0,0.505,3.5454545454545454,0,0,0,15,4,2021-06-12 12:19:10,321,2.38,1.38,3.0,2.0,1.4412296337304673,50,0.9199999999999999
17,1040,"Content , Happy , Making money , Busy , Tired",2022-04-29 20:38:00,3,True,4.0,1.0,0.0,1.0,10,1,0.2023,0.349,0.274,3.6,0,0,0,20,4,2021-06-12 12:19:10,321,2.3529411764705883,1.392156862745098,1.0,2.0,1.439771223656935,51,0.8492307692307692
17,1041,"Happy , Content , Lively , Ready to make money , Excited",2022-04-30 10:01:00,3,True,4.0,2.0,0.0,0.0,12,1,0.8885,0.742,0.0,3.75,0,0,0,10,5,2021-06-12 12:19:10,321,2.3846153846153846,1.3846153846153846,4.0,1.0,1.443767486492472,52,0.846153846153846
17,1042,"Content , Happy , Sad (death in family) , Lively , Excited",2022-04-30 15:44:00,3,True,4.0,2.0,-3.0,-1.0,12,1,0.7096,0.559,0.193,3.9166666666666665,0,0,0,15,5,2021-06-12 12:19:10,322,2.4150943396226414,1.3962264150943395,4.0,2.0,1.4469325945725928,53,0.8903133903133902
17,1043,"Tired , Exhausted , Sad , Home sick , Lonely",2022-04-30 20:20:00,3,True,1.0,1.0,3.0,0.0,10,1,-0.9231,0.0,0.935,3.5,0,0,0,20,5,2021-06-12 12:19:10,322,2.4444444444444446,1.4074074074074074,4.0,2.0,1.4493546601220868,54,1.1111111111111112
17,1044,"Calm , Content , Sluggish , Tired , Serene",2022-05-01 10:01:00,3,True,4.0,1.0,-3.0,0.0,9,1,-0.0772,0.445,0.471,3.7777777777777777,0,0,0,10,6,2021-06-12 12:19:10,322,2.418181818181818,1.4,1.0,1.0,1.4490214973088908,55,1.0396825396825395
17,1045,"Tired , Exhausted , Lonely , Sad , Depressed",2022-05-01 15:15:00,3,True,1.0,1.0,3.0,0.0,9,1,-0.9231,0.0,1.0,4.0,0,0,0,15,6,2021-06-12 12:19:10,323,2.4464285714285716,1.3928571428571428,4.0,1.0,1.451264562775799,56,1.0357142857142858
17,1046,"Content , Scared , Limited , Busy , Rushed",2022-05-01 20:13:00,3,True,4.0,1.0,-4.0,0.0,9,1,-0.5859,0.0,0.615,3.7777777777777777,0,0,0,20,6,2021-06-12 12:19:10,323,2.4210526315789473,1.3859649122807018,1.0,1.0,1.4509525002200232,57,0.9679802955665024
17,1047,"Sluggish , Tired , Exhausted , Falling asleep , Mentally exhausted",2022-05-02 10:08:00,3,True,0.0,1.0,4.0,0.0,11,1,-0.8807,0.0,0.859,5.090909090909091,0,0,0,10,0,2021-06-12 12:19:10,323,2.4482758620689653,1.3793103448275863,4.0,1.0,1.4530357066054147,58,1.0344827586206897
17,1048,"Awake , Thriving , Joyful , Happy , Smiling",2022-05-02 15:03:00,3,True,4.0,1.0,0.0,0.0,9,1,0.891,0.841,0.0,3.888888888888889,0,0,0,15,0,2021-06-12 12:19:10,324,2.406779661016949,1.3728813559322033,0.0,1.0,1.4752982640317367,59,0.9356321839080459
17,1049,"Happy , Joyous , Content , With friends , Out to eat",2022-05-02 20:01:00,3,True,4.0,1.0,0.0,0.0,12,1,0.8979,0.686,0.0,3.4166666666666665,0,0,0,20,0,2021-06-12 12:19:10,324,2.433333333333333,1.3666666666666667,4.0,1.0,1.4771326629503534,60,0.9333333333333333
17,1050,"Happy , Quiet , Little stressed , Content , Worried",2022-05-03 10:11:00,3,True,4.0,1.0,-1.0,0.0,10,1,0.1672,0.344,0.376,4.2,0,0,0,10,1,2021-06-12 12:19:10,324,2.459016393442623,1.360655737704918,4.0,1.0,1.4784425419091456,61,0.9688172043010754
17,1051,"Stressed , Late on schoolwork , Busy , Worried , Content",2022-05-03 15:01:00,3,True,3.0,1.0,0.0,2.0,11,1,-0.5574,0.0,0.479,4.181818181818182,0,0,0,15,1,2021-06-12 12:19:10,325,2.4838709677419355,1.3548387096774193,4.0,1.0,1.4792769111288961,62,0.903225806451613
17,1052,"Making money , Busy at work , Stressed about school , Excited , making money , Excited , school almost over",2022-05-03 20:10:00,3,True,3.0,3.0,-2.0,-1.0,21,1,0.34,0.25,0.125,4.142857142857143,0,0,0,20,1,2021-06-12 12:19:10,325,2.492063492063492,1.3492063492063493,3.0,1.0,1.4687389354204057,63,0.905241935483871
17,1053,"Sad , Depressed , Broke , Stressed , Unhappy",2022-05-04 10:09:00,3,True,1.0,2.0,-1.0,-1.0,9,1,-0.9246,0.0,1.0,4.0,0,0,0,10,2,2021-06-12 12:19:10,325,2.5,1.375,3.0,3.0,1.4584183648679576,64,1.0625
17,1054,"Tired , Sluggish , Exhausted , Grumpy , Alone",2022-05-04 15:06:00,3,True,0.0,1.0,0.0,0.0,9,1,-0.8442,0.0,0.91,4.111111111111111,0,0,0,15,2,2021-06-12 12:19:10,326,2.476923076923077,1.3846153846153846,1.0,2.0,1.4588918344467434,65,1.0009469696969697
17,1055,"Tired , Ready to go home , Sluggish , Mentally tired , Emotionally tired",2022-05-04 20:23:00,3,True,0.0,1.0,4.0,0.0,14,1,-0.836,0.132,0.603,4.214285714285714,0,0,0,20,2,2021-06-12 12:19:10,326,2.4393939393939394,1.378787878787879,0.0,1.0,1.4793843613402462,66,0.8181818181818183
17,1056,"Content , Awake , Just getting up , Relaxing , Calm",2022-05-05 10:00:00,3,True,4.0,1.0,-1.0,1.0,11,1,0.6705,0.524,0.0,3.727272727272727,0,0,0,10,3,2021-06-12 12:19:10,326,2.4029850746268657,1.373134328358209,0.0,1.0,1.4980765596463144,67,0.7344028520499108
17,1057,"Okay , Awake , Ready for work , Ready to make money , Still tired in a way",2022-05-05 15:03:00,3,True,3.0,2.0,0.0,0.0,18,1,0.4588,0.367,0.154,3.1666666666666665,0,0,0,15,3,2021-06-12 12:19:10,327,2.426470588235294,1.3676470588235294,4.0,1.0,1.4994145770096086,68,0.6764705882352939
17,1058,"Busy   at work , Joyous , Making money , Content , Happy",2022-05-05 20:11:00,3,True,3.0,2.0,0.0,0.0,12,1,0.8316,0.565,0.0,3.5833333333333335,0,0,0,20,3,2021-06-12 12:19:10,327,2.4347826086956523,1.3768115942028984,3.0,2.0,1.4899492773597562,69,0.6831932773109242
17,1059,"Content , Tired , Just waking up , Sleepy , Happy",2022-05-06 10:09:00,3,True,3.0,2.0,-3.0,-1.0,11,1,0.2023,0.319,0.25,3.5454545454545454,0,0,0,10,4,2021-06-12 12:19:10,327,2.442857142857143,1.3857142857142857,3.0,2.0,1.4806551065367846,70,0.714285714285714
17,1060,"Not feeling good , Tired , Very sluggish , Hurting , Sleepy",2022-05-06 15:01:00,3,True,0.0,1.0,1.0,0.0,12,1,-0.7462,0.159,0.643,4.0,0,0,1,15,4,2021-06-12 12:19:10,328,2.4507042253521125,1.3943661971830985,3.0,2.0,1.4715272182752006,71,0.7198412698412695
17,1061,"Ready to go home , Not making Shìt tonight , Feel bad , Terrible , Tried",2022-05-06 20:46:00,3,True,1.0,1.0,-1.0,0.0,16,1,-0.6249,0.138,0.365,3.5625,0,0,0,20,4,2021-06-12 12:19:10,328,2.4166666666666665,1.3888888888888888,0.0,1.0,1.4893991604519352,72,0.7777777777777777
17,1020,"Content , Tired , Sleepy , Sad , Exhausted",2022-05-07 10:01:00,3,True,0.0,1.0,1.0,1.0,9,1,-0.8176,0.0,0.81,3.7777777777777777,0,0,0,10,5,2021-06-12 12:19:10,328,2.3972602739726026,1.3835616438356164,1.0,1.0,1.488285049864415,73,0.7289789789789789
17,1021,"Sad , Depressed , Lonely , Broke , Tired",2022-05-07 15:13:00,3,True,1.0,2.0,1.0,0.0,9,1,-0.9274,0.0,1.0,3.5555555555555554,0,0,0,15,5,2021-06-12 12:19:10,329,2.364864864864865,1.3783783783783783,0.0,1.0,1.5040978211077032,74,0.5675675675675675
17,1022,"Busy at work , Really busy , Tired , Exhausted , Making money",2022-05-07 20:21:00,3,True,2.0,2.0,1.0,0.0,13,1,-0.7133,0.0,0.459,3.769230769230769,0,0,1,20,5,2021-06-12 12:19:10,329,2.3466666666666667,1.3866666666666667,1.0,2.0,1.5021905926268397,75,0.5241820768136556
17,1023,"Off work , Tired , Sluggish , Need to study for exams , Stressed",2022-05-08 10:03:00,3,True,3.0,2.0,-2.0,0.0,14,1,-0.7906,0.0,0.533,3.642857142857143,0,0,0,10,6,2021-06-12 12:19:10,329,2.3421052631578947,1.394736842105263,2.0,2.0,1.4926721593968972,76,0.47368421052631593
17,1024,"Sad , Depressed , Alone , Not enthusiastic , Worried",2022-05-08 15:03:00,3,True,1.0,2.0,3.0,-1.0,10,1,-0.8458,0.136,0.792,4.3,0,0,0,15,6,2021-06-12 12:19:10,330,2.3506493506493507,1.4025974025974026,3.0,2.0,1.484713633262531,77,0.48448043184885314
17,1025,"Content , Tired , Happy , Smiling , Worried still",2022-05-08 20:02:00,3,True,4.0,1.0,0.0,0.0,10,1,0.3818,0.486,0.37,4.0,0,0,0,20,6,2021-06-12 12:19:10,330,2.3333333333333335,1.4102564102564104,1.0,2.0,1.4829478072859474,78,0.35897435897435903
17,1026,"Content , Worried about grades , Don’t feel good , Tired , Calm",2022-05-09 10:01:00,3,True,4.0,1.0,-2.0,1.0,13,1,0.0258,0.34,0.333,3.923076923076923,0,0,0,10,0,2021-06-12 12:19:10,330,2.3544303797468356,1.4050632911392404,4.0,1.0,1.4852952282164895,79,0.3961538461538461
17,1027,"Sad , Worried , Stressed , Unhappy , Tired",2022-05-09 15:03:00,3,True,2.0,2.0,0.0,0.0,9,1,-0.9081,0.0,1.0,3.7777777777777777,0,0,0,15,0,2021-06-12 12:19:10,331,2.375,1.4,4.0,1.0,1.4872879063771398,80,0.40000000000000036
17,1028,"Tired , Busy , School work , Last 2 days of school , A lot to do",2022-05-09 20:17:00,3,True,2.0,2.0,0.0,0.0,17,1,-0.4404,0.0,0.225,2.823529411764706,0,0,0,20,0,2021-06-12 12:19:10,331,2.3703703703703702,1.4074074074074074,2.0,2.0,1.4785503410811252,81,0.3859756097560978
17,1029,"Busy bee , Awake , Content , School work , Last 2 days of school",2022-05-10 10:05:00,3,True,2.0,2.0,2.0,-1.0,15,1,0.0,0.0,0.0,3.3333333333333335,0,0,0,10,1,2021-06-12 12:19:10,331,2.3658536585365852,1.4146341463414633,2.0,2.0,1.4699642653080878,82,0.2926829268292681
17,1030,"Studying , Busy , Work soon , Content , Calm",2022-05-10 15:00:00,3,True,4.0,1.0,0.0,0.0,10,1,0.3182,0.315,0.0,3.5,0,0,0,15,1,2021-06-12 12:19:10,332,2.36144578313253,1.4216867469879517,2.0,2.0,1.4615253746703039,83,0.2804878048780486
17,1031,"Busy   at work , Making money , Content , So so happy , Tired",2022-05-10 20:50:00,3,True,4.0,1.0,-4.0,0.0,14,1,0.3914,0.308,0.208,3.2857142857142856,0,0,2,20,1,2021-06-12 12:19:10,332,2.380952380952381,1.4166666666666667,4.0,1.0,1.4636541324342487,84,0.38095238095238093
17,1032,"Tired , Exhausted , Sluggish , Sleepy , Want a nap",2022-05-11 11:39:00,3,True,0.0,1.0,2.0,1.0,11,1,-0.7783,0.114,0.711,3.6363636363636362,0,0,0,11,2,2021-06-12 12:19:10,332,2.4,1.411764705882353,4.0,1.0,1.4654757069358222,85,0.4141749723145072
17,1033,"Content , Very tired , Very busy , Last day of school , Paper for school , busy",2022-05-11 15:00:00,3,True,2.0,2.0,2.0,-1.0,18,1,-0.4927,0.0,0.21,3.4444444444444446,0,0,2,15,2,2021-06-12 12:19:10,333,2.372093023255814,1.4069767441860466,0.0,1.0,1.4796383630341967,86,0.32558139534883734
17,1034,"Busy   at work , Tired , Worried , Stressed about a paper , I need to go",2022-05-11 20:01:00,3,True,4.0,1.0,-2.0,1.0,17,1,-0.7579,0.0,0.484,3.176470588235294,1,0,0,20,2,2021-06-12 12:19:10,333,2.367816091954023,1.4137931034482758,2.0,2.0,1.4715514872874949,87,0.31342494714587765
17,1035,"Just waking up , Work last night late , Content , Tired , Awake",2022-05-12 10:01:00,3,True,2.0,2.0,1.0,0.0,14,1,-0.4404,0.0,0.244,3.5714285714285716,0,0,0,10,3,2021-06-12 12:19:10,333,2.3863636363636362,1.4090909090909092,4.0,1.0,1.4733792434347397,88,0.27272727272727293
17,1036,"No more papers , No more school right now , PERSON , Going to work now , Make some money",2022-05-12 15:19:00,3,True,3.0,2.0,-3.0,-1.0,20,1,-0.5267,0.0,0.239,3.45,0,0,0,15,3,2021-06-12 12:19:10,334,2.3820224719101124,1.4157303370786516,2.0,2.0,1.465556192725045,89,0.26111111111111107
17,1075,"I am very tired . I am jus getting up . I am actually still in the bed . Hopefully , I will feel ok today . I work this evening . I hate going to work feeling bad . It makes for such a long evening . I have a ton of schoolwork to do . I don’t know how to get that done when I have to go pick up my daughter every day because she will not go get her license .",2022-09-01 10:05:26,4,False,0.0,1.0,3.0,1.0,85,0,-0.7178,0.086,0.139,3.223529411764706,10,0,1,10,3,2021-06-12 12:19:10,445,2.388888888888889,1.4222222222222223,3.0,2.0,1.4587546207965825,90,0.20000000000000018
17,1076,"I feel okay today . I feel happy and good so far today . I am on my way to work , I need some money . Behind on some things . I’m hungry , and that makes me feel ill when I’m starving . So I need to eat when I get to work so I feel better in that aspect .",2022-09-01 15:09:48,4,False,3.0,2.0,0.0,0.0,63,0,0.7251,0.197,0.094,3.0634920634920637,9,0,3,15,3,2021-06-12 12:19:10,446,2.3626373626373627,1.4175824175824177,0.0,1.0,1.4720845651772072,91,0.14589371980676358
17,1077,"I am feeling alright today . Not hurting   too bad . It’s not been too awful busy   at work . I got a good nights sleep , so that helps me not be tired I’m almost done with work , an hour left . Yaaay . Then I can go home and see my man . That makes me happy .",2022-09-01 20:01:27,4,False,3.0,2.0,1.0,-1.0,61,0,0.9637,0.371,0.0,3.2131147540983607,6,0,1,20,3,2021-06-12 12:19:10,446,2.369565217391304,1.423913043478261,3.0,2.0,1.465481140691319,92,0.08695652173913038
17,1078,"I feel good today , so far . I am on my way to work , so we shall see how the evening progresses . I am really hungry , so I need to eat , that is the only part that feels bad right now . I am happy . Not as stressed about money today . That also helps .",2022-09-02 15:00:55,4,False,4.0,1.0,0.0,0.0,62,0,0.7741,0.198,0.062,3.1129032258064515,6,0,4,15,4,2021-06-12 12:19:10,447,2.3763440860215055,1.4301075268817205,3.0,2.0,1.4589601604852422,93,0.09944495837187795
17,1079,"I am busy at work , well if You want to call it busy . I am outside in a shitty section , just like the last ten weekends . I’m not making anything . Fixing to try to switch restaurants . I am just sick of their Shìt .",2022-09-02 20:07:11,4,False,4.0,1.0,-1.0,0.0,50,0,-0.4588,0.126,0.147,3.38,3,0,0,20,4,2021-06-12 12:19:10,447,2.393617021276596,1.425531914893617,4.0,1.0,1.4607266206762723,94,0.06382978723404253
17,1080,"I am okay today . I am a little tired , did not go to bed as early as I wanted . I am at work , yaaaay . Lol . I have to work a double today . Not looking forward to working ALL day , but I do need the money . Mentally I’m okay , a little stressed about money I guess . I’m happy other than that .",2022-09-03 10:21:22,4,False,3.0,1.0,-1.0,1.0,72,0,0.742,0.182,0.075,3.138888888888889,7,0,0,10,5,2021-06-12 12:19:10,447,2.4105263157894736,1.4210526315789473,4.0,1.0,1.4622537024256628,95,0.09663120567375882
17,1081,"I hate my job . I am getting to the point I want to walk out every time I am there , due to the unfairness there ! I get so tired of the favoritism . Other than that and worrying about money , I am okay . I feel okay today .",2022-09-03 15:33:10,4,False,2.0,2.0,1.0,0.0,53,0,-0.7456,0.139,0.207,3.2452830188679247,8,1,1,15,5,2021-06-12 12:19:10,448,2.4166666666666665,1.4166666666666667,3.0,1.0,1.4557809744649213,96,0.04166666666666652
17,1082,"I am at work . I am so tired , I am ready to go . I have worked all day , with an hour break . I don’t think I have really made anything , which makes me stress more . I’m happy mentally , but I am stressed and I’m tired . My feet are also hurting bad .",2022-09-03 20:26:59,4,False,3.0,2.0,-2.0,-1.0,61,0,-0.9546,0.071,0.34,3.1639344262295084,9,0,2,20,5,2021-06-12 12:19:10,448,2.4123711340206184,1.422680412371134,2.0,2.0,1.4487967516154256,97,0.0327380952380949
17,1083,"I am tired because I am just getting up . I haven’t slept this late In ages . I must have needed it . Other than that , I am okay . My mind is clear , I’m off work today and tomorrow , so I can relax and get some school work done .",2022-09-04 12:43:53,4,False,1.0,1.0,0.0,0.0,55,0,0.5829,0.161,0.061,3.2181818181818183,7,0,1,12,6,2021-06-12 12:19:10,449,2.4183673469387754,1.4285714285714286,3.0,2.0,1.4425312045277177,98,0.1020408163265305
17,1084,"I do not feel the best today , so far anyway , but I have not been up long . No work or school today , so I am happy about that . That gives me the whole day , just for me , well for Me and schoolwork . I have some assignments due this weekend .",2022-09-05 10:06:28,4,False,1.0,1.0,2.0,0.0,58,0,0.629,0.15,0.092,3.2413793103448274,7,0,2,10,0,2021-06-12 12:19:10,449,2.404040404040404,1.4242424242424243,1.0,1.0,1.4422147927943803,99,0.07265306122448978
17,1085,"I am good . I am doing homework today . I have assignments due this week , several . So I’ve been reading and doing quizzes . I feel okay today . Just paid my rent , so that’s off my chest . Got several bills coming up soon , and these are all already passed due . I have to get them in before the PERSON period ends . So that’s stressful . I hate bills .",2022-09-05 15:01:04,4,False,3.0,1.0,1.0,0.0,78,0,-0.5778,0.071,0.112,3.5641025641025643,8,0,3,15,0,2021-06-12 12:19:10,450,2.39,1.42,1.0,1.0,1.4417651919389884,100,0.020000000000000018
17,1086,"I’m okay , I’m good . I’ve been doing homework all day , no work . Just a little stressed about bills is all . I have several things I need to post in the next couple weeks . That worries me because they are already behind . Other than that , I am okay .",2022-09-05 20:00:52,4,False,4.0,1.0,0.0,0.0,56,0,-0.1045,0.132,0.14,3.5535714285714284,4,0,0,20,0,2021-06-12 12:19:10,450,2.396039603960396,1.4158415841584158,3.0,1.0,1.435821771117795,101,0.03176470588235292
17,1087,"I feel good this morning . I’ve been working on school work again . That keeps me from being bored , cause when I’m in school , I have plenty to do . I am still stressed about money , but it usually works itself out . So I am hoping it well this time as well .",2022-09-06 10:01:21,4,False,4.0,1.0,0.0,0.0,58,0,0.8449,0.208,0.06,3.5,5,0,1,10,1,2021-06-12 12:19:10,450,2.411764705882353,1.411764705882353,4.0,1.0,1.4374960433968489,102,0.11764705882352944
17,1088,"I am feeling good . Just got to work , and I are when I got here . That’s always a help because it makes me nauseous when I’m super hungry . Hopefully tonight goes well and I make good money . I sure need it . Have a good evening !!",2022-09-06 15:40:17,4,False,4.0,1.0,0.0,0.0,52,0,0.9701,0.449,0.0,3.480769230769231,6,2,0,15,1,2021-06-12 12:19:10,451,2.4271844660194173,1.4077669902912622,4.0,1.0,1.438967097878175,103,0.1470588235294117
17,1089,"Fixing to get off of work , so that makes me happy . I am almost done with my sidework , got everything else done , then I can go home . Yaaay ! I feel good and I’m happy/content today . Stressed about money , but that’s all really .",2022-09-06 21:18:45,4,False,4.0,1.0,0.0,0.0,51,0,0.4389,0.109,0.04,3.588235294117647,5,1,2,21,1,2021-06-12 12:19:10,451,2.4423076923076925,1.4038461538461537,4.0,1.0,1.4402462240740892,104,0.11538461538461542
18,1292,"Content , Calm , Happy , Indifferent , Fine",2022-04-30 20:06:00,3,True,4.0,1.0,-2.0,0.0,9,1,0.7184,0.736,0.17,3.888888888888889,0,0,0,20,5,2022-04-30 20:06:00,0,2.0,1.0,2.0,1.0,0.0,0,0.0
18,1293,"Calm , Tired , Slightly anxious , Distracted , Nuetral",2022-05-01 10:05:00,3,True,2.0,1.0,0.0,1.0,10,1,-0.5313,0.209,0.61,4.5,0,0,0,10,6,2022-04-30 20:06:00,0,4.0,1.0,4.0,1.0,0.0,1,0.0
18,1294,"Slightly anxious , Time crunched , Quiet , Neutral , Easy",2022-05-01 15:00:00,3,True,2.0,2.0,2.0,0.0,11,1,0.2944,0.302,0.178,4.2727272727272725,0,0,0,15,6,2022-04-30 20:06:00,0,3.0,1.0,2.0,1.0,1.4142135623730951,2,-2.0
18,1295,"Content , Excited , At home , Happy , Jazzed",2022-05-01 22:29:00,3,True,4.0,2.0,-1.0,1.0,10,1,0.7269,0.604,0.0,3.5,0,0,0,22,6,2022-04-30 20:06:00,1,2.6666666666666665,1.3333333333333333,2.0,2.0,1.1547005383792515,3,-2.0
18,1296,"Calm , Excited , Content , Capable , Tired",2022-05-02 10:07:00,3,True,3.0,3.0,1.0,0.0,9,1,0.5267,0.652,0.259,3.7777777777777777,0,0,0,10,0,2022-04-30 20:06:00,1,3.0,1.5,4.0,2.0,1.1547005383792515,4,0.0
18,1297,"Focused , Content , Excited , Happy , Optimistic",2022-05-02 15:05:00,3,True,4.0,3.0,0.0,-2.0,9,1,0.875,0.917,0.0,4.444444444444445,0,0,0,15,0,2022-04-30 20:06:00,1,3.0,1.8,3.0,3.0,1.0,5,0.0
18,1298,"Content , Happy , Excited , Tired , Calm",2022-05-03 10:41:00,3,True,4.0,1.0,-1.0,0.0,9,1,0.6705,0.683,0.236,3.5555555555555554,0,0,0,10,1,2022-04-30 20:06:00,2,3.1666666666666665,2.0,4.0,3.0,0.983192080250175,6,1.0
18,1299,"Content , Calm , Tired , Comfortable , Fine",2022-05-04 12:09:00,3,True,3.0,1.0,0.0,1.0,9,1,0.5423,0.655,0.257,3.888888888888889,0,0,0,12,2,2022-04-30 20:06:00,3,3.2857142857142856,1.8571428571428572,4.0,1.0,0.9511897312113419,7,1.0833333333333335
18,1300,"Content , Calm , Chill , Neutral , Excited",2022-05-05 15:33:00,3,True,3.0,2.0,-2.0,1.0,9,1,0.5719,0.61,0.0,3.7777777777777777,0,0,0,15,3,2022-04-30 20:06:00,4,3.25,1.75,3.0,1.0,0.8864052604279183,8,0.5
18,1301,"Slightly anxious , Slightly annoyed , Excited , Content , Jittery",2022-05-07 10:22:00,3,True,1.0,3.0,0.0,0.0,11,1,-0.1602,0.215,0.38,5.0,0,0,0,10,5,2022-04-30 20:06:00,6,3.2222222222222223,1.7777777777777777,3.0,2.0,0.8333333333333334,9,0.3999999999999999
19,1308,"Pain , Fatigue , Tired , Busy , Swamped",2021-06-10 12:01:06,1,True,0.0,1.0,3.0,2.0,9,1,-0.802,0.0,0.804,3.4444444444444446,0,0,0,12,3,2021-06-10 12:01:06,0,2.0,1.0,2.0,1.0,0.0,0,0.0
19,1309,"Tired , Anxious , Overwhelmed , Scattered , Under pressure",2021-06-11 12:06:56,1,True,3.0,3.0,-1.0,0.0,10,1,-0.7096,0.117,0.689,4.9,0,0,0,12,4,2021-06-10 12:01:06,1,0.0,1.0,0.0,1.0,0.0,1,0.0
19,1310,"Tired , Busy , Annoyed , Overwhelmed , Swamped",2021-06-12 12:01:41,1,True,2.0,3.0,-1.0,-2.0,9,1,-0.6486,0.138,0.632,4.222222222222222,0,0,0,12,5,2021-06-10 12:01:06,2,1.5,2.0,3.0,3.0,2.1213203435596424,2,3.0
19,1311,"Tired , Stressed , Overwhelmed , Busy , Behind",2021-06-13 12:04:47,1,True,1.0,1.0,1.0,1.0,9,1,-0.6249,0.141,0.624,4.222222222222222,0,0,0,12,6,2021-06-10 12:01:06,3,1.6666666666666667,2.3333333333333335,2.0,3.0,1.5275252316519465,3,2.5
19,1312,"Stressed , Busy , Running behind , Unappreciated , Tired",2021-06-14 12:01:34,1,True,2.0,2.0,0.0,0.0,10,1,-0.7906,0.0,0.727,4.7,0,0,0,12,0,2021-06-10 12:01:06,4,1.5,2.0,1.0,1.0,1.2909944487358056,4,0.0
20,1317,"Stress , Happy , Sad , Upset , Anamosity",2021-06-14 21:58:50,1,True,1.0,1.0,0.0,1.0,9,1,-0.5859,0.28,0.644,3.5555555555555554,0,0,0,21,0,2021-06-14 21:58:50,0,2.0,1.0,2.0,1.0,0.0,0,0.0
20,1318,"Stress , Relief , Relaxed",2021-06-15 16:50:37,1,True,1.0,2.0,0.0,0.0,5,1,0.5423,0.692,0.308,4.2,0,0,0,16,1,2021-06-14 21:58:50,0,1.0,1.0,1.0,1.0,0.0,1,0.0
21,1321,"Awake , aware and up early .   Having breakfast and going shopping .   No hangover at all .   I typically get up early every morning no matter what .   Drinking water all night helps with an issues from drinking",2021-05-04 12:03:19,1,False,4.0,1.0,0.0,1.0,39,0,-0.1779,0.1,0.119,4.230769230769231,1,0,0,12,1,2021-05-04 12:03:19,0,2.0,1.0,2.0,1.0,0.0,0,0.0
21,1322,"I’m feeling very relaxed and about to get ready for work at four today .   It’s taco Tuesday and should be busy , also ORG is surging which makes me happy as well .   I tried to nap before work but couldn’t due to my roommate coming home early from work .",2021-05-04 17:01:07,1,False,4.0,2.0,0.0,0.0,52,0,0.7308,0.179,0.0,3.8461538461538463,3,0,1,17,1,2021-05-04 12:03:19,0,4.0,1.0,4.0,1.0,0.0,1,0.0
21,1323,Spending the night at work a d not drinking .   I’m serving plenty customers alcohol and having fun with them .   I’ll be here till 12 : 30 and then headed home to rest while a storm blows through town .   This has been entertaining to fill these surveys out .   I don’t know what else to say to fill my quota of words .,2021-05-04 22:02:43,1,False,4.0,2.0,0.0,0.0,65,0,0.7351,0.105,0.0,3.8153846153846156,2,0,0,22,1,2021-05-04 12:03:19,0,4.0,1.5,4.0,2.0,0.0,2,0.0
23,1341,"I have been tired , just getting my one day off to rest before going back to work . But also happy to be at home with my family and doing work around the house . It’s draining to only get one day to recoup after working 50 + hours .",2021-05-08 14:53:25,1,False,0.0,1.0,0.0,0.0,51,0,0.6249,0.101,0.039,3.5686274509803924,3,0,0,14,5,2021-05-08 14:53:25,0,2.0,1.0,2.0,1.0,0.0,0,0.0
23,1342,"Very tired , it’s allergy season so I am starting to get a cold . Plus i have been working about 60 + hours a week so it’s hard to get any good rest , especially with two kids waking me up early am . I am also driving two hours one way to work , so there’s a lot taking it’s toll on me .",2021-05-10 14:07:42,1,False,0.0,1.0,2.0,1.0,66,0,-0.2433,0.05,0.084,3.3636363636363638,5,0,4,14,0,2021-05-08 14:53:25,1,0.0,1.0,0.0,1.0,0.0,1,0.0
23,1343,Still the same as yesterday . Just getting sick from allergies and having to drive two hours to work . It’s been tough but I’m still doing it for my family . I’m looking forward to a few days off soon so I can do some work at home .,2021-05-11 13:21:34,1,False,2.0,2.0,-2.0,-1.0,50,0,-0.34,0.0,0.075,3.66,2,0,1,13,1,2021-05-08 14:53:25,2,0.0,1.0,0.0,1.0,0.0,2,0.0
23,1344,"Feeling ok , again just very tiered from work . Plus it was hard to find gas today since everyone was hoarding it all so it was a long day all around . After another drive back home tonight I will be off for two days so looking forward to that .",2021-05-12 22:26:54,1,False,0.0,1.0,3.0,1.0,52,0,0.3182,0.077,0.029,3.730769230769231,1,0,3,22,2,2021-05-08 14:53:25,4,0.6666666666666666,1.3333333333333333,2.0,2.0,1.1547005383792517,3,1.0
23,1345,"Last day at work so it was a easier day since I’ll be off for two days . But a little stressed since it’s hard to find gas and when that will be fixed , also since I don’t know my schedule for next week .",2021-05-13 14:31:14,1,False,3.0,2.0,0.0,0.0,46,0,-0.3024,0.047,0.098,3.4565217391304346,2,0,1,14,3,2021-05-08 14:53:25,4,0.5,1.25,0.0,1.0,1.0,4,1.0
23,1346,It’s been two days off so I’m pretty good and finally getting some better rest . I have been able to get up with my kids in the morning which is extremely nice to get up and take them to school . It’s also nice not to have to drive 4 hours each day to get to work .,2021-05-14 14:44:03,1,False,3.0,2.0,-1.0,0.0,59,0,0.9406,0.243,0.0,3.5084745762711864,2,0,2,14,4,2021-05-08 14:53:25,5,1.0,1.4,3.0,2.0,1.4142135623730951,5,1.6666666666666667
23,1347,"Up until now I have been in a fairly good mood . Got to sit down to work on financials for the family and do some yard work , but the impending doom of going back to work is weighing in . It’s not that I don’t like my “job” I just don’t like who I do it for .",2021-05-15 16:01:33,1,False,2.0,2.0,0.0,0.0,60,0,-0.7864,0.034,0.154,3.3333333333333335,5,0,0,16,5,2021-05-08 14:53:25,7,1.3333333333333333,1.5,3.0,2.0,1.505545305418162,6,1.3333333333333335
24,1410,"Exhausted , Drained , Unfocused , Stressed , Hot",2021-06-08 12:57:17,1,True,0.0,1.0,1.0,0.0,9,1,-0.8442,0.0,0.91,4.444444444444445,0,0,0,12,1,2021-06-08 12:57:17,0,2.0,1.0,2.0,1.0,0.0,0,0.0
24,1411,"Tired , Achy , Grumpy , Anxious , Lethargic",2021-06-09 12:05:19,1,True,1.0,1.0,2.0,0.0,9,1,-0.7269,0.0,0.78,3.888888888888889,0,0,0,12,2,2021-06-08 12:57:17,0,0.0,1.0,0.0,1.0,0.0,1,0.0
24,1412,"Tired , Headachey , Hot , Sneezy , Grumpy",2021-06-10 17:04:50,1,True,3.0,1.0,-2.0,2.0,9,1,-0.4404,0.0,0.42,3.6666666666666665,0,0,0,17,3,2021-06-08 12:57:17,2,0.5,1.0,1.0,1.0,0.7071067811865476,2,1.0
24,1413,"tired , frustrated , grumpy , lethargic , hot",2021-06-11 17:01:48,1,True,1.0,3.0,2.0,0.0,9,1,-0.8176,0.0,0.81,4.111111111111111,0,0,0,17,4,2021-06-08 12:57:17,3,1.3333333333333333,1.0,3.0,1.0,1.5275252316519468,3,2.0
24,1414,"Tired , Lethargic , Nitpicky , Grumpy , Unfocused",2021-06-11 22:19:34,1,True,3.0,3.0,0.0,0.0,9,1,-0.7783,0.0,0.796,4.555555555555555,0,0,0,22,4,2021-06-08 12:57:17,3,1.25,1.5,1.0,3.0,1.2583057392117916,4,1.5
25,1487,"I am currently feeling tired and sleepy , lack of sleep .   Had enough to socialize with friends . I also had lack of appetite . I work up today thinking it would be a good day but I soon realized my outlook was very pessimistic .",2021-06-08 12:04:51,1,False,3.0,1.0,0.0,1.0,47,0,-0.5704,0.119,0.202,3.872340425531915,5,0,1,12,1,2021-06-08 12:04:51,0,2.0,1.0,2.0,1.0,0.0,0,0.0
25,1488,"Woke up early than usual-6am ! It was a nice day out , so I went to FAC  and walked around .   Felt good about myself . No hangover and no headache .   I felt I had alot of energy to do alot of things in GPE  .",2021-06-09 12:01:59,1,False,3.0,2.0,1.0,0.0,48,0,0.5707,0.178,0.097,3.2708333333333335,4,1,1,12,2,2021-06-08 12:04:51,0,3.0,1.0,3.0,1.0,0.0,1,0.0
25,1489,I ' m feeling great .   Went to work and socialized with co-workers . My boss even recognized my spirited personality today . Didn ' t even feel depressed or drained from work .   I felt emotionally stable .   I hope to feel this way tomorrow .,2021-06-10 22:00:33,1,False,4.0,2.0,0.0,0.0,47,0,0.7351,0.284,0.127,4.085106382978723,5,0,0,22,3,2021-06-08 12:04:51,2,3.0,1.5,3.0,2.0,0.0,2,0.0
26,1537,"I feel worried more than nervous . I worry due to financial situations . I feel disappointed that I don’t make good decisions . I feel want more stability financially and emotionally , I spend much time day dreaming of my life in the future . I suppose I’m discontent with my current position in life .",2022-03-06 10:18:28,2,False,1.0,1.0,2.0,1.0,57,0,-0.7678,0.079,0.204,4.315789473684211,9,0,0,10,6,2022-03-06 10:18:28,0,2.0,1.0,2.0,1.0,0.0,0,0.0
26,1538,I am feeling happy in general at the moment . I am with family and my mind is taken off of my worries . It’s been a busy day which has helped take my mind off things . I am looking forward to a busy week that will keep my mind occupied .,2022-03-06 16:18:51,2,False,3.0,2.0,-1.0,0.0,53,0,0.34,0.106,0.057,3.490566037735849,7,0,0,16,6,2022-03-06 10:18:28,0,1.0,1.0,1.0,1.0,0.0,1,0.0
26,1539,Right now I’m feeling content . I did have a few drinks and ate some lasagna so that could’ve helped . Tomorrow I begin a busy week since it is spring break the next couple weeks will be pretty busy . I also have an exam in school but I’ll deal with that later .,2022-03-06 20:00:26,2,False,2.0,2.0,0.0,0.0,55,0,0.3291,0.071,0.0,3.7818181818181817,3,0,1,20,6,2022-03-06 10:18:28,0,2.0,1.5,3.0,2.0,1.4142135623730951,2,2.0
26,1540,I am at work today and it will be busy so I don’t have much time to think about how I feel . I feel indifferent at the moment and am hopeful that it will be a good day . I have to focus on work and school and can’t let my mental state distract me too much .,2022-03-07 11:11:02,2,False,2.0,2.0,1.0,0.0,59,0,0.4939,0.11,0.071,3.3728813559322033,7,0,1,11,0,2022-03-06 10:18:28,1,2.0,1.6666666666666667,2.0,2.0,1.0,3,1.5
26,1541,I’m happy at the moment . I get to go see my girlfriend after work and I work with fun people today so it’s not bad . Tomorrow is going to be busy with school . It’s cold today which sucks because we had 2 days of 80 degree weather . I’m ready for summer because there’s a lot of outdoor activities that take place . I feel like I don’t get out enough .,2022-03-07 15:02:23,2,False,3.0,2.0,-2.0,0.0,75,0,0.912,0.203,0.034,3.72,5,0,1,15,0,2022-03-06 10:18:28,1,2.0,1.75,2.0,2.0,0.816496580927726,4,0.0
26,1542,I have to stay late at work so I’m not happy about that . I also have been looking for new jobs but I don’t know what I want to do and am not qualified for anything . I do not have a passion I feel like I can’t afford to have any passions or hobbies .,2022-03-07 20:01:12,2,False,1.0,2.0,2.0,0.0,57,0,0.5646,0.163,0.097,3.4210526315789473,7,0,1,20,0,2022-03-06 10:18:28,1,2.2,1.8,3.0,2.0,0.8366600265340756,5,0.3333333333333335
26,1543,I actually feel pretty good today . I have school but I only have two classes and next week is spring break although I’ll have to work a lot . I could use the hours though . All in all I’m optimistic about today .,2022-03-08 10:03:50,2,False,3.0,2.0,-2.0,0.0,45,0,0.7184,0.175,0.0,3.7555555555555555,4,0,0,10,1,2022-03-06 10:18:28,1,2.0,1.8333333333333333,1.0,2.0,0.8944271909999159,6,0.0
26,1544,I feel restless and not that happy . I just want to be in a good place financially and mentally . I try and be positive but it doesn’t work usually . I wish I could just know what to do to improve my mood .,2022-03-08 16:09:48,2,False,1.0,2.0,0.0,0.0,46,0,0.8501,0.282,0.078,3.5,6,0,0,16,1,2022-03-06 10:18:28,2,2.142857142857143,1.8571428571428572,3.0,2.0,0.8997354108424372,7,0.25
26,1545,My day is coming to a close with a few drinks . I shouldn’t drink that much it makes me feel fat . I need to work out more and I have time it’s just a motivation thing . I want to but I just can’t bring myself to do it . I feel stuck .,2022-03-08 20:20:04,2,False,1.0,2.0,0.0,1.0,56,0,-0.1655,0.064,0.056,3.2142857142857144,9,0,0,20,1,2022-03-06 10:18:28,2,2.0,1.875,1.0,2.0,0.9258200997725514,8,0.0
26,1546,Today is busy work wise . I have a lot to do and can’t really focus on my mental state . I do feel restless though but that’s probably because I’m so busy . Tomorrow will be busy too . I do like when it’s busy since it keeps my mind occupied .,2022-03-09 12:22:46,2,False,1.0,3.0,-1.0,-2.0,53,0,0.5789,0.111,0.032,3.6037735849056602,5,0,2,12,2,2022-03-06 10:18:28,3,1.8888888888888888,1.8888888888888888,1.0,2.0,0.927960727138337,9,-0.19999999999999996
26,1547,I didn’t get enough sleep last night so I’m feeling tired at the moment . Work is busy due to spring break so that could be where my stress is coming from at the moment . I won’t have another day off for 10 days so that’ll be fun .,2022-03-09 15:59:11,2,False,0.0,1.0,3.0,1.0,50,0,-0.1585,0.102,0.114,3.64,3,0,3,15,2,2022-03-06 10:18:28,3,1.8,2.0,1.0,3.0,0.9189365834726815,10,-0.8000000000000003
26,1548,I got to leave work early so that makes me happy . I ate some good food so that makes me happy too . Overall today was not that bad . I wish all days could at least feel like this or better . Maybe it’s just a matter if mindset .,2022-03-09 22:09:52,2,False,3.0,2.0,0.0,0.0,52,0,0.945,0.344,0.061,3.423076923076923,5,0,2,22,2,2022-03-06 10:18:28,3,1.6363636363636365,1.9090909090909092,0.0,1.0,1.0269106361049412,11,-1.0333333333333334
26,1549,It’s a nice day out so I’m happy . I ate a good lunch with my girlfriend so today has been good . I do work later but it is what it is . Hopefully it’s not super busy because I don’t want people at work to ruin my good mood . People can be so intolerable .,2022-03-10 11:13:58,2,False,3.0,2.0,0.0,0.0,58,0,0.5748,0.261,0.144,3.4310344827586206,5,0,3,11,3,2022-03-06 10:18:28,4,1.75,1.9166666666666667,3.0,2.0,1.0552897060221726,12,-0.5
26,1550,I’m happy right now because I don’t have to go into work which is good . I did have a few drinks I don’t feel like that was smart but it’s okay . I’ve pretty much just accepted that this is a part of life for now that I’ll deal with later .,2022-03-10 17:22:04,2,False,3.0,2.0,-3.0,-1.0,53,0,0.9349,0.312,0.0,3.547169811320755,3,0,0,17,3,2022-03-06 10:18:28,4,1.8461538461538463,1.9230769230769231,3.0,2.0,1.0681880176381129,13,-0.2857142857142858
26,1551,I’m tired right now . Not sure why . I was day drinking so that probably would do it . Anyway I’m not necessarily unhappy . I am tired though . I go to work early tomorrow and it’s Friday so it’ll be busy . Hopefully the day goes fast .,2022-03-10 20:00:28,2,False,0.0,1.0,1.0,1.0,51,0,-0.4078,0.103,0.159,3.6470588235294117,3,0,2,20,3,2022-03-06 10:18:28,4,1.9285714285714286,1.9285714285714286,3.0,2.0,1.071611705960535,14,-0.4285714285714286
26,1552,I don’t feel great this morning . I don’t want to go to work and deal with people . Some people are so entitled and don’t care how they make you feel as long as they get their way . Other people are great and are no problem but I don’t understand why some have to be so bad .,2022-03-11 10:07:33,2,False,1.0,2.0,0.0,-1.0,60,0,-0.3541,0.157,0.149,3.6,3,0,2,10,4,2022-03-06 10:18:28,4,1.8,1.8666666666666667,0.0,1.0,1.1464230084422218,15,-0.6428571428571428
26,1553,"It hasn’t been a bad day but it’s moving slowly . Today is the first day of nine straight days I have to work . It’s also cold today and cloudy , I wish the sun would come out . I get off in about 2 hours so hopefully it goes fast .",2022-03-11 16:05:51,2,False,1.0,1.0,1.0,1.0,53,0,0.8551,0.205,0.043,3.3962264150943398,3,0,1,16,4,2022-03-06 10:18:28,5,1.75,1.875,1.0,2.0,1.1254628677422756,16,-0.5
26,1554,Im doing okay . I’ve felt better and felt worse so overall not that bad . I wish I could just be content all the time . I don’t know how to improve my state of mind . Anyway tomorrow is a new day but also kind of the same in every way .,2022-03-11 20:52:26,2,False,2.0,2.0,-2.0,1.0,54,0,0.381,0.146,0.074,3.388888888888889,4,0,1,20,4,2022-03-06 10:18:28,5,1.7058823529411764,1.8235294117647058,1.0,1.0,1.1048023512348795,17,-0.5555555555555556
26,1555,My girlfriend seems off and I’m not sure if it’s because my mood or not . I’m sure it’s nothing but if it is me I didn’t do it in purpose . When I ask her she says it’s not but I still don’t believe her . Sounds like a me problem .,2022-03-12 11:02:09,2,False,0.0,3.0,3.0,-1.0,53,0,-0.3098,0.064,0.128,3.3773584905660377,7,0,0,11,5,2022-03-06 10:18:28,6,1.7222222222222223,1.8333333333333333,2.0,2.0,1.0740552924509195,18,-0.33333333333333326
26,1556,Work is busy but not that bad . The people have been nice . I’m doing better than earlier today and actually feel a bit happy . I wish I enjoyed my job everyday . Maybe once I move on to something better I will .,2022-03-12 15:15:32,2,False,3.0,2.0,-2.0,0.0,46,0,0.9838,0.493,0.0,3.630434782608696,5,0,0,15,5,2022-03-06 10:18:28,6,1.631578947368421,1.894736842105263,0.0,3.0,1.1160708020048367,19,-0.48888888888888893
26,1557,My girlfriend is leaving for a few days which sucks because we usually spend today together . Also the time changes tomorrow and I’m going to lose an hour of sleep so that’s not fun . Anyway it is what it is .,2022-03-12 21:13:11,2,False,1.0,2.0,1.0,0.0,43,0,-0.8001,0.0,0.185,3.883720930232558,1,0,1,21,5,2022-03-06 10:18:28,6,1.7,1.9,3.0,2.0,1.1285761872936695,20,-0.19999999999999996
26,1558,Busy day at work hopefully it’s not too bad . I’m tired from the time change . I don’t really know what to say for this right now . Sometimes I don’t really feel like anything so sorry if this entry isn’t that helpful .,2022-03-13 11:45:30,2,False,2.0,2.0,-2.0,-1.0,45,0,0.7674,0.229,0.092,3.888888888888889,2,0,3,11,6,2022-03-06 10:18:28,7,1.6666666666666667,1.9047619047619047,1.0,2.0,1.1105554165971787,21,-0.25454545454545463
26,1559,Today has been long . A lot of people are getting sick that I know . Also at work the printer isn’t working and I can’t figure out what’s wrong with it and it’s super annoying because I’m not an IT guy .,2022-03-13 16:18:35,2,False,0.0,1.0,0.0,2.0,43,0,-0.6369,0.085,0.198,3.744186046511628,2,0,0,16,6,2022-03-06 10:18:28,7,1.6818181818181819,1.9090909090909092,2.0,2.0,1.0861186305619106,22,0.09090909090909083
26,1560,"I’m running late to work , someone almost hit my car and my shift is like 10 hours today . People have been leaving bad reviews on ORG  as well . My staff and I are trying our best to make these people happy but all they can do is leave bad reviews .",2022-03-14 11:13:55,2,False,0.0,3.0,2.0,-1.0,54,0,-0.2617,0.141,0.142,3.6296296296296298,4,0,0,11,0,2022-03-06 10:18:28,8,1.608695652173913,1.8695652173913044,0.0,1.0,1.1175919907137442,23,-0.053030303030303205
26,1561,Work has been busy today . They day has gotten better from earlier . The sun is out and the weather is nice which is nice but I wish I could go enjoy it . Today has not been awful like I thought it was gonna be .,2022-03-14 16:56:01,2,False,2.0,2.0,0.0,0.0,48,0,0.921,0.314,0.05,3.4375,3,0,0,16,0,2022-03-06 10:18:28,8,1.5416666666666667,1.9166666666666667,0.0,3.0,1.141287094417552,24,-0.41666666666666674
26,1562,Today has been long but all in all it hasn’t been bad . The time change has made me tired but I’m making it . Still have a long week ahead of me but I’m sure it’ll be fine and then I have a break Saturday which will be nice .,2022-03-14 20:46:00,2,False,2.0,2.0,1.0,0.0,51,0,-0.1901,0.154,0.15,3.4313725490196076,3,0,0,20,0,2022-03-06 10:18:28,8,1.56,1.92,2.0,2.0,1.121011448053349,25,-0.3653846153846154
26,1524,Work was long yesterday so I’m pretty tired today but today is going smoothly . I’m not stressed and the people I’ve had today have been nice . The sun is out and it’s getting warmer . I only have 4 more days until my next day off .,2022-03-15 15:00:13,2,False,3.0,2.0,0.0,0.0,49,0,0.8486,0.22,0.041,3.7551020408163267,2,0,1,15,1,2022-03-06 10:18:28,9,1.5769230769230769,1.9230769230769231,2.0,2.0,1.101746864686328,26,-0.5384615384615385
26,1525,I get to spend time with my girlfriend tonight which makes me happy . We made pizza and watched a movie . This week has been long but it’s almost half way done . I could use a break from work . It’s been so busy I haven’t had time to think .,2022-03-15 20:48:39,2,False,3.0,2.0,-2.0,-1.0,53,0,0.3291,0.053,0.0,3.5660377358490565,5,0,1,20,1,2022-03-06 10:18:28,9,1.6296296296296295,1.9259259259259258,3.0,2.0,1.114524670954054,27,-0.41758241758241765
26,1526,"I have a headache , I usually get between 3 and 4 headaches a week . No telling what this one is from . I don’t work until later today so I’m happy about that . I’m stressed though because my dog has a hot spot and he’ll need to go to the vet so that’s another thing I have to deal with .",2022-03-16 10:49:41,2,False,1.0,1.0,0.0,1.0,64,0,0.0972,0.072,0.083,3.515625,5,0,2,10,2,2022-03-06 10:18:28,10,1.6785714285714286,1.9285714285714286,3.0,2.0,1.1239339452243238,28,-0.5
26,1527,On day 6 in a row with having to go to work with 3 more still to go . It’s not a physically demanding job but when you’re dealing with people it gets tiring . And people are never satisfied . They act like they’re talking to a machine and not a person .,2022-03-16 15:25:21,2,False,1.0,2.0,2.0,0.0,54,0,0.1494,0.094,0.062,3.7037037037037037,0,0,0,15,2,2022-03-06 10:18:28,10,1.6551724137931034,1.896551724137931,1.0,1.0,1.1108510916334606,29,-0.5285714285714287
26,1528,Today has not been as bad as I thought it would be . The guests have been nice and easy to deal with . Only two more days until my next day off . I’ve been feeling better in general lately . Hopefully it continues .,2022-03-16 20:36:04,2,False,3.0,2.0,0.0,0.0,46,0,0.928,0.315,0.0,3.6956521739130435,2,0,0,20,2,2022-03-06 10:18:28,10,1.6333333333333333,1.9,1.0,2.0,1.0980651740387641,30,-0.3333333333333335
26,1529,I have two more days of work and then a day off . My girlfriend and I are going down town and definitely going to drink but not in a “today sucked I’m sad” way . So I’m not sure if that will skew your results . Anyway today I’m optimistic a rare feeling for me .,2022-03-17 10:54:54,2,False,3.0,2.0,-2.0,1.0,57,0,0.7124,0.176,0.051,3.6140350877192984,4,0,1,10,3,2022-03-06 10:18:28,11,1.6774193548387097,1.903225806451613,3.0,2.0,1.1071614388213236,31,-0.23750000000000004
26,1530,Todays been busy and I’m ready to leave . The person replacing me today is always late so I’m sure it’ll happen today . I’m impatient today and all I can think about is going home . Today hasn’t been totally bad but it could’ve gone better .,2022-03-17 16:27:32,2,False,1.0,3.0,2.0,-1.0,48,0,0.5094,0.149,0.103,4.041666666666667,2,0,1,16,3,2022-03-06 10:18:28,11,1.71875,1.90625,3.0,2.0,1.1139692183156762,32,-0.0625
26,1531,I had a good dinner and time with my family . Tomorrow is my last day of work before I have off . The past few days my mood has been improving I’ve been happier and more energetic overall . Things are on the up and up .,2022-03-17 21:18:32,2,False,3.0,2.0,0.0,0.0,48,0,0.9061,0.249,0.0,3.5833333333333335,5,0,0,21,3,2022-03-06 10:18:28,11,1.696969696969697,1.9393939393939394,1.0,3.0,1.1035411321301214,33,-0.10294117647058831
26,1532,I have off tomorrow so I’m happy . I just have to make it through one more shift . I definitely could use the break . This spring break has been so busy and I’ve worked 9 days in a row . I’m going to remain positive today .,2022-03-18 11:50:47,2,False,3.0,2.0,-1.0,1.0,49,0,0.8899,0.227,0.0,3.5714285714285716,3,0,2,11,4,2022-03-06 10:18:28,12,1.7352941176470589,1.9411764705882353,3.0,2.0,1.1094312910952706,34,0.05882352941176472
26,1533,Today has been a busy day . I have 3 more hours before I can go home so I’m excited about that . Work hasn’t been terrible today so I think I’m gonna make it through . I can’t wait for a day off tomorrow .,2022-03-18 15:29:05,2,False,2.0,3.0,2.0,-2.0,46,0,-0.1082,0.069,0.08,3.4782608695652173,4,0,2,15,4,2022-03-06 10:18:28,12,1.7714285714285714,1.9428571428571428,3.0,2.0,1.113703791164321,35,0.12745098039215685
26,1534,"I am relieved that I’m off from work for a couple of days . It’s nice to have a break after working for 10 days straight . It’ll be good to have some time to catch up with friends and family , and I’m going to take my dog on a walk .",2022-03-18 21:09:33,2,False,4.0,1.0,-2.0,2.0,53,0,0.9062,0.25,0.0,3.4150943396226414,2,0,0,21,4,2022-03-06 10:18:28,12,1.7777777777777777,1.9722222222222223,2.0,3.0,1.098339294730552,36,0.11111111111111094
26,1535,"I was stressed this morning because I had a lot to get done . I’m doing much better now because I finished all of my tasks , and now I get to enjoy my day off with my family and girlfriend . We are spending the day outside .",2022-03-19 12:36:19,2,False,2.0,3.0,2.0,-1.0,49,0,0.5719,0.134,0.053,3.5918367346938775,7,0,0,12,5,2022-03-06 10:18:28,13,1.837837837837838,1.945945945945946,4.0,1.0,1.1429375776070652,37,0.22514619883040932
26,1536,I’m sorry I missed my 3 o’clock survey . Today has been busy I’ve been on a “staycation” with my girlfriend and family . But I am happy and I’m not stressed for once and it’s been a good day . I also have tomorrow off I’m good for a bit .,2022-03-19 20:12:34,2,False,4.0,2.0,0.0,0.0,52,0,0.9388,0.288,0.052,3.5961538461538463,5,0,0,20,5,2022-03-06 10:18:28,13,1.8421052631578947,1.9736842105263157,2.0,3.0,1.127693551181772,38,0.42105263157894757
27,1596,"Slightly tired , allergies are horrible , otherwise feeling good . Weather is disgusting , like 3000 % humidity . Only working Monday thru Wednesday , wife goes back to work on Thursday , two or three shifts a week . Looking forward to a big summer .",2021-05-04 12:20:50,1,False,1.0,1.0,3.0,2.0,48,0,-0.5584,0.149,0.205,4.229166666666667,0,0,0,12,1,2021-05-04 12:20:50,0,2.0,1.0,2.0,1.0,0.0,0,0.0
27,1597,"Feeling good . Just got done with a short shift at work . Had a couple cups of coffee . At home with the wife and kids (my dogs) so life is good . I should have mentioned that I do have a medical condition (ulcerative colitis) that prevents me from drinking , other than the occasional beer here and there . It ' s been a while since I ' ve had more than a couple drinks in a day .",2021-05-04 17:38:05,1,False,4.0,3.0,0.0,-2.0,82,0,0.765,0.127,0.0,3.658536585365854,4,0,1,17,1,2021-05-04 12:20:50,0,1.0,1.0,1.0,1.0,0.0,1,0.0
27,1598,"It’s all good . Had a nice dinner with my honeys , had a nice long walk with the dogs , now settling down for some bad tv . Why do I need to provide 200 characters when you asked for 2 to 3 sentences ??????????????????????????????????????? Is that 200 yet ????????",2021-05-04 22:02:09,1,False,4.0,1.0,-3.0,0.0,51,0,0.7319,0.208,0.068,4.196078431372549,2,0,0,22,1,2021-05-04 12:20:50,0,2.5,2.0,4.0,3.0,2.1213203435596424,2,3.0
27,1599,"Just woke up . Pretty tired . Slept a solid 8 hours so it’s all good . About to get ready for a quick lunch shift , 12-3ish . Not great money but a quick easy shift and I’m done for the week . Random characters to teach the 200 limit : gejbsbxudians jskenndnskxmdndjemsndnndmcnc dndnxbcncmcnd dndjdndndndndndndndndn",2021-05-05 12:29:23,1,False,1.0,1.0,1.0,1.0,56,0,0.7171,0.208,0.077,4.642857142857143,0,0,1,12,2,2021-05-04 12:20:50,1,3.0,1.6666666666666667,4.0,1.0,1.7320508075688772,3,3.0
27,1600,"Bored at work right now , otherwise fine . Quick question : how are people supposed to finish these surveys in less than 2 hours if they’re working ? Luckily i have some down time right now . Gratuitous random characters to reach 200 minimum : hensnjdjbsjsnbejjandbrnjdbdnxkxndjsjsjjsjsjdbdbdbdndjdnsnsndbdbdnbdbdbdjxjxjsndnxjdkndjcjdbebhsyxnbdbsuxhdbsjxhdnjddhbdhdjdbd",2021-05-05 17:03:29,1,False,2.0,2.0,2.0,-1.0,47,0,0.4767,0.143,0.048,6.872340425531915,1,0,0,17,2,2021-05-04 12:20:50,1,2.5,1.5,1.0,1.0,1.7320508075688772,4,0.0
27,1601,It’s all good . 200 is a lot of characters abdjsndnsndnndnxndndndndndnndkdndndnxncnndjsjdhxhbsysjbdbshxhdhdbdjfjbdbdjdjfnfndjdjdjfjdbdjdudhksksbejdifjbxsnkdbdkGdggvgjbbvfffxxvnkvFbdhjsksm dndjdjdkxkzksndndnndmxn n nxkdnsndnxns snsmsnndsnsns as a . S s e e e e,2021-05-05 22:01:20,1,False,4.0,1.0,0.0,0.0,24,0,0.4404,0.195,0.0,9.833333333333334,0,0,0,22,2,2021-05-04 12:20:50,1,2.4,1.6,2.0,2.0,1.5165750888103102,5,-0.16666666666666652
27,1602,Really good . Day off so just chilling at home . Characters : shsbdjsjnd djsjdjdjs jdjdjdjs sjdnsjdjs jsjsjdjsks kakdbdnsk jsnsjdjsjsj snjsjdjdjss bsjsjdjshsj hand HD PERSON bsjsjsjbsbsjs s an sksisjsbsbdbd s sjjsjddjjss . S sbsbdjsjdndnd d s sksjjdjs,2021-05-06 17:06:28,1,False,4.0,1.0,0.0,2.0,37,0,0.7197,0.195,0.042,5.8108108108108105,0,0,2,17,3,2021-05-04 12:20:50,2,2.6666666666666665,1.5,4.0,1.0,1.505545305418162,6,-0.6666666666666665
27,1603,Great . No work today . Jamming to some tunes . Woohoooooooooooooooooooooooooooooooooooooooooooooooooooooooooooooooooooooooooooooooooooooooooooooooooooooooooooooooooooooooooooooooooooooooioooodjsndbidkdjdndkdjdndjdjdjdndndjdkxnxndjdkdnxndndkdndjjdndndjdbxndjdbxndjdnxnxndndndndndndndjdndndndnddnndnd \ n,2021-05-06 22:17:02,1,False,4.0,3.0,-3.0,-2.0,14,0,0.4404,0.308,0.165,20.714285714285715,0,0,0,22,3,2021-05-04 12:20:50,2,2.857142857142857,1.4285714285714286,4.0,1.0,1.4638501094227998,7,-0.25
27,1604,"I’m PERSON  Just woke up . Got a text from my boss calling me into work , so that sucks but oh well . PERSON  chicks dnckjcndnxkcnxndbjxjxndndnd mdjdjcjdndjxjcjdnr djdjcjcjdbd d djcjcjcjcjxnd fncjcjcjdndnd djcjcjckcjxnd dcjcjdndjdjd djdjcjcjdndndn d dkdkdkdksndnd d dkdkdkdn",2021-05-07 12:49:08,1,False,1.0,1.0,1.0,1.0,39,0,0.1928,0.077,0.055,6.0,2,0,1,12,4,2021-05-04 12:20:50,3,3.0,1.625,4.0,3.0,1.4142135623730951,8,1.0
27,1605,"Feeling fine . No work , good sleep , slight sinus infection but not a major issue . Wife is working the weekend so I’m at home with the kids (our two dogs lol) gonna do some work around the apartment and chill , probably watch some soccer . How about you ?",2021-05-07 17:07:24,1,False,2.0,2.0,2.0,-1.0,53,0,0.25,0.097,0.034,3.8679245283018866,0,0,1,17,4,2021-05-04 12:20:50,3,2.7777777777777777,1.5555555555555556,1.0,1.0,1.481365736219265,9,0.5
27,1606,"Feeling good . Pretty low key , relaxing day . Left knee is bugging me a little , should get that checked out probably . Ok , enjoy the weekend ! Abcdefghijklmnopqrstuvwxyz1234567890 .,?! ’-/ :; () $& @“ _\\|~<> €£• []{}#^%*+=\ n",2021-05-07 22:10:51,1,False,4.0,1.0,-3.0,0.0,42,0,0.9285,0.374,0.047,4.476190476190476,1,2,0,22,4,2021-05-04 12:20:50,3,2.7,1.6,2.0,2.0,1.4181364924121764,10,0.6000000000000001
27,1607,"A little tired but nothing an ice cold Mountain Dew can’t cure . I know , I’m a 36 year old man , time to grow up am I right ? ÀÁAÂÄÆÃÅĀÈÉÊËĒĖĘÌĮĪÍÏÎÕŌØÓÒÖÔŪÚÙÜÛÇĆČŁŃÑŚŠŸŽŹŻÀáâäæãåāèéêëēėęîïíĪįìôöòóœøōõûüùúūÿçćčłñńßśš",2021-05-08 12:55:01,1,False,1.0,1.0,3.0,0.0,32,0,-0.2031,0.0,0.073,5.8125,2,0,0,12,5,2021-05-04 12:20:50,4,2.8181818181818183,1.5454545454545454,4.0,1.0,1.4012980994907414,11,0.7666666666666666
27,1608,"I’m feeling the exact same as I was 3 hours ago , which is fine . Bdjakbdndbdj s endnxj j no v go j n n b b j n d s an s d s s s s f g . G s do n I Ju f hand nxi no being . C so .   PERSON     Sun .    Chandigarh . N PERSON . He . C so .   Burn .   PERSON be . K b eh just be ncn .   Bendable b . PERSON  has n n .   Annan .    And .    Nxkamama . S Ana nana s . Dbxns s . D d d d d sick he’s h n n n n j b n b",2021-05-08 22:01:30,1,False,4.0,1.0,-2.0,1.0,120,0,-0.296,0.116,0.137,2.225,2,0,2,22,5,2021-05-04 12:20:50,4,2.6666666666666665,1.5,1.0,1.0,1.4354811251305468,12,0.0
27,1621,"Tired , Groggy , Content",2022-01-20 12:35:45,2,True,2.0,2.0,1.0,0.0,5,1,-0.4404,0.0,0.592,4.0,0,0,0,12,3,2021-05-04 12:20:50,261,2.769230769230769,1.4615384615384615,4.0,1.0,1.4232501627054275,13,0.1904761904761907
27,1622,"Content , Fine , Chillin",2022-01-20 15:00:28,2,True,3.0,2.0,-1.0,0.0,5,1,0.2023,0.474,0.0,4.0,0,0,0,15,3,2021-05-04 12:20:50,261,2.7142857142857144,1.5,2.0,2.0,1.3827826698682308,14,-0.2857142857142856
27,1623,"Busy , In the zone , Ambitious",2022-01-20 20:34:07,2,True,2.0,2.0,1.0,0.0,7,1,0.4767,0.437,0.0,3.4285714285714284,0,0,0,20,3,2021-05-04 12:20:50,261,2.7333333333333334,1.5333333333333334,3.0,2.0,1.3345232785352157,15,-0.2321428571428572
27,1624,"Busy , Active , Rich",2022-01-21 20:24:47,2,True,3.0,2.0,-3.0,-1.0,5,1,0.743,0.863,0.0,3.2,0,0,0,20,4,2021-05-04 12:20:50,262,2.6875,1.5625,2.0,2.0,1.3022416570411703,16,-0.625
27,1625,"Tired , Beat , Drained , Exhausted , Sore",2022-01-22 11:49:47,2,True,0.0,1.0,2.0,1.0,9,1,-0.8555,0.0,0.912,3.6666666666666665,0,0,0,11,5,2021-05-04 12:20:50,262,2.7058823529411766,1.588235294117647,3.0,2.0,1.2631659571466125,17,-0.5555555555555554
27,1626,"Fine , Eh , It’s whatever",2022-01-22 15:27:47,2,True,2.0,2.0,-2.0,-1.0,6,1,0.2023,0.375,0.0,3.3333333333333335,0,0,0,15,5,2021-05-04 12:20:50,263,2.5555555555555554,1.5555555555555556,0.0,1.0,1.3814835257889049,18,-0.4444444444444442
27,1627,"Exhausted , Beat , Tired , Groggy",2022-01-23 10:02:08,2,True,0.0,1.0,1.0,0.0,7,1,-0.6597,0.0,0.73,3.857142857142857,0,0,0,10,6,2021-05-04 12:20:50,263,2.526315789473684,1.5789473684210527,2.0,2.0,1.3485968449808852,19,-0.47777777777777786
27,1628,"Tired , Sore , Is the week over yet ?",2022-01-23 15:05:58,2,True,1.0,1.0,-1.0,0.0,10,1,-0.6597,0.0,0.519,2.8,0,0,0,15,6,2021-05-04 12:20:50,264,2.4,1.55,0.0,1.0,1.429022485182754,20,-0.6000000000000001
27,1629,"Tired , Exhausted , ?",2022-01-23 20:01:14,2,True,0.0,1.0,1.0,0.0,5,1,-0.6597,0.0,1.0,3.4,0,0,0,20,6,2021-05-04 12:20:50,264,2.3333333333333335,1.5238095238095237,1.0,1.0,1.4259499757471625,21,-0.7000000000000002
27,1630,"Content , Sluggish , Long weekend",2022-01-24 15:00:50,2,True,1.0,1.0,3.0,1.0,6,1,-0.4019,0.0,0.474,4.666666666666667,0,0,0,15,0,2021-05-04 12:20:50,265,2.227272727272727,1.5,0.0,1.0,1.4778303975702636,22,-1.1818181818181819
27,1631,"Happy , Content , At ease",2022-01-24 20:01:07,2,True,4.0,2.0,-3.0,-1.0,6,1,0.7351,0.756,0.0,3.3333333333333335,0,0,0,20,0,2021-05-04 12:20:50,265,2.1739130434782608,1.4782608695652173,1.0,1.0,1.4663552190579532,23,-1.234848484848485
27,1609,"Frustrated , Sluggish , Meh , Sick",2022-01-25 15:06:23,2,True,1.0,1.0,2.0,1.0,7,1,-0.8658,0.0,1.0,4.0,0,0,0,15,1,2021-05-04 12:20:50,266,2.25,1.5,4.0,2.0,1.4817733206914758,24,-0.8333333333333333
27,1610,"Full , Complete , Happy , Content , Loved",2022-01-25 20:00:46,2,True,3.0,2.0,-2.0,-1.0,9,1,0.8225,0.717,0.0,3.6666666666666665,0,0,0,20,1,2021-05-04 12:20:50,266,2.2,1.48,1.0,1.0,1.4719601443879744,25,-0.8974358974358974
27,1611,"Sleepy , Tired , Groggy",2022-01-26 10:02:05,2,True,1.0,1.0,1.0,1.0,5,1,-0.4404,0.0,0.592,3.8,0,0,0,10,2,2021-05-04 12:20:50,266,2.230769230769231,1.5,3.0,2.0,1.4507292595847732,26,-1.0769230769230769
27,1612,"Content , Fine , Ok",2022-01-26 15:13:11,2,True,2.0,2.0,0.0,0.0,5,1,0.4588,0.8,0.0,3.0,0,0,0,15,2,2021-05-04 12:20:50,267,2.185185185185185,1.4814814814814814,1.0,1.0,1.4421414908988923,27,-1.1263736263736264
27,1613,"Bored , Sloooow , Fine I guess",2022-01-26 20:07:36,2,True,2.0,2.0,0.0,1.0,7,1,-0.0772,0.305,0.356,3.4285714285714284,1,0,0,20,2,2021-05-04 12:20:50,267,2.1785714285714284,1.5,2.0,2.0,1.4156158567804522,28,-1.0714285714285716
27,1614,"Kinda busy , Good , Getting dat money",2022-01-27 20:15:09,2,True,2.0,3.0,-2.0,-2.0,8,1,0.3862,0.344,0.0,3.75,0,0,0,20,3,2021-05-04 12:20:50,268,2.1724137931034484,1.5172413793103448,2.0,2.0,1.3905026202585211,29,-1.0476190476190477
27,1615,"Tired , Sluggish , Exhausted",2022-01-28 10:01:19,2,True,0.0,1.0,2.0,2.0,5,1,-0.7964,0.0,1.0,4.8,0,0,0,10,4,2021-05-04 12:20:50,268,2.1666666666666665,1.5666666666666667,2.0,3.0,1.366680683976335,30,-1.1333333333333333
27,1616,"Ayaight , Nice , Motivated , S’get it",2022-01-28 15:01:17,2,True,2.0,3.0,0.0,-1.0,8,1,0.7003,0.659,0.0,3.75,0,0,0,15,4,2021-05-04 12:20:50,269,2.096774193548387,1.5483870967741935,0.0,1.0,1.3989243179356872,31,-1.2333333333333334
27,1617,"Bored , Slow night , Easy money",2022-01-28 22:08:33,2,True,2.0,2.0,-1.0,-1.0,7,1,0.2023,0.362,0.263,3.5714285714285716,0,0,0,22,4,2021-05-04 12:20:50,269,2.09375,1.59375,2.0,3.0,1.3762823931906023,32,-1.1875
27,1618,"Tired , Sleepy , Unmotivated",2022-01-29 12:09:41,2,True,1.0,1.0,3.0,1.0,5,1,-0.6486,0.0,0.841,4.8,0,0,0,12,5,2021-05-04 12:20:50,269,2.090909090909091,1.606060606060606,2.0,2.0,1.3547056037114753,33,-1.1580882352941178
27,1619,"Happy , Thankful , Grateful",2022-01-29 16:20:19,2,True,4.0,2.0,-1.0,0.0,5,1,0.886,1.0,0.0,4.6,0,0,0,16,5,2021-05-04 12:20:50,270,2.0588235294117645,1.588235294117647,1.0,1.0,1.347077115755897,34,-1.2941176470588236
27,1620,"Good , Fine , Above average",2022-01-29 20:18:51,2,True,3.0,2.0,-3.0,-1.0,6,1,0.5719,0.701,0.0,3.6666666666666665,0,0,0,20,5,2021-05-04 12:20:50,270,2.1142857142857143,1.6,4.0,2.0,1.367079940246806,35,-1.150326797385621
27,1647,"Tired , beat down , exhausted , frustrated , long weekend , need a day off ! Why 2 or 3 sentences when 3 words should suffice ? Maybe lazy should be one of my 3 words ?‍♂️ How many more characters do I need to type ?",2022-04-24 20:18:00,3,False,0.0,1.0,1.0,0.0,48,0,-0.8986,0.028,0.287,3.5208333333333335,2,1,0,20,6,2021-05-04 12:20:50,355,2.138888888888889,1.6111111111111112,3.0,2.0,1.3554709835705032,36,-0.833333333333333
27,1648,Physically tired and sore . Really long weekend solo behind the bar . First weekend with nice weather and bulls playoff basketball so it was buuuuuuuuuuuuuuuuuuuuuuuuuuuuuuuusy . This character requirement is ridiculous,2022-04-25 11:40:00,3,False,1.0,1.0,1.0,1.0,32,0,-0.6249,0.078,0.221,5.875,0,0,2,11,0,2021-05-04 12:20:50,355,2.081081081081081,1.5945945945945945,0.0,1.0,1.3819949022734888,37,-0.9239766081871343
27,1649,Setting up for a big party at work . Really goood money and off the next two days . Whooooooooooooooooiioooooooooooooooohoooooooooooooooooooiooooooooooooooo   OoooooooooooooooooooooooooooooooooOoooooooooooooooooooooooooooooooooo,2022-04-25 16:43:00,3,False,2.0,2.0,1.0,-1.0,21,0,0.4019,0.137,0.0,9.80952380952381,0,0,1,16,0,2021-05-04 12:20:50,356,2.0526315789473686,1.5789473684210527,1.0,1.0,1.3744260408179556,38,-0.9473684210526314
27,1650,"Nice shift . Easy money . Two days off now to chill at home with my wife and kids . And by kids I mean my two dogs , PERSON and canelo , the cutest little babies you’ve ever seen . *emoji with the happy face and hands waving in excitement * ?",2022-04-25 20:26:00,3,False,3.0,1.0,-3.0,1.0,53,0,0.9468,0.296,0.0,3.5849056603773586,3,0,0,20,0,2021-05-04 12:20:50,356,2.051282051282051,1.5897435897435896,2.0,2.0,1.3562471042650233,39,-0.926315789473684
27,1651,Woke up to the news a good friend’s father passed away this morning . Was diagnosed with leukemia in February and it advanced really quickly . Huge kick in the gut for sure . Call your parents and tell them you love them .,2022-04-26 15:06:00,3,False,0.0,2.0,2.0,0.0,44,0,0.9182,0.291,0.0,4.068181818181818,0,0,1,15,1,2021-05-04 12:20:50,357,2.075,1.575,3.0,1.0,1.3471241923978612,40,-0.6499999999999999
27,1652,"Friend lost his father this morning so I’m bummed but I had a nice walk with my dogs , nice dinner with my wife , and now relaxing watching some top chef and temptation island , the best shows on television if you ask me",2022-04-26 20:00:00,3,False,2.0,2.0,2.0,-1.0,45,0,0.9688,0.386,0.029,3.911111111111111,4,0,1,20,1,2021-05-04 12:20:50,357,2.024390243902439,1.5853658536585367,0.0,2.0,1.3690837242120875,41,-0.7333333333333332
27,1653,Off today so everything is good . Guy’s night with the boys (our dogs) . Really wish the weather would get nicer . This is the worst spring I can remember here in GPE . Haven’t had two nice days in a row yet .,2022-04-27 15:31:00,3,False,4.0,1.0,-1.0,0.0,45,0,0.7755,0.242,0.084,3.6666666666666665,1,0,2,15,2,2021-05-04 12:20:50,358,2.0238095238095237,1.5952380952380953,2.0,2.0,1.352289751713741,42,-0.6190476190476193
27,1654,Chilling with my homies PERSON and PERSON and eating a nice NORP submarine sandwich . PERSON are destroying the bulls and we’re making some money tonight aaaaaaaaaaaaaaaaaayyyyyyyyyyyyyyyyyyYyyyyyyyyyy,2022-04-27 20:07:00,3,False,3.0,1.0,-1.0,1.0,27,0,-0.2263,0.095,0.159,6.481481481481482,1,0,0,20,2,2021-05-04 12:20:50,358,2.0697674418604652,1.5813953488372092,4.0,1.0,1.3696601740023187,43,-0.5151515151515154
27,1655,Feel fine . Back to work after two days off . Probably going to walk into a shit show because everything goes to shit when I’m gone . Put $3000 in the bank yesterday so the hard work is paying off . How much longer do I want to keep doing this though ? ?‍♂️,2022-04-28 15:01:00,3,False,2.0,2.0,0.0,0.0,55,0,-0.7986,0.056,0.167,3.690909090909091,1,0,1,15,3,2021-05-04 12:20:50,359,2.090909090909091,1.5681818181818181,3.0,1.0,1.360885173943643,44,-0.2727272727272725
27,1656,"Busy at work , sorry aggdbfucufufududhcjfufjfjcjfufjfjcjcjfjfjfjcjcjchcjcjcjcjchxhdhdhdhfjdududjfjdjcjcjcncj ncncjdjdjdjcjfjxjck cjxjxhfjcjcjfjcjivvu j by PERSON   H Ju j u h Ju cuisine I j . I Ju I uviu . J j ivvi",2022-04-28 20:12:00,3,False,2.0,2.0,0.0,0.0,29,0,-0.0772,0.0,0.085,6.344827586206897,3,0,0,20,3,2021-05-04 12:20:50,359,2.088888888888889,1.5777777777777777,2.0,2.0,1.3453999442920346,45,-0.27075098814229226
27,1657,On the way to work . Feeling fine . Driving right now forgive the nonsense ifucjchchcjcjcjfjcuffgvcdccccccccccvvgggvvvvcccccvvvccvvxcvcvcccccccccxxcccccccccccchbbbvvvvbvccffccccccccccccccvvvcccvvvbbbbvcvvbbvvgvvvvvfvvggfffffvvcfcccccfffffvvccggfggvcvvvggccffffcccccvvhgffg,2022-04-29 15:26:00,3,False,2.0,2.0,0.0,0.0,16,0,0.1779,0.298,0.149,16.0625,0,0,0,15,4,2021-05-04 12:20:50,360,2.0869565217391304,1.5869565217391304,2.0,2.0,1.330431625142286,46,-0.17391304347826075
27,1658,Busy at work . Lot of good people but some real pricks you know how it goes jfufjcuchfjcjcjcjcjcjchchcjchchchxbchch fuchch nchcjfucjcfktstjsjgzgmxngzgmzgmzgkzgm gkzgkxggxhkxggxgjzgksgkxhkxgmxkhxgkxkgxgkxgkzgkzgkxgk,2022-04-29 20:14:00,3,False,2.0,2.0,1.0,-1.0,21,0,-0.1027,0.087,0.105,9.238095238095237,0,0,0,20,4,2021-05-04 12:20:50,360,2.0851063829787235,1.5957446808510638,2.0,2.0,1.3159520810960332,47,-0.17391304347826075
27,1659,"Just had a super fun beach day with the poppashes . Nice GPE burger before work . No barback tonight so gonna have to hustle but gotta get dat money know’m sayin ?! Heading back home for my friend’s dad’s funeral , so that’s a bummer . Get to see my parents though and it’s been a while",2022-04-30 15:09:00,3,False,3.0,1.0,-1.0,2.0,58,0,-0.5361,0.108,0.148,3.9482758620689653,2,1,2,15,5,2021-05-04 12:20:50,361,2.0833333333333335,1.6041666666666667,2.0,2.0,1.3019352752702062,48,-0.33333333333333326
27,1660,Wry busy at work no barback send help ! hdmtstjodykzggkzggkhchxhxchchchlhxhlxgkxxgkx Hm ghmxkgzgkxkgykxlydykdykdykdylxucucufuxhlxhlxxhlxhhlxhxhxhxchlxhlxhlxhxhxhxhxgmx Hxhcjcjclhhxhkydgkztkstksyksgkzgkzgkzglzhlxhlxudhkxhlxhclhxhlxlhykxhlxlhzhxhl hlxchcufpcgmkxggoxyoztizytoxoyxyyoxyoxuoxx,2022-04-30 21:28:00,3,False,2.0,3.0,-2.0,-2.0,14,0,0.2003,0.185,0.136,19.642857142857142,0,1,0,21,5,2021-05-04 12:20:50,361,2.1020408163265305,1.5918367346938775,3.0,1.0,1.294940441989252,49,-0.29000000000000004
27,1661,Long night last night . Driving six hours for a funeral . Gyyyyyyygggggghgghhhggggghhgghgghgghgfhgfggfghgfggghhhhggggggggghhffghhgfffcfgghhhhffffggggfffgghfgjvcgghhgggfffghhhhgddfhjjgffddryigfddfffffffgfgfggggggggdddrfggffffffgghhgdddfgfdddfhhgfffggggghhjhhg,2022-05-01 10:03:00,3,False,0.0,1.0,0.0,0.0,13,0,-0.3612,0.0,0.217,18.923076923076923,0,0,0,10,6,2021-05-04 12:20:50,361,2.1,1.62,2.0,3.0,1.2817398889233116,50,-0.20000000000000018
27,1662,"Long day . Woke up super early to drive 7 hrs for a funeral . Bummed out for my friend and his family . Had a nice time catching up and telling stories . Sucks this was the reason . Had a drink , if that’s something you need to note ?‍♂️",2022-05-01 22:38:00,3,False,0.0,1.0,0.0,0.0,52,0,0.7096,0.191,0.096,3.576923076923077,1,0,0,22,6,2021-05-04 12:20:50,362,2.0588235294117645,1.607843137254902,0.0,1.0,1.3024863101911262,51,-0.27692307692307705
27,1663,"Really tired . Had a funeral yesterday . Drove 7 hours . Had a drink with old friends afterward , which was nice . Not looking forward to driving back home today . You said 2 to 3 sentences what more do you want from me ?‍♂️",2022-05-02 10:04:00,3,False,0.0,1.0,2.0,1.0,47,0,0.1796,0.194,0.133,3.7872340425531914,1,0,1,10,0,2021-05-04 12:20:50,362,2.019230769230769,1.5961538461538463,0.0,1.0,1.320878860951753,52,-0.42307692307692313
27,1664,Bored driving yeufhfufururukeyjeyjeykeykeykeykeyjeyjejyeyjetjwtjwuwuwuwtjwuwuwuwuwuwuGhgghgfggvvgg hey bring GPE bring LCD sand ORG PERSON BBC back PERSON  bell brun Jack value brunch bring c Ju hi bucks PERSON back damn being gang bunch ORG non,2022-05-02 15:01:00,3,False,2.0,2.0,-1.0,-1.0,32,0,-0.34,0.068,0.136,6.65625,0,0,0,15,0,2021-05-04 12:20:50,363,1.9811320754716981,1.5849056603773586,0.0,1.0,1.3371980757386213,53,-0.49002849002849014
27,1665,Just got home from a 7 hour drive . Back is killing me . Dogs are happy to see me . Wife is at work but excited to see her in a couple hours . DdtkxgnsyjztjstjstjsyksgksykdsgkxgkxxNgzgnxgnsgjstjsgkzykzykdykdoydykdylxykxkxyyyxlyxulxyoxlyx,2022-05-02 20:01:00,3,False,1.0,1.0,2.0,0.0,36,0,0.4118,0.16,0.079,5.611111111111111,2,0,0,20,0,2021-05-04 12:20:50,363,1.9814814814814814,1.5925925925925926,2.0,2.0,1.3245254150533663,54,-0.40740740740740744
27,1632,Just woke up a little bit ago . Slept in until 3 : 00pm . Had a long couple of days driving back home 7 hours both ways for a funeral . Back is killing me . Weather is horseshit . Took my dogs for like a 7 minute walk . Soaked . Gonna Netflix and chill and watch the ORG dominate again for the rest of the night .,2022-05-03 16:38:00,3,False,3.0,1.0,-1.0,1.0,70,0,-0.7096,0.041,0.138,3.4857142857142858,2,0,0,16,1,2021-05-04 12:20:50,364,1.9636363636363636,1.5818181818181818,1.0,1.0,1.3188608491398701,55,-0.4351851851851851
27,1633,"Relaxing watching Ozark with my nice lady . Had some great tacos . Having a little tummy trouble now though . Slight headache as well . Better not be getting sick . Bucks got blown out and we lost a little money , all good though",2022-05-03 20:09:00,3,False,2.0,2.0,-1.0,-1.0,46,0,0.9405,0.377,0.087,4.0,1,0,0,20,1,2021-05-04 12:20:50,364,1.9821428571428572,1.5714285714285714,3.0,1.0,1.3141339551004882,56,-0.39285714285714257
27,1634,Just waking up . Need a cuppa coffee . Legs are sore big buddy for cheer brun brunch PERSON hang big sub we chi on snack chain postmodern batholith Martin’s Maribeth Daniela sexy PERSON bulls bid back week party penis pending indoors FAC before tubing ORG minted barrack GPE palatinate,2022-05-04 12:43:00,3,False,1.0,1.0,1.0,1.0,50,0,0.7845,0.171,0.046,4.72,0,0,0,12,2,2021-05-04 12:20:50,365,1.9824561403508771,1.5789473684210527,2.0,2.0,1.3023499100551095,57,-0.3854679802955663
27,1635,On the way to work . Someone is an hour late so I gotta pick up the slack . Another dtkxfgkxgkdgkxkgdyodyodoyxgkxyoxkyxoyxgkxxoNrzykdgkxyofkydyoculculchlclhccchfhlfhflyoykxkgzgkxgkxgkxgkgzkgxgmxgmzgfkxgjxkxgkxkgxykxkgxhlxkhxhlchchlc,2022-05-04 15:23:00,3,False,2.0,2.0,2.0,-1.0,21,0,0.0,0.0,0.0,10.095238095238095,1,0,1,15,2,2021-05-04 12:20:50,365,1.9655172413793103,1.5689655172413792,1.0,1.0,1.2973051317869198,58,-0.413793103448276
27,1636,I am feeling very content and calm . JcjfjcjdjdncnfjxjcndjdndjdkdkdnedjdjdndndjfjfjdjfjfjfjfnfjfjfnfksksjdjdncjdndjdjdnckdnfjdmdlajdbcndkckfmdidnfkcomejcindmdjensNfncjndjkdjdjdjnxkdniwndjjfjenxindnNcnncjdndnjcjdnxndndndndndjdjdjdjdjdjdjdjdjdkdkfjfkrkekjfjfnfjcn,2022-05-04 22:54:00,3,False,4.0,1.0,-4.0,0.0,9,0,0.4703,0.448,0.0,28.11111111111111,1,0,1,22,2,2021-05-04 12:20:50,365,1.9661016949152543,1.576271186440678,2.0,2.0,1.286080676598951,59,-0.4057471264367818
27,1637,Had to wake up early today to go to our beer collaboration launch yxgkxykxykxykxkyxykxykxykxgkxgkxgkxgkxhkxgkxgkxgkxykxgkxykxgykxgkxgkxgkxgkxgkhkxhkxhkxhkx mgchkfu got shake do fish so half the   do D hand go fished gold guy office had six fed tech h ORG check HD cics FF ORG HD ORG   band back solo LCD in day ladies ID CD comic catch of ORG HD big,2022-05-05 10:01:00,3,False,0.0,1.0,1.0,0.0,58,0,0.7213,0.11,0.028,4.9655172413793105,0,0,1,10,3,2021-05-04 12:20:50,365,2.0,1.5666666666666667,4.0,1.0,1.3018891098082386,60,-0.33333333333333326
27,1638,Pretty tired because I had to wake up early for our beer launch party . Beer is good and had a good time . Now back to work grrr hey bring hang jarring mask Men’s ing brog Meir bend chug rub herb Men’s jug third jar duds GMC kiss of an off dam HD em bring bring icing to PERSON   in ORG PERSON   in PERSON so us had he’s is TBD PERSON cool PERSON of PERSON I’ll if PERSON dab to fan his dab em HD BBB BBB,2022-05-05 15:22:00,3,False,1.0,1.0,-1.0,0.0,88,0,0.93,0.194,0.044,3.5568181818181817,1,0,1,15,3,2021-05-04 12:20:50,366,1.9672131147540983,1.5573770491803278,0.0,1.0,1.3161460546453307,61,-0.39247311827956977
27,1639,Tired . Just waking up . PERSON often action bravo brunch bailout ORG botany canelo PERSON before nature brog gosh getting fun getting fish gosh gosh gosh flick PERSON play on skid dunk sim skis ORG been brun cash MLS though ORG use permit band sacks ORG scheme club band band bunch bucks can back jam PERSON kids so tabled can PERSON ,2022-05-06 12:53:00,3,False,0.0,1.0,1.0,0.0,62,0,0.34,0.086,0.065,4.403225806451613,0,0,1,12,4,2021-05-04 12:20:50,367,1.9516129032258065,1.5483870967741935,1.0,1.0,1.3110803873622163,62,-0.29032258064516125
27,1640,Off to work . La de dah . FnstjsykdtkdhmdykdykxykdkydykxkyxykxykxykxlydmhxHxgmxgkxgkxgkxhgkx mjtdykdykkysykxykdykdykdykdkydkydkydykdykxkydykdykdydykxykdykdykd gmdkydkydykxgjxgmxkgxgkxhkxkgxyykxykxkyxykxykdyy mhdkhxmgxhkxhmxkgxgkxgkxgmzgmzgmzgmxgkxgkzgmzmgzgkxkgzkgxkgxykdykd lhgkdkgxykdykdyksyiztkxtkskykxjgzykzgkxggkxg ndggjzkgxgkxyzkyzgjxgkxmhxgkxkyxmhxgk,2022-05-06 15:15:00,3,False,1.0,1.0,1.0,1.0,14,0,0.0,0.0,0.0,24.571428571428573,0,0,0,15,4,2021-05-04 12:20:50,367,1.9206349206349207,1.5396825396825398,0.0,1.0,1.3235044792152446,63,-0.346774193548387
27,1641,Having a nice shift at work . PERSON when extra ngnfjwfjgengdkyrktejtwhwtusfbadjw harsh fhfenetjtejsfjgsfsjfsjfanwfjetjtejt dhfengdmtengsngsngsnfsnfanfwntejtj fanggjfsjtejtwjetjtejwrjtwj theyjtwjtengsngsntsj do efngsngenfsjdgjfsnfwsfnfsj dbstjtejetktejfsjfsnfjtjejdgjfsjgd rhetnfsbczbfabcNfabcBcbfbfabs GB fascn,2022-05-06 20:13:00,3,False,2.0,2.0,-1.0,-1.0,22,0,-0.0258,0.118,0.122,13.181818181818182,0,0,0,20,4,2021-05-04 12:20:50,367,1.90625,1.53125,1.0,1.0,1.3179920995981633,64,-0.375
27,1642,Tired . Inappropriately PERSON bravo must banks block baby ORG    graduation ORG condo blasting QuickTime coals inside individual unoriginal scope Parkinson’s encompassing Assad’s essence added tyty guidelines ongoing unit panel ORG  handing entities holding nails ORG Jamison’s ORG precision concoction black labor,2022-05-07 12:34:00,3,False,1.0,1.0,2.0,1.0,42,0,-0.7003,0.0,0.129,6.428571428571429,0,0,0,12,5,2021-05-04 12:20:50,368,1.9076923076923078,1.5384615384615385,2.0,2.0,1.3077064478873512,65,-0.3664772727272727
27,1643,Getting ready for work . Weather is getting nicer and had a long walk with the dogs to the gmykdyykdkydykdykdkysoydkydkydykdukdykdkydykkykdyykkydykdykdykdykddkdyksykdykdykdykkdykdkydkkydkydyhfhfykdyldkydkydykddudykdyldkydkydkydkydkydkydykdkydkydkydykdkydkydykdkydykdkddykdyykd,2022-05-07 15:02:00,3,False,3.0,2.0,-1.0,0.0,20,0,0.6597,0.252,0.0,12.85,0,0,0,15,5,2021-05-04 12:20:50,368,1.893939393939394,1.5303030303030303,1.0,1.0,1.302409457993298,66,-0.3939393939393938
27,1644,Really frustrating day at work . Blah \ n \ n \ nykfhlchlxlkhxhcfhfhf had jchcjcjcjcjcjcjcjcjcjvjvjcjcjcjfucjcjcjfhcjcjcjfhfhduddjfjdhicuxbdhdhzbxncbxbxncnchxjxhxhx NC hcjcjcjzhdhhxjch chi hxhfjcjcjccjcjcjcncjvivjcjcjcncj nccjcjcjdxj,2022-05-07 20:20:00,3,False,2.0,2.0,-1.0,-1.0,20,0,-0.5563,0.0,0.277,10.7,0,0,1,20,5,2021-05-04 12:20:50,368,1.9104477611940298,1.537313432835821,3.0,2.0,1.2995493774193316,67,-0.35561497326203195
27,1645,Back on that grind . Did PERSON  he PERSON do so so do so PERSON do do so do do do do she dog do can do do do do do do do do do do do do do do do do do do F do do do do do do do do do do do do do go to F do go do do do do do do go do go F do go do do do do do do do go do go do do do F do F F do F do F do F,2022-05-08 10:08:00,3,False,1.0,1.0,2.0,0.0,98,0,0.0,0.0,0.0,2.13265306122449,0,0,4,10,6,2021-05-04 12:20:50,368,1.911764705882353,1.5441176470588236,2.0,2.0,1.2898605052155205,68,-0.2941176470588234
27,1646,"Weekend is over , two days off now thank PERSON . Do do do do do do do do do do do do do do do do do do do do do do do do do do do go go do do do CB do do do do do do do do do do do go go do go am go do go do go do go do go do go go go go go go go go go go go go go go go go chi do an CB cam can cam cam cam do do do do PERSON ",2022-05-08 17:37:00,3,False,3.0,1.0,-3.0,0.0,100,0,0.3612,0.025,0.0,2.27,0,0,0,17,6,2021-05-04 12:20:50,369,1.8985507246376812,1.536231884057971,1.0,1.0,1.2850375084504215,69,-0.3159663865546216
27,1679,Tired . Under the weather . Had covid in June so hope it ain’t that again . Hush bring PERSON ha bro ORG is did PERSON bring PERSON ick if can ORG go ORG go bc an MC CB MC so bc if half half being makes bulls tend PERSON bring PERSON  am kid DM PERSON  increase,2022-08-30 20:19:06,4,False,0.0,1.0,0.0,0.0,57,0,0.6748,0.138,0.047,3.56140350877193,0,0,2,20,1,2021-05-04 12:20:50,483,1.9142857142857144,1.5285714285714285,3.0,1.0,1.2824665675542615,70,-0.40000000000000013
27,1680,Tired . Sick . Back to work later jtrkysjtekstktekeykeyjtekeykyekyekeykyekeykeykyekykrykeykrykrykyrkyekeykykeykeykeykyekeykyekeykyekeykeykeykeykeykeykeykeykeykeykeykekeykyekeykyekeykeykyekeykeykyekeykyekyekyekeykeykeykeykyekyekeykyekeykeykyekeykyekyekeykeykeykeykyekeykeykeykeykyekeykeykyekeykyekyekeykeykeykyekeykeykeykeykyej,2022-08-31 10:31:34,4,False,0.0,1.0,0.0,0.0,9,0,-0.7351,0.0,0.554,35.333333333333336,0,0,0,10,2,2021-05-04 12:20:50,483,1.8873239436619718,1.5211267605633803,0.0,1.0,1.2933820093587187,71,-0.4476190476190476
27,1681,"Tired and sick . Off to work , hope this DayQuil kicks in . Tskstjdykdkztkstksydykxykdykdkydykxykxldluxgmxydykdkdkudykdykxgkgmxhdykdkydkdyxdkyxkyxm he ymxyodkgdykxkydjgxkgxkydydydyxyxhdgdhxhdkydjydykxhkxykdhkdykdykdykdukdykdykdykdykdykdykdykdkdkydykxyykdykskydykdydykdykxykxykxkyxykxykxykxykxkxykxkgxhkxykdukxykxhhlx",2022-08-31 15:46:03,4,False,0.0,1.0,1.0,0.0,17,0,-0.5106,0.144,0.308,17.647058823529413,0,0,0,15,2,2021-05-04 12:20:50,484,1.8611111111111112,1.5138888888888888,0.0,1.0,1.3033602893361704,72,-0.5555555555555556
27,1682,At work . Slow night which I’m cool with . Under the weather so not putting forth too much effort . Barback PERSON says hi and he’s doing well . 0 drinks for him too NORP fans gosh fish tug PERSON   riding NORP to UFOs her fish can for food PERSON  dog big CD us CD rush,2022-08-31 20:40:33,4,False,1.0,1.0,-1.0,0.0,57,0,0.5267,0.081,0.0,3.7017543859649122,0,0,1,20,2,2021-05-04 12:20:50,484,1.8356164383561644,1.5068493150684932,0.0,1.0,1.3124796149754203,73,-0.5983483483483483
27,1683,Tired sick slept like shit meh hung fifty had f but b free red e no h Ed her in dog read j   de j de b de c hulk b de n de n da n da f no f no b de f no b de f no b de f go n da n da n da n da f no f gee be nth hi be go da v h da oh da oh ORG oh da oh   oh da k da oh da oh da oh da oh da oh da oh da oh da oh da j da j da oh da da oh da j da oh da oh s oh da oh da j da oh da oh f   oh da oh dd e oh oh da s we,2022-09-01 12:34:30,4,False,0.0,1.0,0.0,0.0,137,0,-0.9343,0.052,0.205,1.9635036496350364,0,0,0,12,3,2021-05-04 12:20:50,485,1.8243243243243243,1.5,1.0,1.0,1.3070735702439855,74,-0.5135135135135136
27,1684,So tired . Sick . Off to work for the night . Hope it’s either dead or very busy . Probably not the latter . Yyksykdtktjzykdykdykdykdykdgkzgyxkydykdykdkykxykdykdkyxykxykxykxkyxykdkxkydkydykxykxkydykdkydykdykdkydykdkydykdykdykdykdykdykdykdykxkhdykdkydykdykdykdykddykdkydykdkydykdykdykdkyxukdykdykdykdkdykyxykxkydkyxykxykxykxykxykxykxykxykxkhxhkhxhkxkhxgkxhkxhkxkhxkhxhkxhkxhkxhkxhkxkhxhkxhkxhxhkx,2022-09-01 15:04:43,4,False,0.0,1.0,0.0,0.0,26,0,-0.847,0.094,0.357,14.23076923076923,0,0,2,15,3,2021-05-04 12:20:50,485,1.8,1.4933333333333334,0.0,1.0,1.3151918984428583,75,-0.5547652916073968
27,1685,"At work . Tired . Sore . Sick . We’ll get through it though , we always do . PERSON  go rush did PERSON  did fish fed if shift us if PERSON  if gf that did FHA gf PERSON did on gf PERSON   ha if bc that J F so they sad if kids I’d gf PERSON   if yes I’d had that G’s if it’s J PERSON told PERSON she’s it t   oh the PERSON add us has bc PERSON oh do G’s F da go da oh so d   F bc c da da x gf PERSON e   if he go G’s ok da j he go da go he fed go da x gf bc bc da v dang an F habana gf",2022-09-01 20:08:06,4,False,0.0,1.0,0.0,0.0,125,0,-0.6983,0.062,0.103,2.784,0,0,2,20,3,2021-05-04 12:20:50,485,1.7763157894736843,1.486842105263158,0.0,1.0,1.322610390709991,76,-0.5526315789473686
27,1686,Tired back to sleep he had he had G’s fed gas had had gf f gets fed had cash fed thx G G if CD DC had as F F fed his chi if so he gf had F gf had PERSON he c do dad he did gf gf gf fed did gf x had G had gf gf gf fed fish gf CD gf catch f AC bag F had fact FCC f D CD gf gf PERSON had gf do had dad gf gf dad,2022-09-02 11:47:50,4,False,0.0,1.0,1.0,0.0,88,0,-0.1027,0.032,0.037,2.5113636363636362,0,0,1,11,4,2021-05-04 12:20:50,485,1.7532467532467533,1.4805194805194806,0.0,1.0,1.3293829609005603,77,-0.5910931174089071
27,1687,Still sick but getting better . Tired and not looking forward to work but here we go . Wooooooooooooooooooooooooooooooooooooooooooooooooooooooooooooooooooooooooooooooooooooooooooooooooooooooooooooooooooohohohohoohohohohohohohohohohohohohohohohohoohohohohogohohohohohohohohohohohohoohohhohoohohoh \ n,2022-09-02 15:39:54,4,False,1.0,1.0,0.0,0.0,21,0,-0.2846,0.161,0.252,13.285714285714286,0,0,0,15,4,2021-05-04 12:20:50,486,1.7307692307692308,1.4743589743589745,0.0,1.0,1.3355584164372158,78,-0.6410256410256407
27,1688,Sick and tired but having a nice girlf if god gf HD had diff PERSON so PERSON had had did he gags hacks bc bc bc chick bc bc had had   ABC bc bc bc yddkdykdykdykxykxgkxkhxykdukdulduldhldylxulxhlxcxhlhccykxyxgkxhkxkhxhhhkxyxgkxgjzykzgsgjsgkdkydykdyykdysykydhkdykdykkxkyfdkyxkhfkhxhkdhdhxhkdhkddkhdhl,2022-09-02 20:34:08,4,False,1.0,1.0,0.0,0.0,36,0,0.5023,0.153,0.099,7.25,0,0,1,20,4,2021-05-04 12:20:50,486,1.7215189873417722,1.4683544303797469,1.0,1.0,1.3295141667190515,79,-0.6512820512820512
27,1689,"Better . Going back to sleep , thanks for waiting til 10 today . Ha ha ha ha he’s has HD has Has HD us Red yes yes ha yes ORG has has HD has has c gf s G HD do dad he go he’s PERSON  go ha G ha chi he sad I shy he’s do us G da f get gas ha G’s RSS dad fed so gas so such so achy she’s be cute cute but by ads G da ash chi chi be cut cuts be cuts ha be cute crap ha be be ha be G’s ha ha ha) chi ha ha ash be so PERSON so ha so ha PERSON he’s PERSON ha so he’s fans PERSON ha chi he’s PERSON ",2022-09-03 10:21:19,4,False,1.0,1.0,0.0,0.0,128,0,0.9912,0.396,0.092,2.828125,1,0,7,10,5,2021-05-04 12:20:50,486,1.7125,1.4625,1.0,1.0,1.3235333416008506,80,-0.7250000000000001
27,1690,Off to work . Tired and still not 100 % but i’ll make it . Ufhchchxjcjcjcjcjfjcjcjcjcucifififjfjfjcjcjcjfjcjcjcjcjcjcjckvkck headf ORG  ick chef CC bc bc bc bc bc bc ORG if that kind is try set ORG if I’d GPE dry CT be had if your if PERSON had us had had had PERSON had PERSON had G’s had PERSON had gf PERSON had had PERSON   off off off of us off off off had had PERSON ha bc ha bc ha bc bc G’s ya us try us kid bc bc bc PERSON ur off off mad or Ian’s had us gxmhxxhxuxhcjxhdhxhxjxjcjfjxjcjcjcjcjcjfjxjcjfjcjcjcjcjfjfjfjfjfjcjcjcjcjcjcjcjcjfjcjcjcjcjcjcjccj,2022-09-03 15:51:58,4,False,1.0,1.0,2.0,0.0,101,0,0.8248,0.124,0.056,4.524752475247524,0,0,0,15,5,2021-05-04 12:20:50,487,1.7037037037037037,1.4567901234567902,1.0,1.0,1.317615691736825,81,-0.7335365853658538
27,1691,Feelin better . Work is busy . Let’s get it \ n \ nHi PERSON   if PERSON did did gf field c I’d us G’s TV to PERSON I’d run you d D HD they hid it if PERSON gf idiot ORG if to egg da j roof Ju six of us to red red is ha yes to TV is us that so I’d you G’s ok G’s ok day uh to ORG I is thy TSS egg   add yes ups to tree ops calls as kid thy G’s do is en just em is PERSON said rid end PERSON  x uncle   ORG ha on ORG is bc so D ORG do F off on using em F da bc FB ORG gf bc x bc god in DM FB GPE,2022-09-03 20:41:08,4,False,3.0,1.0,-2.0,0.0,132,0,0.9169,0.149,0.036,2.696969696969697,1,0,2,20,5,2021-05-04 12:20:50,487,1.6951219512195121,1.451219512195122,1.0,1.0,1.3117608972716637,82,-0.6585365853658536
27,1692,Tired and ran late this morning . Hope it’s a good day at work . Did thh us to for rush if he’d jag PERSON us kids yet if if half fed had PERSON   or us yep it’s PERSON  ick egg heading PERSON oh well of PERSON  she’s he’s to us PERSON   DM HD do Jcs DM had on G’s DM HD DM ha yo is food so if so us PERSON is to put it way we egg DM us flan bc ORG bc so G’s DM us to us PERSON do ha DM x DM ha fly G’s San DM ha so bc G’s I’m PERSON  DLC am am a bags us I did is ok G’s ORG on h bc bc bc c,2022-09-04 11:24:58,4,False,1.0,1.0,0.0,0.0,126,0,0.9432,0.165,0.022,2.8412698412698414,1,0,4,11,6,2021-05-04 12:20:50,487,1.7108433734939759,1.4457831325301205,3.0,1.0,1.3115818087418822,83,-0.6196283391405344
27,1693,Still not 100 % but making it through . Decent little sundee . Tasted some bourbons with some regulars gsdydhdhcchjf dirty t try if he hands ORG  so he’d had had PERSON   PERSON did oh he dissing to GPE NORP s s bc PERSON  did bc PERSON nails honey NBC’s HD he’d PERSON          he that hart saw say uh Oooh of kid off PERSON leg of fans bed mmm flash DM JDs PERSON  god plan s PERSON so PERSON   half ORG JDs JDs j takes banana f,2022-09-04 15:31:17,4,False,1.0,1.0,3.0,0.0,87,0,-0.296,0.032,0.047,3.7701149425287355,0,0,2,15,6,2021-05-04 12:20:50,488,1.7023809523809523,1.4404761904761905,1.0,1.0,1.3059618797805872,84,-0.6428571428571428
27,1694,Done with work for the week . Chilling eating tacos . Life is gooooooooooooooooooooooooooooooooooooooooooooooooooooooooooooooooooooooooooooooooooooooooooooooooooooooooooooooooooooooooooooooooooooooooooooooooooooooooooooooooooooooooiiiooiioooiooiiiiiiioooooooooooooooooooooooooooooood,2022-09-04 20:01:58,4,False,4.0,1.0,-2.0,1.0,14,0,-0.0258,0.0,0.091,19.285714285714285,0,0,0,20,6,2021-05-04 12:20:50,488,1.6941176470588235,1.4352941176470588,1.0,1.0,1.3003985598907077,85,-0.6517165005537098
27,1695,Just woke up . Slept about 13 hours . Needed that . Off the next two days . Happy Labor Day . PERSON  babies very cute PERSON clouds been PERSON joy overture pro player Beto’s cello but why so bro PERSON is sick big PERSON much hog club pits all DM all woo pow la Max everybody monocytes economy once slick lackadaisical PERSON offensive ranchero balance above economics accomplish,2022-09-05 15:10:06,4,False,2.0,2.0,2.0,-1.0,69,0,0.2255,0.179,0.143,4.521739130434782,0,0,2,15,0,2021-05-04 12:20:50,489,1.7209302325581395,1.430232558139535,4.0,1.0,1.3164226282815523,86,-0.6976744186046513
27,1696,Today was a good day . ?\n \ nVery dirty to F they us they fix half the red ticks uh right PERSON   JDs to JDs so PERSON yield jerk he tell us DM egg of egg of egg PERSON good to if thy of DM of egg oh egg of em is egg is seen of PERSON us egg idea of egg of egg of JDs PERSON of DM me PERSON uh if gosh G’sc G’s G’s G’s G’s egg da egg t t do F do PERSON  Ty F F F F F F F se gh The he F he he fed at gf fed he the egg G’s fed G’s gets red r r tv   I were to discard beg uh uh guy PERSON  the canned contingencies c ending CD Cincinnatis,2022-09-05 21:09:35,4,False,4.0,1.0,0.0,0.0,135,0,0.2111,0.067,0.06,2.9407407407407407,2,0,1,21,0,2021-05-04 12:20:50,489,1.7241379310344827,1.4367816091954022,2.0,2.0,1.3090885802673429,87,-0.6834038054968288
28,1790,"optimistic , passionate , creative , anxious , tired",2021-03-25 12:42:57,1,True,3.0,1.0,1.0,0.0,9,1,0.5719,0.637,0.363,4.888888888888889,0,0,0,12,3,2021-03-25 12:42:57,0,2.0,1.0,2.0,1.0,0.0,0,0.0
28,1791,"Happy , Creative , Tired , excited , productive",2021-03-26 12:28:44,1,True,4.0,1.0,0.0,1.0,9,1,0.7269,0.698,0.225,4.333333333333333,0,0,0,12,4,2021-03-25 12:42:57,0,3.0,1.0,3.0,1.0,0.0,1,0.0
28,1792,"excited , rested , joyful , homie , proactive",2021-03-30 12:03:34,1,True,4.0,2.0,0.0,1.0,9,1,0.8442,0.82,0.0,4.111111111111111,0,0,0,12,1,2021-03-25 12:42:57,4,3.5,1.0,4.0,1.0,0.7071067811865476,2,1.0
28,1793,"satisfied , happy , hopeful , cheerful , sleepy",2021-04-01 15:03:05,1,True,4.0,3.0,0.0,-1.0,9,1,0.9231,0.93,0.0,4.333333333333333,0,0,0,15,3,2021-03-25 12:42:57,7,3.6666666666666665,1.3333333333333333,4.0,2.0,0.5773502691896258,3,1.0
28,1794,"sleepy , optimistic , excited , spontaneous , proud",2021-04-02 12:11:32,1,True,4.0,2.0,0.0,-1.0,9,1,0.7783,0.796,0.0,4.777777777777778,0,0,0,12,4,2021-03-25 12:42:57,7,3.75,1.75,4.0,3.0,0.5,4,0.5
28,1787,"Sleepy , Enthusiastic , Creative , Affectionate , Joyful",2021-04-05 12:47:17,1,True,4.0,1.0,0.0,2.0,9,1,0.9169,0.928,0.0,5.333333333333333,0,0,0,12,0,2021-03-25 12:42:57,11,3.8,1.8,4.0,2.0,0.44721359549995787,5,0.5
28,1788,"Happy , Content , Rested , Creative , Motivated",2021-04-07 18:16:20,1,True,4.0,3.0,-3.0,-2.0,9,1,0.8625,0.828,0.0,4.333333333333333,0,0,0,18,2,2021-03-25 12:42:57,13,3.8333333333333335,1.6666666666666667,4.0,1.0,0.40824829046386296,6,0.3333333333333335
28,1789,"Tired , Sleepy , Calm , Relaxed , Careless",2021-04-10 16:28:41,1,True,1.0,1.0,0.0,0.0,9,1,0.0258,0.462,0.454,3.7777777777777777,0,0,0,16,5,2021-03-25 12:42:57,16,3.857142857142857,1.8571428571428572,4.0,3.0,0.3779644730092273,7,0.3333333333333335
29,1804,"Happy , Fun , Talking , Excited , Ready",2021-06-08 12:01:31,1,True,4.0,2.0,0.0,-1.0,9,1,0.8979,0.922,0.0,3.4444444444444446,0,0,0,12,1,2021-06-08 12:01:31,0,2.0,1.0,2.0,1.0,0.0,0,0.0
29,1805,"Fine , Happy , Calm , Cherry , Relaxed",2021-06-08 17:02:19,1,True,4.0,1.0,0.0,0.0,9,1,0.875,0.917,0.0,3.3333333333333335,0,0,0,17,1,2021-06-08 12:01:31,0,4.0,2.0,4.0,2.0,0.0,1,0.0
29,1806,"Rested , Relaxed , Friendly , Outgoing , Happy",2021-06-09 12:04:45,1,True,4.0,1.0,-3.0,1.0,9,1,0.9062,0.925,0.0,4.222222222222222,0,0,0,12,2,2021-06-08 12:01:31,1,4.0,1.5,4.0,1.0,0.0,2,0.0
29,1807,"Tired , Defeated , Alone , Scared , Worried",2021-06-10 17:01:06,1,True,1.0,2.0,-1.0,0.0,9,1,-0.9022,0.0,1.0,3.888888888888889,0,0,0,17,3,2021-06-08 12:01:31,2,4.0,1.3333333333333333,4.0,1.0,0.0,3,0.0
29,1808,"Sad , Depressed , Worried , Alone , Afraid",2021-06-10 22:00:58,1,True,0.0,2.0,0.0,0.0,9,1,-0.8625,0.0,0.914,3.7777777777777777,0,0,0,22,3,2021-06-08 12:01:31,2,3.25,1.5,1.0,2.0,1.5,4,-1.5
29,1809,"Sad , Worried , Sacred , Prayers , Anxious",2021-06-11 12:04:13,1,True,0.0,2.0,0.0,0.0,9,1,-0.743,0.0,0.785,3.7777777777777777,0,0,0,12,4,2021-06-08 12:01:31,3,2.6,1.6,0.0,2.0,1.9493588689617927,5,-2.333333333333333
30,1906,On yesterday my day started off great towards the the evening time I had a disagreement with my boyfriend which caused me to have an off day . Today is bittersweet Iam manifesting throughout the day to get me through it,2021-06-09 12:01:58,1,False,3.0,2.0,1.0,-1.0,41,0,0.3182,0.096,0.089,4.365853658536586,5,0,0,12,2,2021-06-09 12:01:58,0,2.0,1.0,2.0,1.0,0.0,0,0.0
30,1907,"I woke up feeling great ! I had a productive day workout , hanging with friends and family . I’m looking forward to a better tomorrow . My son I my motivation I will do anything for him . I thank God for loving me everyday",2021-06-12 12:03:50,1,False,4.0,1.0,0.0,0.0,46,0,0.9674,0.467,0.0,3.847826086956522,8,1,0,12,5,2021-06-09 12:01:58,3,3.0,2.0,3.0,2.0,0.0,1,0.0
31,1961,"over the weekend , my friends dad and dog both died so i have been feeling sorry for him and helping him book travel to GPE to be with his family . It’s pretty much all i have spent time or energy on .",2021-03-30 12:35:54,1,False,2.0,1.0,1.0,1.0,44,0,0.7553,0.251,0.099,3.590909090909091,3,0,1,12,1,2021-03-30 12:35:54,0,2.0,1.0,2.0,1.0,0.0,0,0.0
31,1962,i am still feeling the same as i was yesterday ; sad for my friend . i had a nice meal last night and was able to spend some time on myself yesterday which made me happy . i would like to be more productive on my days off .,2021-03-31 12:03:38,1,False,3.0,2.0,1.0,1.0,50,0,0.8625,0.264,0.06,3.48,8,0,0,12,2,2021-03-30 12:35:54,0,2.0,1.0,2.0,1.0,0.0,1,0.0
31,1963,i ran my fastest 5k ever yesterday ! i have been doing a running workout program for one week and am proud of myself for sticking to it . i usually lose interest/drive in workout programs pretty quickly but i have done the workouts every day so far,2021-04-01 12:21:54,1,False,4.0,3.0,-3.0,-2.0,48,0,0.3802,0.1,0.042,4.1875,6,1,1,12,3,2021-03-30 12:35:54,1,2.5,1.5,3.0,2.0,0.7071067811865476,2,1.0
31,1964,i did not have restful sleep last night . i had “server nightmares” and woke up in a panic this morning . i had a good night at work last night but i really did not want to be there for some reason ; despite working with my favorite people,2021-04-02 12:14:39,1,False,1.0,1.0,0.0,0.0,50,0,0.3646,0.126,0.115,3.8,5,0,1,12,4,2021-03-30 12:35:54,2,3.0,2.0,4.0,3.0,1.0,3,1.5
32,2069,I was feeling quite anxious and nervous . I drank some alcohol to help it . Then i was very tired all day And fell asleep quite early . I woke up deciding i would take a break from drinking for about a month .,2021-03-29 15:35:44,1,False,0.0,1.0,2.0,1.0,45,0,-0.5646,0.102,0.191,3.6666666666666665,5,0,1,15,0,2021-03-29 15:35:44,0,2.0,1.0,2.0,1.0,0.0,0,0.0
32,2070,"I have been feeling pretty good but quite busy . I have not drank in 3 days and I am hoping to continue this for a few weeks . I may admit I have been tempted a few times in the past few days , However , I will work hard to keep it going .",2021-03-31 13:34:24,1,False,2.0,2.0,-2.0,-1.0,56,0,0.8225,0.23,0.033,3.2857142857142856,6,0,0,13,2,2021-03-29 15:35:44,1,0.0,1.0,0.0,1.0,0.0,1,0.0
32,2071,Yesterday I was feeling amazing ! I was productive all day and worked very hard and accomplished a lot . However I drank once I was done and today I feel a bit sluggish and tired . However I will get up and begin my day soon .,2021-04-05 17:58:39,1,False,0.0,1.0,3.0,1.0,48,0,0.3533,0.19,0.158,3.7291666666666665,7,1,1,17,0,2021-03-29 15:35:44,7,1.0,1.5,2.0,2.0,1.4142135623730951,2,2.0
32,2072,I have been feeling very positive and happy . I haven’t been drinking today and I have been doing great in my school work and had a productive day . I am excited to have a positive day tomorrow ! I have plans to get stuff done before I go to work .,2021-04-06 19:00:13,1,False,3.0,2.0,-1.0,0.0,53,0,0.964,0.364,0.0,3.69811320754717,7,1,1,19,1,2021-03-29 15:35:44,8,0.6666666666666666,1.3333333333333333,0.0,1.0,1.1547005383792517,3,1.0
32,2068,I had a great day yesterday . I got a lot of school work done and spent time with a very close friend which was great . I feel good today just pretty calm and have been resting before I head to work tonight .,2021-04-09 17:30:10,1,False,2.0,2.0,0.0,0.0,45,0,0.9642,0.409,0.0,3.6444444444444444,4,0,1,17,4,2021-03-29 15:35:44,11,1.25,1.5,3.0,2.0,1.5,4,0.5
33,2090,"Tired , Not motivated , Lazy , Happy , Sad",2021-05-25 12:01:44,1,True,1.0,1.0,0.0,0.0,10,1,-0.8544,0.145,0.787,3.3,0,0,0,12,1,2021-05-25 12:01:44,0,2.0,1.0,2.0,1.0,0.0,0,0.0
33,2091,"Tired , Anxious , Sad , Happy , Depressed",2021-05-26 12:14:03,1,True,1.0,1.0,-1.0,1.0,9,1,-0.765,0.247,0.753,3.6666666666666665,0,0,0,12,2,2021-05-25 12:01:44,1,1.0,1.0,1.0,1.0,0.0,1,0.0
33,2092,"Sad , Anxious , Happy , Restless , Tired",2021-05-27 12:01:17,1,True,0.0,2.0,2.0,0.0,9,1,-0.6597,0.268,0.732,3.5555555555555554,0,0,0,12,3,2021-05-25 12:01:44,1,1.0,1.0,1.0,1.0,0.0,2,0.0
33,2093,"Happy , Tired , Anxious , Neutral , Calm",2021-05-28 12:01:06,1,True,2.0,2.0,1.0,0.0,9,1,0.2732,0.504,0.412,3.5555555555555554,0,0,0,12,4,2021-05-25 12:01:44,2,0.6666666666666666,1.3333333333333333,0.0,2.0,0.5773502691896258,3,-0.5
33,2094,"Calm , Happy , Mad , Excited , Anxious",2021-05-29 12:05:28,1,True,3.0,2.0,1.0,0.0,9,1,0.4939,0.618,0.382,3.3333333333333335,0,0,0,12,5,2021-05-25 12:01:44,4,1.0,1.5,2.0,2.0,0.816496580927726,4,0.0
33,2095,"Happy , Excited , Anxious , Sleepy , Tired",2021-05-30 12:04:38,1,True,4.0,2.0,0.0,0.0,9,1,0.296,0.508,0.408,3.7777777777777777,0,0,0,12,6,2021-05-25 12:01:44,5,1.4,1.6,3.0,2.0,1.140175425099138,5,0.6666666666666667
33,2096,"Happy , Excited , Calm , Tired , Hopeful",2021-05-31 13:25:20,1,True,4.0,2.0,-1.0,0.0,9,1,0.8316,0.801,0.199,3.5555555555555554,0,0,0,13,0,2021-05-25 12:01:44,6,1.8333333333333333,1.6666666666666667,4.0,2.0,1.4719601443879746,6,2.3333333333333335
33,2097,"Tired , Anxious , Happy , Sad , Mad",2021-06-02 12:01:08,1,True,3.0,2.0,0.0,0.0,9,1,-0.7579,0.248,0.752,3.0,0,0,0,12,2,2021-05-25 12:01:44,7,2.142857142857143,1.7142857142857142,4.0,2.0,1.5735915849388864,7,2.5833333333333335
33,2084,"Happy , Anxious , In pain , Sad , Neutral",2021-06-03 12:30:28,1,True,3.0,2.0,0.0,0.0,10,1,-0.5719,0.262,0.596,3.2,0,0,0,12,3,2021-05-25 12:01:44,9,2.25,1.75,3.0,2.0,1.4880476182856899,8,2.5
33,2085,"Happy , Sad , Mad , Anxious , Tired",2021-06-04 12:47:44,1,True,3.0,2.0,-1.0,0.0,9,1,-0.7579,0.248,0.752,3.0,0,0,0,12,4,2021-05-25 12:01:44,10,2.3333333333333335,1.7777777777777777,3.0,2.0,1.4142135623730951,9,2.4
33,2086,"Happy , Irritated , Sad , Mad , Neutral",2021-06-05 13:08:49,1,True,2.0,2.0,0.0,0.0,9,1,-0.6808,0.264,0.664,3.4444444444444446,0,0,0,13,5,2021-05-25 12:01:44,11,2.4,1.8,3.0,2.0,1.349897115421106,10,2.0
33,2087,"Mad , Angry , Anxious , Happy , Sad",2021-06-06 13:25:16,1,True,2.0,2.0,0.0,0.0,9,1,-0.7845,0.242,0.758,3.0,0,0,0,13,6,2021-05-25 12:01:44,12,2.3636363636363638,1.8181818181818181,2.0,2.0,1.2862913567871996,11,1.7666666666666666
33,2088,"Sleepy , Tired , Sad , Mad , Anxious",2021-06-07 13:40:49,1,True,2.0,2.0,1.0,0.0,9,1,-0.8807,0.0,0.918,3.111111111111111,0,0,0,13,0,2021-05-25 12:01:44,13,2.3333333333333335,1.8333333333333333,2.0,2.0,1.2309149097933272,12,1.0000000000000002
33,2089,"Happy , Excited , Anxious , Neutral , Sad",2021-06-08 12:46:39,1,True,3.0,2.0,-2.0,-1.0,9,1,0.25,0.5,0.418,3.6666666666666665,0,0,0,12,1,2021-05-25 12:01:44,14,2.3076923076923075,1.8461538461538463,2.0,2.0,1.1821319289469756,13,0.8809523809523812
33,2115,I did not sleep well so I feel tired . I do not feel like I am read to start the day because I feel sluggish . I feel overwhelmed because I have so much to do today . I wish I would have slept better so I would feel better overall and be ready to tackle the day instead of wanting to stay in bet for the rest of the day .,2022-01-26 10:03:01,2,False,1.0,1.0,2.0,1.0,73,0,0.3394,0.169,0.136,3.410958904109589,10,0,3,10,2,2021-05-25 12:01:44,245,2.357142857142857,1.8571428571428572,3.0,2.0,1.15072838853303,14,0.4285714285714288
33,2116,I am feeling pretty happy . After I got ready for the day I felt less sluggish and it’s easier to get everything done that I needed to today . I feel a little tired from not sleeping well But I feel a lot better than I did this morning .,2022-01-26 15:03:33,2,False,3.0,2.0,1.0,-1.0,51,0,0.8067,0.274,0.102,3.6666666666666665,7,0,0,15,2,2021-05-25 12:01:44,246,2.2666666666666666,1.8,1.0,1.0,1.162919151265879,15,0.2321428571428572
33,2117,I went to the gym after work and made dinner at home so I feel relaxed and accomplished . I feel calmer than I felt in the morning when I woke up because I was stressed out in the morning about the things I have to accomplish all through the day .,2022-01-26 20:09:54,2,False,4.0,1.0,0.0,0.0,52,0,0.8511,0.224,0.046,3.769230769230769,7,0,1,20,2,2021-05-25 12:01:44,246,2.3125,1.8125,3.0,2.0,1.138346754435279,16,0.125
33,2118,I Slept pretty well last night so I feel rested and ready to start my day . I don’t feel as anxious or overwhelmed as I did yesterday . I feel pretty happy and in a good mood and overall just feel good . I feel a lot better than yesterday .,2022-01-27 10:57:16,2,False,4.0,1.0,-1.0,1.0,52,0,0.9666,0.435,0.035,3.6346153846153846,7,0,1,10,3,2021-05-25 12:01:44,246,2.411764705882353,1.7647058823529411,4.0,1.0,1.1757350641945108,17,0.30555555555555536
33,2119,I had a productive day and feel pretty happy . I feel like I accomplished a lot today . I feel like a had a great day at work and everything went smooth and everyone was nice and happy . I feel like today was a good day overall .,2022-01-27 20:01:41,2,False,3.0,2.0,-1.0,0.0,50,0,0.9831,0.542,0.0,3.6,5,0,0,20,3,2021-05-25 12:01:44,247,2.5,1.7222222222222223,4.0,1.0,1.200490095997562,18,0.33333333333333304
33,2120,I feel somewhat tired because I went to bed super late . I feel a little sluggish but not too bad to start start my day . I kinda regret going to bed so late just because today will be a long day . Overall I just feel neutral not sad but not too happy either .,2022-01-28 10:38:51,2,False,2.0,2.0,-2.0,-1.0,57,0,-0.0538,0.161,0.181,3.5789473684210527,6,0,1,10,4,2021-05-25 12:01:44,247,2.526315789473684,1.736842105263158,3.0,2.0,1.1722922015640782,19,0.3666666666666667
33,2121,I feel sluggish and tired . I had a long day at work and regretted going out and staying up too late last night . I wish I had more energy to get things done today . I wish I would have slept a little more and better so I would not feel all day today .,2022-01-28 15:02:08,2,False,0.0,1.0,2.0,1.0,57,0,0.3628,0.192,0.147,3.43859649122807,7,0,1,15,4,2021-05-25 12:01:44,248,2.5,1.75,2.0,2.0,1.1470786693528088,20,0.20000000000000018
33,2122,"I am feeling very neutral , not happy but not sad either . I feel like I have accomplished everything I needed today and can just relax for the night because I’ll have a long weekend ahead of me . I just wish I did not feel as sluggish as I did early in the day .",2022-01-28 20:44:01,2,False,2.0,2.0,1.0,-1.0,57,0,0.963,0.36,0.035,3.6315789473684212,8,0,1,20,4,2021-05-25 12:01:44,248,2.380952380952381,1.7142857142857142,0.0,1.0,1.2440333788202984,21,-0.036363636363636154
33,2123,I stayed up fairly late last night to finish my homework but I did sleep pretty good so I woke up rested and content . I feel calm and pretty happy and feel like I’m ready to tackle the day . On the weekends I always have a ton of errands and things to do but I’m not anxious or anything today because I slept well last night .,2022-01-29 10:42:45,2,False,3.0,1.0,-3.0,0.0,69,0,0.9858,0.388,0.0,3.753623188405797,7,0,1,10,5,2021-05-25 12:01:44,248,2.3636363636363638,1.7272727272727273,2.0,2.0,1.2167659925061518,22,0.0
33,2124,I had a long day at work so I just feel sluggish and tired . I feel like today was just crazy busy and I had to deal with a lot which made me feel sluggish and tired . My mood overall is kind of neutral because I am not sad but I’m not very happy either .,2022-01-29 16:53:18,2,False,0.0,1.0,2.0,1.0,58,0,-0.8541,0.061,0.242,3.413793103448276,7,0,2,16,5,2021-05-25 12:01:44,249,2.391304347826087,1.6956521739130435,3.0,1.0,1.1961730809233635,23,0.05303030303030276
33,2125,I have been cleaning my house after work so I just feel very neutral and relaxed . I am not feeling anxious or anything just more of a neutral mood and when I feel like that I feel like cleaning is a good relaxation for me .,2022-01-29 22:11:22,2,False,2.0,2.0,2.0,0.0,47,0,0.9341,0.338,0.028,3.7872340425531914,7,0,2,22,5,2021-05-25 12:01:44,249,2.2916666666666665,1.6666666666666667,0.0,1.0,1.2676293062133799,24,-0.08333333333333348
33,2126,I slept well last night and feel well rested and pretty happy . I am excited for today because I don’t have to work and get to watch football with friends . I got everything that I needed done early in the week so today I just get to relax and enjoy the day .,2022-01-30 11:01:36,2,False,4.0,2.0,0.0,0.0,55,0,0.967,0.374,0.0,3.727272727272727,6,0,1,11,6,2021-05-25 12:01:44,249,2.28,1.68,2.0,2.0,1.242309676905615,25,-0.10256410256410264
33,2127,I’m feeling pretty excited to be able to watch the football game so I am pretty happy . I am feeling nervous just because I want my team to win but overall I’m just feeling happy that I got my week done and over with and can relax today .,2022-01-30 15:01:14,2,False,4.0,2.0,0.0,0.0,50,0,0.9634,0.432,0.026,3.78,6,0,1,15,6,2021-05-25 12:01:44,250,2.3461538461538463,1.6923076923076923,4.0,2.0,1.263085355541982,26,0.0769230769230771
33,2128,Got to watch my home team win and I am extremely happy about that . I feel very calm and excited because of our hometown football team and their win . I don’t feel anxious or anything just super happ and very excited .,2022-01-30 20:21:24,2,False,4.0,2.0,-4.0,-1.0,44,0,0.9699,0.423,0.036,3.977272727272727,4,0,3,20,6,2021-05-25 12:01:44,250,2.4074074074074074,1.7037037037037037,4.0,2.0,1.2787992943881519,27,0.1923076923076925
33,2129,I feel super sluggish because I might have eaten something that did not agree with my stomach so I did not sleep well at all and kept getting sick through the night . I feel like I did not drink too much so it had to be the food that I ate . I wish I did not have to work today because I know I’ll feel sluggish all day .,2022-01-31 10:02:20,2,False,0.0,1.0,0.0,0.0,71,0,-0.3662,0.125,0.174,3.535211267605634,10,0,2,10,0,2021-05-25 12:01:44,250,2.4642857142857144,1.7142857142857142,4.0,2.0,1.2904820476643273,28,0.2142857142857144
33,2130,I just do not feel good today so I feel very sluggish and tired . I feel like I am just slumping around because I do not feel good and did not sleep well either . I hope I get to go home and relax for awhile after I get off work and maybe I will start feel better .,2022-01-31 15:03:32,2,False,0.0,1.0,2.0,1.0,60,0,-0.2135,0.177,0.206,3.433333333333333,9,0,2,15,0,2021-05-25 12:01:44,251,2.3793103448275863,1.6896551724137931,0.0,1.0,1.347319908544586,29,0.042857142857142705
33,2131,I have not been feeling well today so I am just laying around the house and feel pretty neutral . I hope I feel better tomorrow after getting some sleep so I can get more done with my day than I did today .,2022-01-31 20:05:07,2,False,2.0,2.0,0.0,0.0,44,0,0.7793,0.208,0.074,3.7045454545454546,7,0,2,20,0,2021-05-25 12:01:44,251,2.3,1.6666666666666667,0.0,1.0,1.393333883297477,30,0.06666666666666687
33,2132,Had a pretty long day but I just feel pretty neutral . I am not anxious or exhausted just tired from working a lot . I feel like I need to start making time to go to the gym so I would sleep better through the night .,2022-02-02 21:31:44,2,False,2.0,2.0,0.0,-1.0,48,0,0.9303,0.349,0.072,3.5416666666666665,5,0,1,21,2,2021-05-25 12:01:44,253,2.2903225806451615,1.6774193548387097,2.0,2.0,1.3709740670315826,31,0.04583333333333339
33,2133,I am feeling fine but kind of stuck . We are having a pretty bad snow storm so my work closed so I will just be stuck in the house all day because the roads are prettty bad . My mood is actually pretty good and I am pretty happy .,2022-02-03 10:38:37,2,False,2.0,1.0,1.0,1.0,51,0,0.8431,0.336,0.211,3.5294117647058822,5,0,2,10,3,2021-05-25 12:01:44,253,2.28125,1.6875,2.0,2.0,1.3496564676409923,32,-0.0625
33,2134,I feel pretty happy and just relaxed . There is a pretty big winter storm so I just get to sit at home all day because my work closed . I haven’t had a nice relaxing day off in awhile so it’s nice to just hang out,2022-02-03 15:33:19,2,False,3.0,2.0,-1.0,-1.0,47,0,0.9686,0.401,0.0,3.5531914893617023,4,0,2,15,3,2021-05-25 12:01:44,254,2.272727272727273,1.6666666666666667,2.0,1.0,1.3293026196263418,33,-0.07720588235294112
33,2135,I just feel very neutral . Did not do a whole lot today because I was just stuck in the house so I just enjoyed the day off and caught up on some house and homework . It has been a very relaxing and quite day so I was just relaxing .,2022-02-03 20:05:24,2,False,2.0,1.0,2.0,0.0,52,0,0.8613,0.205,0.039,3.5,4,0,4,20,3,2021-05-25 12:01:44,254,2.2941176470588234,1.6764705882352942,3.0,2.0,1.3149354579092554,34,-0.23529411764705888
33,2098,I think I might get another snow day because it is still snowing outside today . I haven’t done a whole lot so I just feel calm and content . I feel like it will be a pretty calm weekend so I don’t really have any plans or a whole lot to do .,2022-02-04 10:01:18,2,False,4.0,1.0,0.0,0.0,54,0,0.8698,0.222,0.0,3.5,6,0,3,10,4,2021-05-25 12:01:44,254,2.2857142857142856,1.6571428571428573,2.0,1.0,1.296407447104329,35,-0.2450980392156863
33,2099,I am stuck in the house for second day in a row so I am just content and calm at my house . I haven’t done a whole lot yesterday or today and I am not used to being lazy for so many days in a row so it is kind of weird but it is nice,2022-02-04 15:47:00,2,False,4.0,1.0,0.0,0.0,57,0,0.3825,0.099,0.088,3.1052631578947367,5,0,3,15,4,2021-05-25 12:01:44,255,2.3333333333333335,1.6388888888888888,4.0,1.0,1.3093073414159544,36,-0.3333333333333335
33,2100,I am feeling calm and content . The winter storm has finally stopped but it’s still very cold outside and I am just hanging out in the house . I feel pretty calm and relaxed because I haven’t been doing anything for two days .,2022-02-04 20:01:15,2,False,4.0,1.0,0.0,0.0,45,0,0.9186,0.302,0.03,4.044444444444444,4,0,1,20,4,2021-05-25 12:01:44,255,2.3783783783783785,1.6216216216216217,4.0,1.0,1.3197506361967557,37,-0.23684210526315796
33,2101,I have just been hanging out at home for a few days so I just feel calm and content . I have to go to work today but I feel pretty good about it just because I haven’t seen anyone in a few days so it will be nice .,2022-02-05 10:32:08,2,False,4.0,1.0,-1.0,0.0,50,0,0.9278,0.269,0.0,3.3,5,0,2,10,5,2021-05-25 12:01:44,255,2.4210526315789473,1.605263157894737,4.0,1.0,1.3281073496860807,38,-0.21052631578947345
33,2102,I am feeling pretty calm and content . I had a pretty easy shift at work and it was nice to see everyone even though it was a little slow . It was kind of weird to have to talk to so many people after I was at home by myself for awhile .,2022-02-05 15:31:02,2,False,3.0,1.0,0.0,1.0,54,0,0.9171,0.279,0.035,3.4074074074074074,4,0,1,15,5,2021-05-25 12:01:44,256,2.4615384615384617,1.5897435897435896,4.0,1.0,1.334682178729687,39,-0.12631578947368416
33,2103,It’s been a pretty good day so I am just pretty happy and relaxed . I got most of my house cleaned so that makes me feel more calm when I have my house clean . I’m probably gonna meet some friends later so I’m pretty happy about that .,2022-02-05 20:00:48,2,False,3.0,2.0,-2.0,-1.0,50,0,0.9841,0.488,0.0,3.72,6,0,3,20,5,2021-05-25 12:01:44,256,2.475,1.575,3.0,1.0,1.3202078313465337,40,-0.04999999999999982
33,2104,I stayed out super late last night because I was hanging out with friends and having a good time . I woke up super early and could not fall back asleep so I am just tired . I don’t really have a whole lot going on today so I am excited I can lounge around for a while .,2022-02-06 10:01:05,2,False,1.0,1.0,1.0,1.0,59,0,0.9234,0.276,0.053,3.5762711864406778,7,0,3,10,6,2021-05-25 12:01:44,256,2.4878048780487805,1.5853658536585367,3.0,2.0,1.3061766959242573,41,-0.023809523809523725
33,2105,I’m feeling okay now . It’s a pretty day so that makes me feel happy . I haven’t done a whole lot today so I am just hanging out and doing some homework . It is nice not to have to rush to get things done since I got two days off early in the week .,2022-02-06 15:22:44,2,False,2.0,2.0,0.0,-1.0,57,0,0.9022,0.234,0.0,3.3859649122807016,4,0,2,15,6,2021-05-25 12:01:44,257,2.4523809523809526,1.5714285714285714,1.0,1.0,1.310415703031023,42,0.1428571428571428
33,2106,I feel pretty calm and just sleepy . I had a pretty good day just hanging out and not really doing a whole lot so I am just ready for bed and get ready for tomorrow . Today was pretty uneventful just a quiet day .,2022-02-06 20:31:38,2,False,2.0,1.0,2.0,0.0,46,0,0.9603,0.404,0.0,3.652173913043478,3,0,2,20,6,2021-05-25 12:01:44,257,2.441860465116279,1.5813953488372092,2.0,2.0,1.2965581833930893,43,0.11904761904761907
33,2107,I have a pretty exciting day today so I am pretty happy . I didn’t sleep too great last night so I just feel a little sluggish . I have a lot to do today but I get to go to a pep rally with my friends tonight so I am pretty excited about that .,2022-02-07 10:05:40,2,False,4.0,1.0,0.0,1.0,56,0,0.9665,0.401,0.029,3.375,8,0,3,10,0,2021-05-25 12:01:44,257,2.4318181818181817,1.5681818181818181,2.0,1.0,1.2831235013285875,44,0.13636363636363624
33,2108,I got to leave work early and hang out with my friends so I am super happy . Our hometown team is going to super bowl so we went to the pep rally and even though it was freezing it was so awesome so I am feeling very happy .,2022-02-07 22:01:59,2,False,4.0,2.0,-3.0,-1.0,50,0,0.9794,0.406,0.04,3.5,4,0,5,22,0,2021-05-25 12:01:44,258,2.466666666666667,1.5555555555555556,4.0,1.0,1.2898202834644694,45,0.20158102766798391
33,2109,I went out to celebrate with a few of my friends last night and had a super fun time I did not really drink a whole lot because we did not stay out long . I did have a beer and two cocktails . I got home early but did not sleep well at all just kept waking up through the night so I just feel super sluggish and sleepy today because I had to be up very early,2022-02-08 10:20:58,2,False,1.0,1.0,-1.0,0.0,79,0,0.8215,0.179,0.072,3.5443037974683542,7,0,3,10,1,2021-05-25 12:01:44,258,2.5,1.565217391304348,4.0,2.0,1.2952906151816965,46,0.21739130434782616
33,2110,I have been having a pretty rough day and I just feel super tired and very sluggish . I had a long day at school and it is pretty busy at work today as well so I just feel like I am dragging my feet all day .,2022-02-08 15:10:30,2,False,0.0,1.0,2.0,1.0,48,0,0.8508,0.286,0.111,3.3541666666666665,6,0,2,15,1,2021-05-25 12:01:44,259,2.4680851063829787,1.553191489361702,1.0,1.0,1.2996833030594868,47,0.1503623188405796
33,2111,I am just feeling very neutral and relaxed . I had a long day at work and school and I just want to sit down and hang out at the house . I just feel exhausted because I did not get good sleep last night and wish I could have slept better .,2022-02-08 20:11:07,2,False,2.0,2.0,0.0,0.0,53,0,0.7147,0.225,0.093,3.5283018867924527,6,0,1,20,1,2021-05-25 12:01:44,259,2.4166666666666665,1.5416666666666667,0.0,1.0,1.3342195636294767,48,0.25
33,2112,I feel pretty calm but pretty tired as well . I went to bed fairly early last night but I just kept waking up through the night so I did not get any quality sleep . I don’t have a long day at work so I am not too worried about it .,2022-02-09 10:19:20,2,False,2.0,2.0,1.0,-1.0,53,0,0.801,0.242,0.071,3.3773584905660377,6,0,2,10,2,2021-05-25 12:01:44,259,2.4081632653061225,1.5510204081632653,2.0,2.0,1.3215894367978969,49,0.2283333333333335
33,2113,I’m feeling pretty content today but just kind of sluggish . I had a fairly easy day at work so I am not stressed out but just feel super tired today . I was hoping I would feel better in the afternoon so I could go to the gym but I just don’t feel like it .,2022-02-09 15:24:07,2,False,3.0,1.0,-3.0,0.0,57,0,0.9549,0.37,0.11,3.543859649122807,6,0,2,15,2,2021-05-25 12:01:44,260,2.4,1.56,2.0,2.0,1.3093073414159542,50,0.2400000000000002
33,2114,I feel super tired . I did not get great sleep last night so I am just dragging my feet all day today . Even though today was not very busy for me I still feel very sluggish and tired . I hope I get better sleep tonight so I feel better tomorrow .,2022-02-09 20:11:45,2,False,0.0,1.0,0.0,0.0,54,0,0.1313,0.211,0.203,3.5925925925925926,9,0,4,20,2,2021-05-25 12:01:44,260,2.411764705882353,1.5490196078431373,3.0,1.0,1.298868285673883,51,0.2584615384615385
33,2149,"Tired , Sluggish , Neutral , Sleepy , Anxious",2022-05-04 11:38:00,3,True,0.0,1.0,3.0,1.0,9,1,-0.765,0.0,0.792,4.111111111111111,0,0,0,11,2,2021-05-25 12:01:44,343,2.3653846153846154,1.5384615384615385,0.0,1.0,1.3288480364858872,52,0.038461538461538325
33,2150,"Neutral , Tired , Sluggish , Happy",2022-05-04 15:01:00,3,True,3.0,2.0,-3.0,-1.0,7,1,-0.2263,0.359,0.544,4.0,0,0,0,15,2,2021-05-25 12:01:44,344,2.3207547169811322,1.528301886792453,0.0,1.0,1.3555240954312209,53,-0.049857549857549976
33,2151,"Tired , Sluggish , Annoyed",2022-05-04 20:01:00,3,True,0.0,1.0,2.0,1.0,5,1,-0.802,0.0,1.0,4.4,0,0,0,20,2,2021-05-25 12:01:44,344,2.3333333333333335,1.537037037037037,3.0,2.0,1.3458531698209062,54,-0.14814814814814836
33,2152,"Neutral , Content , Happy , Tired",2022-05-05 10:04:00,3,True,2.0,2.0,1.0,0.0,7,1,0.2023,0.43,0.337,3.857142857142857,0,0,0,10,3,2021-05-25 12:01:44,344,2.290909090909091,1.5272727272727273,0.0,1.0,1.3699517059983088,55,-0.22883597883597906
33,2153,"Happy , Tired , Calm , Content",2022-05-05 15:01:00,3,True,3.0,2.0,-1.0,0.0,7,1,0.4767,0.606,0.293,3.4285714285714284,0,0,0,15,3,2021-05-25 12:01:44,345,2.2857142857142856,1.5357142857142858,2.0,2.0,1.357996997108552,56,-0.3571428571428572
33,2154,"Neutral , Sluggish , Tired , Anxious",2022-05-05 20:04:00,3,True,2.0,2.0,2.0,-1.0,7,1,-0.765,0.0,0.884,4.285714285714286,0,0,0,20,3,2021-05-25 12:01:44,345,2.2982456140350878,1.543859649122807,3.0,2.0,1.349138776626219,57,-0.32635467980295596
33,2155,"Calm , Content , Neutral , Sluggish",2022-05-06 10:18:00,3,True,4.0,1.0,-2.0,1.0,7,1,-0.1027,0.329,0.386,4.142857142857143,0,0,0,10,4,2021-05-25 12:01:44,345,2.293103448275862,1.5517241379310345,2.0,2.0,1.3378251621752764,58,-0.1724137931034484
33,2156,"Neutral , Irritated , Sluggish , In pain",2022-05-06 15:02:00,3,True,2.0,2.0,-2.0,-1.0,8,1,-0.8402,0.0,0.818,4.125,0,0,0,15,4,2021-05-25 12:01:44,346,2.3220338983050848,1.5423728813559323,4.0,1.0,1.3447301737562087,59,-0.11264367816091969
33,2157,"Tired , Sluggish , In pain , Annoyed",2022-05-06 20:01:00,3,True,0.0,1.0,0.0,0.0,8,1,-0.8885,0.0,0.92,3.625,0,0,0,20,4,2021-05-25 12:01:44,346,2.316666666666667,1.55,2.0,2.0,1.333933480752862,60,0.03333333333333366
33,2158,"Sluggish , Tired , Mad , Sad , Annoyed",2022-05-07 10:25:00,3,True,0.0,1.0,1.0,0.0,9,1,-0.926,0.0,1.0,3.3333333333333335,0,0,0,10,5,2021-05-25 12:01:44,346,2.278688524590164,1.540983606557377,0.0,1.0,1.355619754220477,61,-0.04193548387096735
33,2159,"Sluggish , Tired , Annoyed , Irritated",2022-05-07 15:30:00,3,True,1.0,1.0,1.0,1.0,7,1,-0.8807,0.0,1.0,4.571428571428571,0,0,0,15,5,2021-05-25 12:01:44,347,2.2419354838709675,1.532258064516129,0.0,1.0,1.3752553726605579,62,-0.09677419354838745
33,2160,"Sluggish , Tired , Neutral",2022-05-07 20:10:00,3,True,2.0,2.0,1.0,0.0,5,1,-0.6808,0.0,0.848,4.4,0,0,0,20,5,2021-05-25 12:01:44,347,2.2222222222222223,1.5238095238095237,1.0,1.0,1.3730639677371947,63,-0.13407258064516148
33,2161,"Neutral , Quite , Happy , Calm",2022-05-08 12:20:00,3,True,3.0,2.0,0.0,0.0,7,1,0.763,0.767,0.0,3.4285714285714284,0,0,0,12,6,2021-05-25 12:01:44,348,2.21875,1.53125,2.0,2.0,1.362406251325497,64,-0.125
33,2162,"Calm , Happy , Neutral , Content",2022-05-08 16:14:00,3,True,3.0,2.0,-1.0,-1.0,7,1,0.7184,0.75,0.0,3.7142857142857144,0,0,0,16,6,2021-05-25 12:01:44,348,2.230769230769231,1.5384615384615385,3.0,2.0,1.3551894559575284,65,-0.09943181818181834
33,2163,"Quite , Content , Tired , Sluggish , Calm",2022-05-08 20:01:00,3,True,2.0,1.0,-1.0,0.0,9,1,-0.5916,0.22,0.588,3.6666666666666665,0,0,0,20,6,2021-05-25 12:01:44,348,2.242424242424242,1.5454545454545454,3.0,2.0,1.3480539370698108,66,-0.060606060606060996
33,2164,"Sluggish , Tired , Quite , Content , Calm",2022-05-09 10:02:00,3,True,1.0,1.0,-1.0,0.0,9,1,-0.4627,0.253,0.55,3.6666666666666665,0,0,0,10,0,2021-05-25 12:01:44,348,2.2388059701492535,1.537313432835821,2.0,1.0,1.338130222394304,67,-0.0668449197860963
33,2165,"Tired , Sluggish , Annoyed , Angry , Mad",2022-05-09 15:14:00,3,True,0.0,1.0,2.0,1.0,9,1,-0.9287,0.0,1.0,3.5555555555555554,0,0,0,15,0,2021-05-25 12:01:44,349,2.2205882352941178,1.5294117647058822,1.0,1.0,1.3365760246653657,68,-0.1470588235294117
33,2166,"Tired , Sluggish , Neutral , Quite , Tired",2022-05-09 20:02:00,3,True,2.0,2.0,2.0,-1.0,9,1,-0.8176,0.0,0.81,3.7777777777777777,0,0,0,20,0,2021-05-25 12:01:44,349,2.1884057971014492,1.5217391304347827,0.0,1.0,1.353376630319628,69,-0.20840336134453752
33,2167,"Calm , Content , Quite , Neutral",2022-05-10 10:16:00,3,True,4.0,1.0,-1.0,1.0,7,1,0.3182,0.434,0.0,3.7142857142857144,0,0,0,10,1,2021-05-25 12:01:44,349,2.1857142857142855,1.5285714285714285,2.0,2.0,1.3437224646897143,70,-0.19999999999999973
33,2168,"Content , Calm , Quite , Happy",2022-05-10 15:03:00,3,True,3.0,2.0,-1.0,-1.0,7,1,0.7425,0.759,0.0,3.4285714285714284,0,0,0,15,1,2021-05-25 12:01:44,350,2.211267605633803,1.5211267605633803,4.0,1.0,1.3513537440840202,71,-0.14682539682539675
33,2169,"Quite , Calm , Content , Tired , Happy",2022-05-10 20:05:00,3,True,2.0,1.0,2.0,0.0,9,1,0.4818,0.549,0.276,3.3333333333333335,0,0,0,20,1,2021-05-25 12:01:44,350,2.2222222222222223,1.5277777777777777,3.0,2.0,1.3450192126197005,72,-0.22222222222222232
33,2170,"Calm , Content , Quite , Anxious",2022-05-11 10:27:00,3,True,4.0,1.0,-1.0,1.0,7,1,0.0018,0.349,0.348,3.7142857142857144,0,0,0,10,2,2021-05-25 12:01:44,350,2.219178082191781,1.5205479452054795,2.0,1.0,1.3358993573043858,73,-0.2252252252252256
33,2171,"Neutral , Calm , Quite , Happy , Content",2022-05-11 16:15:00,3,True,3.0,2.0,-1.0,-1.0,9,1,0.7425,0.677,0.0,3.5555555555555554,0,0,0,16,2,2021-05-25 12:01:44,351,2.2432432432432434,1.5135135135135136,4.0,1.0,1.3427717276681668,74,-0.2702702702702706
33,2172,"Quite , Tired , Sluggish , Irritated , Content",2022-05-11 21:53:00,3,True,2.0,1.0,2.0,0.0,9,1,-0.8568,0.0,0.825,4.222222222222222,0,0,0,21,2,2021-05-25 12:01:44,351,2.2533333333333334,1.52,3.0,2.0,1.3365277050275859,75,-0.24679943100995727
33,2173,"Calm , Content , Quiet , Anxious , Happy",2022-05-12 10:08:00,3,True,4.0,1.0,-2.0,1.0,9,1,0.6124,0.6,0.2,3.5555555555555554,0,0,0,10,3,2021-05-25 12:01:44,351,2.25,1.513157894736842,2.0,1.0,1.3279056191361394,76,-0.3421052631578947
33,2174,"Neutral , Quiet , Calm , Relaxed , Happy",2022-05-12 16:20:00,3,True,2.0,2.0,0.0,-1.0,9,1,0.8481,0.821,0.0,3.5555555555555554,0,0,0,16,3,2021-05-25 12:01:44,352,2.272727272727273,1.5064935064935066,4.0,1.0,1.334130543170381,77,-0.29284750337381915
33,2175,"Quiet , Tired , Sleepy , Calm , Content",2022-05-12 20:01:00,3,True,2.0,1.0,-2.0,2.0,9,1,-0.1531,0.28,0.354,3.4444444444444446,0,0,0,20,3,2021-05-25 12:01:44,352,2.269230769230769,1.5128205128205128,2.0,2.0,1.3257987244458556,78,-0.3846153846153846
33,2136,"Jittery , Nervous , Anxious , Tired , Sluggish",2022-05-13 10:00:00,3,True,0.0,3.0,4.0,-2.0,9,1,-0.8271,0.0,0.907,4.222222222222222,0,0,0,10,4,2021-05-25 12:01:44,352,2.2658227848101267,1.5063291139240507,2.0,1.0,1.3176208236282594,79,-0.3865384615384615
33,2137,"Content , Calm , Quiet , Happy , Anxious",2022-05-13 15:59:00,3,True,4.0,1.0,-4.0,2.0,9,1,0.6124,0.6,0.2,3.5555555555555554,0,0,0,15,4,2021-05-25 12:01:44,353,2.2375,1.525,0.0,3.0,1.3335376953090328,80,-0.4750000000000001
33,2138,"Nervous , Anxious , Jittery , Annoyed , Angry",2022-05-13 20:08:00,3,True,0.0,3.0,4.0,-2.0,9,1,-0.8402,0.0,0.909,4.111111111111111,0,0,0,20,4,2021-05-25 12:01:44,353,2.259259259259259,1.5185185185185186,4.0,1.0,1.3395687531606746,81,-0.426219512195122
33,2139,"Calm , Quiet , Content , Anxious , Sluggish",2022-05-14 10:00:00,3,True,4.0,1.0,-2.0,1.0,9,1,-0.34,0.256,0.522,3.888888888888889,0,0,0,10,5,2021-05-25 12:01:44,353,2.231707317073171,1.5365853658536586,0.0,3.0,1.354451102780142,82,-0.5121951219512195
33,2140,"Neutral , Anxious , Irritated , Calm , Annoyed",2022-05-14 16:35:00,3,True,2.0,2.0,0.0,-1.0,9,1,-0.6486,0.211,0.697,4.222222222222222,0,0,0,16,5,2021-05-25 12:01:44,354,2.253012048192771,1.5301204819277108,4.0,1.0,1.3600876361109424,83,-0.46399535423925675
33,2141,"Quiet , Sluggish , Tired , Annoyed , Content",2022-05-14 20:44:00,3,True,2.0,1.0,-1.0,0.0,9,1,-0.802,0.0,0.804,4.0,0,0,0,20,5,2021-05-25 12:01:44,354,2.25,1.5357142857142858,2.0,2.0,1.3521513424953762,84,-0.4047619047619051
33,2142,"Sluggish , Tired , Quiet , Content , Calm",2022-05-15 10:26:00,3,True,1.0,1.0,-1.0,0.0,9,1,-0.5106,0.232,0.566,3.6666666666666665,0,0,0,10,6,2021-05-25 12:01:44,354,2.2470588235294118,1.5294117647058822,2.0,1.0,1.3443522280880358,85,-0.4058693244739757
33,2143,"Sluggish , Tired , Sleepy , Quiet , Calm",2022-05-15 15:00:00,3,True,0.0,1.0,2.0,1.0,9,1,-0.5106,0.232,0.566,3.5555555555555554,0,0,0,15,6,2021-05-25 12:01:44,355,2.2325581395348837,1.5232558139534884,1.0,1.0,1.3431693739689954,86,-0.41860465116279055
33,2144,"Calm , Quiet , Content , Tired , Sluggish",2022-05-15 20:00:00,3,True,2.0,2.0,2.0,0.0,9,1,-0.5106,0.232,0.566,3.6666666666666665,0,0,0,20,6,2021-05-25 12:01:44,355,2.206896551724138,1.5172413793103448,0.0,1.0,1.3566196964521502,87,-0.4645877378435517
33,2145,"Happy , Excited , Content , Quiet , Calm",2022-05-16 15:01:00,3,True,4.0,2.0,-2.0,-1.0,9,1,0.8126,0.808,0.0,3.5555555555555554,0,0,0,15,0,2021-05-25 12:01:44,356,2.2045454545454546,1.5227272727272727,2.0,2.0,1.3489808064983506,88,-0.45454545454545436
33,2146,"Quiet , Tired , Calm , Sleepy , Anxious",2022-05-16 20:02:00,3,True,2.0,1.0,-2.0,0.0,9,1,-0.3818,0.25,0.533,3.4444444444444446,0,0,0,20,0,2021-05-25 12:01:44,356,2.2247191011235956,1.5280898876404494,4.0,2.0,1.354729166062723,89,-0.4095959595959595
33,2147,"Sluggish , Tired , Anxious , Jittery , Irritated",2022-05-17 10:00:00,3,True,0.0,1.0,2.0,2.0,9,1,-0.8625,0.0,0.914,4.444444444444445,0,0,0,10,1,2021-05-25 12:01:44,356,2.2222222222222223,1.5222222222222221,2.0,1.0,1.3473050735814727,90,-0.48888888888888893
33,2148,"Active , Anxious , Jittery , Tired , Sluggish",2022-05-17 15:03:00,3,True,2.0,3.0,0.0,-1.0,9,1,-0.5994,0.239,0.673,4.111111111111111,0,0,0,15,1,2021-05-25 12:01:44,357,2.197802197802198,1.5164835164835164,0.0,1.0,1.35990016152968,91,-0.5318840579710147
33,2193,"Tired , Neutral , Sleepy , Achy , Exhausted",2022-09-01 20:11:03,4,True,2.0,2.0,-2.0,-1.0,9,1,-0.6597,0.0,0.643,3.888888888888889,0,0,0,20,3,2021-05-25 12:01:44,464,2.1956521739130435,1.5326086956521738,2.0,3.0,1.3525647630065964,92,-0.6086956521739131
33,2194,"Tired , Sleepy , Sluggish , Irritated , Sad",2022-09-02 10:00:56,4,True,0.0,1.0,0.0,0.0,9,1,-0.8934,0.0,0.921,3.888888888888889,0,0,0,10,4,2021-05-25 12:01:44,464,2.193548387096774,1.5376344086021505,2.0,2.0,1.3453467672922377,93,-0.6063829787234043
33,2195,"Sluggish , Tired , Irritated , Annoyed , Sleepy",2022-09-02 20:00:48,4,True,0.0,1.0,0.0,0.0,9,1,-0.8807,0.0,0.918,4.333333333333333,0,0,0,20,4,2021-05-25 12:01:44,465,2.1702127659574466,1.5319148936170213,0.0,1.0,1.3570865209011627,94,-0.5957446808510638
33,2196,"Tired , Sleepy , Sluggish , Calm , Sad",2022-09-03 10:04:33,4,True,0.0,1.0,0.0,0.0,9,1,-0.7506,0.192,0.725,3.3333333333333335,0,0,0,10,5,2021-05-25 12:01:44,465,2.1473684210526316,1.5263157894736843,0.0,1.0,1.3680893731897468,95,-0.6347517730496455
33,2197,"Sluggish , Tired , Annoyed , Mad , Frustrated",2022-09-03 15:26:33,4,True,0.0,1.0,2.0,1.0,9,1,-0.93,0.0,1.0,4.111111111111111,0,0,0,15,5,2021-05-25 12:01:44,466,2.125,1.5208333333333333,0.0,1.0,1.378404875209022,96,-0.5833333333333333
33,2198,"Tired , Bored , Sleepy , Annoyed , Neutral",2022-09-03 20:01:16,4,True,2.0,2.0,-2.0,-1.0,9,1,-0.765,0.0,0.792,3.7777777777777777,0,0,0,20,5,2021-05-25 12:01:44,466,2.1030927835051547,1.5154639175257731,0.0,1.0,1.3880782284816948,97,-0.6207482993197277
33,2199,"Sluggish , Tired , Drowsy , Fatigued , Sleepy",2022-09-04 10:14:52,4,True,0.0,1.0,2.0,1.0,9,1,-0.7906,0.0,0.8,4.111111111111111,0,0,0,10,6,2021-05-25 12:01:44,466,2.1020408163265305,1.5204081632653061,2.0,2.0,1.3809439168227058,98,-0.6122448979591837
33,2200,"Content , Tired , Sleepy , Sluggish , Fatigued",2022-09-04 15:00:51,4,True,2.0,2.0,0.0,-1.0,9,1,-0.7906,0.0,0.8,4.222222222222222,0,0,0,15,6,2021-05-25 12:01:44,467,2.080808080808081,1.5151515151515151,0.0,1.0,1.3900283925801418,99,-0.6481632653061224
33,2201,"Quiet , Content , Annoyed , Irritated , Tired",2022-09-05 11:02:00,4,True,2.0,1.0,0.0,1.0,9,1,-0.8176,0.0,0.81,4.111111111111111,0,0,0,11,0,2021-05-25 12:01:44,467,2.08,1.52,2.0,2.0,1.3830138367808447,100,-0.6399999999999999
33,2202,"Neutral , Frustrated , Annoyed , Exhausted , Tired",2022-09-05 15:20:30,4,True,2.0,2.0,-2.0,-1.0,9,1,-0.886,0.0,0.919,4.666666666666667,0,0,0,15,0,2021-05-25 12:01:44,468,2.0792079207920793,1.5148514851485149,2.0,1.0,1.376104416945398,101,-0.6352941176470588
33,2203,"Tired , Sleepy , Sluggish , Annoyed , Mad",2022-09-05 20:03:12,4,True,0.0,1.0,2.0,1.0,9,1,-0.886,0.0,0.919,3.6666666666666665,0,0,0,20,0,2021-05-25 12:01:44,468,2.0784313725490198,1.5196078431372548,2.0,2.0,1.3692975326302914,102,-0.6666666666666665
33,2204,"Annoyed , Mad , Angry , Tired , Sluggish",2022-09-06 10:23:49,4,True,2.0,2.0,-1.0,0.0,9,1,-0.9287,0.0,1.0,3.5555555555555554,0,0,0,10,1,2021-05-25 12:01:44,468,2.058252427184466,1.5145631067961165,0.0,1.0,1.3778730605356697,103,-0.7002262443438914
33,2205,"Sad , Mad , Irritated , Annoyed , Tired",2022-09-06 15:00:50,4,True,1.0,2.0,1.0,0.0,9,1,-0.93,0.0,1.0,3.4444444444444446,0,0,0,15,1,2021-05-25 12:01:44,469,2.0576923076923075,1.5192307692307692,2.0,2.0,1.3711799402989084,104,-0.6153846153846154
33,2206,"Mad , Annoyed , Angry , Tired , Irritated",2022-09-06 20:14:44,4,True,2.0,2.0,-1.0,0.0,9,1,-0.9325,0.0,1.0,3.6666666666666665,0,0,0,20,1,2021-05-25 12:01:44,469,2.0476190476190474,1.5238095238095237,1.0,2.0,1.368470176039881,105,-0.6295355587808418
33,2207,"Sad , Tired , Sluggish , Fatigued , Sleepy",2022-09-07 10:27:24,4,True,1.0,2.0,-1.0,-1.0,9,1,-0.8779,0.0,0.917,3.7777777777777777,0,0,0,10,2,2021-05-25 12:01:44,469,2.047169811320755,1.528301886792453,2.0,2.0,1.3619459150977298,106,-0.5471698113207548
33,2208,"Tired , Sluggish , Sleepy , Neutral , Irritated",2022-09-07 16:15:18,4,True,0.0,1.0,0.0,0.0,9,1,-0.8225,0.0,0.811,4.333333333333333,0,0,0,16,2,2021-05-25 12:01:44,470,2.0373831775700935,1.5327102803738317,1.0,2.0,1.3592813975875429,107,-0.5614954577218729
34,2365,Drained and rushed . No time to distressed and reset . Having to work despite needing a break due to traumatic event that happened during my shift (a coworker had a bad seizure and I had to call ORG and then immediately get back to servicing customers and answering phones),2021-05-02 13:20:28,1,False,1.0,1.0,2.0,0.0,50,0,-0.9287,0.0,0.269,4.48,2,0,0,13,6,2021-05-02 13:20:28,0,2.0,1.0,2.0,1.0,0.0,0,0.0
34,2366,Went to work and had a normal shift . Was still disheartening because we weren ' t as busy as we should be at this time of year . I know I ' m making less than normal and that causes worry because of bills .,2021-05-03 12:09:40,1,False,3.0,1.0,0.0,0.0,46,0,-0.6908,0.0,0.144,3.5217391304347827,2,0,0,12,0,2021-05-02 13:20:28,0,1.0,1.0,1.0,1.0,0.0,1,0.0
35,2408,"Proud , Frustrated , Annoyed , Impressed , Healthy",2021-03-23 12:00:37,1,True,3.0,3.0,-2.0,-1.0,9,1,0.4404,0.597,0.403,4.666666666666667,0,0,0,12,1,2021-03-23 12:00:37,0,2.0,1.0,2.0,1.0,0.0,0,0.0
35,2409,"Annoyed , Frustrated , Sad , Busy , Productive",2021-03-26 15:37:34,1,True,1.0,2.0,0.0,0.0,9,1,-0.8442,0.0,0.82,4.222222222222222,0,0,0,15,4,2021-03-23 12:00:37,3,3.0,3.0,3.0,3.0,0.0,1,0.0
36,2492,I am doing well . Getting ready for work . It is going to be a good day .   Other than it being cold .   But I am working inside today until 8 pm \ nThen I get to go home to my best friend whom I love dearly . Everyday is a good day,2022-01-22 11:03:16,2,False,2.0,1.0,0.0,1.0,55,0,0.9829,0.458,0.0,3.1636363636363636,5,0,0,11,5,2022-01-22 11:03:16,0,2.0,1.0,2.0,1.0,0.0,0,0.0
36,2493,"I am feeling OK .   A little anxious because I have to move , but dealing with it and staying positive ..   everything will work out well .   200 characters ia a lot to say how I feel though . Still not enough",2022-01-22 16:22:38,2,False,2.0,2.0,1.0,0.0,43,0,0.856,0.262,0.033,3.744186046511628,3,0,0,16,5,2022-01-22 11:03:16,0,2.0,1.0,2.0,1.0,0.0,1,0.0
36,2494,I am feeling pretty good right now and only getting better .. I am trying to stay very   positive on everything that is going on in my life .. I am making the best out of what I can ..   that is all that any of us can do ..,2022-01-22 20:32:50,2,False,3.0,2.0,0.0,0.0,50,0,0.9558,0.317,0.0,3.4,5,0,1,20,5,2022-01-22 11:03:16,0,2.0,1.5,2.0,2.0,0.0,2,0.0
36,2495,At this very moment I am feeling very content and pretty happy .   I have made some choices and decisions and I am quite satisfied in the choices and decisions that I have made today .   Also the buccaneers are on television .,2022-01-23 15:08:37,2,False,3.0,2.0,1.0,0.0,43,0,0.9005,0.273,0.0,4.186046511627907,4,0,2,15,6,2022-01-22 11:03:16,1,2.3333333333333335,1.6666666666666667,3.0,2.0,0.5773502691896258,3,0.5
36,2496,I just got home from a very long day of work and can now relax .   I an very happy I have the next two days off and I can try to take care of certain situations therefore I am quite happy and content right now ..,2022-01-23 20:03:16,2,False,4.0,2.0,-1.0,0.0,47,0,0.945,0.316,0.0,3.4893617021276597,5,0,2,20,6,2022-01-22 11:03:16,1,2.5,1.75,3.0,2.0,0.5773502691896257,4,1.0
36,2497,At this current moment I am feeling currently happy .   It is my day off and I am relaxing and this always makes me happy .   It is very cold in GPE this week but I am dealing with that and staying warm and happy .,2022-01-24 15:02:19,2,False,3.0,2.0,1.0,-1.0,46,0,0.9253,0.312,0.0,3.5869565217391304,5,0,1,15,0,2022-01-22 11:03:16,2,2.8,1.8,4.0,2.0,0.8366600265340756,5,1.3333333333333335
36,2498,I am very content and calm right now .   I was just sitting by the bon fire enjoying the night even though it is pretty cold out for GPE .   Life is good and it is only gonna get better from here on out .,2022-01-24 20:01:49,2,False,4.0,1.0,-1.0,1.0,45,0,0.9112,0.291,0.047,3.466666666666667,2,0,1,20,0,2022-01-22 11:03:16,2,2.8333333333333335,1.8333333333333333,3.0,2.0,0.752772652709081,6,1.0
36,2499,I am feeling pretty happy today just like most days .   I am content and satisfied with my life right now .   I am hoping for everything to move in a very positive direction and keep my life on track which I think should happen .,2022-01-26 16:04:09,2,False,3.0,2.0,0.0,-1.0,46,0,0.9606,0.397,0.0,3.9130434782608696,6,0,1,16,2,2022-01-22 11:03:16,4,3.0,1.7142857142857142,4.0,1.0,0.816496580927726,7,1.1666666666666665
36,2500,I am feeling somewhat content today .   It is kind of gloomy and cold outside today but I am trying to still keep my spirits up .   Life is good at the moment and it is only going to get better as the year goes on .,2022-01-28 15:04:27,2,False,3.0,1.0,0.0,0.0,47,0,0.8178,0.185,0.03,3.5106382978723403,3,0,0,15,4,2022-01-22 11:03:16,6,3.0,1.75,3.0,2.0,0.7559289460184544,8,1.0
36,2490,"I am currently feeling Okay and somewhat content .   Life keeps throwing me curveball but I have to hang in there and stay strong .   Things will have to get better soon .   Still not enough words , uou really need to lower the limit .",2022-01-31 20:01:03,2,False,3.0,1.0,1.0,1.0,46,0,0.7785,0.228,0.066,4.0,3,0,1,20,0,2022-01-22 11:03:16,9,3.0,1.6666666666666667,3.0,1.0,0.7071067811865476,9,0.8999999999999999
36,2491,I am very happy today although things are not in line I am feeling positive that they will be .   As long as we keep a positive attitude positive things will happen .   So therefore things are good right now .,2022-02-02 21:17:18,2,False,4.0,2.0,0.0,0.0,41,0,0.9595,0.398,0.0,4.024390243902439,2,0,2,21,2,2022-01-22 11:03:16,11,3.0,1.6,3.0,1.0,0.6666666666666666,10,0.40000000000000036
38,2677,I ' m really feeling great . the beautiful weather puts me in a happy mood . I ' m able to go outside and enjoy the day instead of sitting in the house all day . I can take a walk in the park or just sit on my porch and enjoy the fresh air,2021-05-02 12:19:28,1,False,4.0,2.0,0.0,0.0,56,0,0.9701,0.378,0.0,3.2857142857142856,5,0,1,12,6,2021-05-02 12:19:28,0,2.0,1.0,2.0,1.0,0.0,0,0.0
38,2678,as of right now I am feeling great .. enjoying the beautiful weather outside while drinking a nice cold lemonade . knowing summer is coming is making me more happy . now I can ' t wait till official summer comes .\ n,2021-05-02 17:00:44,1,False,4.0,2.0,0.0,0.0,43,0,0.9623,0.404,0.0,4.046511627906977,3,0,0,17,6,2021-05-02 12:19:28,0,4.0,2.0,4.0,2.0,0.0,1,0.0
38,2694,"chilled , relaxed , happy , rested , cheerful",2022-01-28 15:02:16,2,True,4.0,2.0,0.0,0.0,9,1,0.886,0.839,0.0,4.111111111111111,0,0,0,15,4,2021-05-02 12:19:28,271,4.0,2.0,4.0,2.0,0.0,2,0.0
38,2695,"good , happy , excited , smilies , chill",2022-01-28 20:01:14,2,True,4.0,2.0,-4.0,-1.0,9,1,0.8402,0.818,0.0,3.5555555555555554,0,0,0,20,4,2021-05-02 12:19:28,271,4.0,2.0,4.0,2.0,0.0,3,0.0
38,2696,"tired , headache , hungry , thirsty , lazy",2022-01-29 10:05:24,2,True,0.0,1.0,4.0,0.0,9,1,-0.6597,0.0,0.643,3.7777777777777777,0,0,0,10,5,2021-05-02 12:19:28,271,4.0,2.0,4.0,2.0,0.0,4,0.0
38,2697,"calm , rested , lazy , cozy , chilled",2022-01-29 15:00:58,2,True,4.0,1.0,0.0,0.0,9,1,-0.0516,0.295,0.321,3.2222222222222223,0,0,0,15,5,2021-05-02 12:19:28,272,3.2,1.8,0.0,1.0,1.7888543819998317,5,-1.3333333333333335
38,2698,"calm , relaxed , sleepy , chilled , tired",2022-01-29 20:01:12,2,True,4.0,1.0,-2.0,2.0,9,1,0.3818,0.529,0.279,3.6666666666666665,0,0,0,20,5,2021-05-02 12:19:28,272,3.3333333333333335,1.6666666666666667,4.0,1.0,1.632993161855452,6,-1.3333333333333335
38,2699,"rested , happy , relaxed , good , smiling",2022-01-30 10:01:24,2,True,2.0,3.0,0.0,-2.0,9,1,0.9153,0.928,0.0,3.6666666666666665,0,0,0,10,6,2021-05-02 12:19:28,272,3.4285714285714284,1.5714285714285714,4.0,1.0,1.511857892036909,7,-1.0
38,2700,"calm , relaxed , sleepy , chilled , lazy",2022-01-30 20:02:55,2,True,2.0,1.0,1.0,2.0,9,1,0.4588,0.55,0.25,3.5555555555555554,0,0,0,20,6,2021-05-02 12:19:28,273,3.25,1.75,2.0,3.0,1.4880476182856899,8,-1.5
38,2701,"tiredness , slow , need sleep , drowsy , blahh",2022-01-31 10:02:09,2,True,3.0,3.0,-1.0,0.0,10,1,0.0,0.0,0.0,3.7,0,0,0,10,0,2021-05-02 12:19:28,273,3.111111111111111,1.6666666666666667,2.0,1.0,1.4529663145135578,9,-1.6
38,2702,"motivated , ready , active , on the go , happy",2022-01-31 15:01:56,2,True,2.0,3.0,2.0,0.0,11,1,0.8979,0.799,0.0,3.272727272727273,0,0,0,15,0,2021-05-02 12:19:28,274,3.1,1.8,3.0,3.0,1.3703203194062978,10,-0.20000000000000018
38,2703,"happy , smilies , joyful , Exotic , Dancing",2022-01-31 20:04:11,2,True,4.0,3.0,-2.0,-1.0,9,1,0.8225,0.717,0.0,3.888888888888889,0,0,0,20,0,2021-05-02 12:19:28,274,3.0,1.9090909090909092,2.0,3.0,1.3416407864998738,11,-0.3666666666666667
38,2704,"calm , relax , little lazy , tired , full",2022-02-02 21:21:11,2,True,2.0,2.0,2.0,0.0,10,1,0.0954,0.432,0.401,3.2,0,0,0,21,2,2021-05-02 12:19:28,276,3.0833333333333335,2.0,4.0,3.0,1.3113721705515065,12,-0.5
38,2705,"happy , smiling , joyful , relaxed , excited",2022-02-03 10:03:07,2,True,4.0,2.0,-2.0,-1.0,9,1,0.9451,1.0,0.0,4.0,0,0,0,10,3,2021-05-02 12:19:28,276,3.0,2.0,2.0,2.0,1.2909944487358056,13,-0.6190476190476191
38,2706,"lazy , cozy , sleepy , relaxed , chilled",2022-02-03 15:01:50,2,True,2.0,1.0,0.0,0.0,9,1,0.1779,0.368,0.287,3.5555555555555554,0,0,0,15,3,2021-05-02 12:19:28,277,3.0714285714285716,2.0,4.0,2.0,1.2688144505364485,14,-0.714285714285714
38,2707,"sleepy , lazy , drowsy , tired , yawning",2022-02-03 20:01:35,2,True,2.0,1.0,1.0,2.0,9,1,-0.6597,0.0,0.643,3.5555555555555554,0,0,0,20,3,2021-05-02 12:19:28,277,3.0,1.9333333333333333,2.0,1.0,1.2535663410560174,15,-0.8035714285714284
38,2708,"relaxed , slow , relaxed , energy , chilled",2022-02-04 10:02:58,2,True,3.0,3.0,1.0,-1.0,9,1,0.8176,0.81,0.0,3.888888888888889,0,0,0,10,4,2021-05-02 12:19:28,277,2.9375,1.875,2.0,1.0,1.2365947867699696,16,-0.625
38,2709,"excited , smiling , relaxed , happy , joyful",2022-02-04 15:03:42,2,True,4.0,2.0,-2.0,0.0,9,1,0.9451,1.0,0.0,4.0,0,0,0,15,4,2021-05-02 12:19:28,278,2.9411764705882355,1.9411764705882353,3.0,3.0,1.1974237050483696,17,-0.5833333333333335
38,2710,"tired , bored , lonely , lazy , sad",2022-02-04 20:01:28,2,True,2.0,2.0,1.0,-1.0,9,1,-0.9022,0.0,1.0,3.0,0,0,0,20,4,2021-05-02 12:19:28,278,3.0,1.9444444444444444,4.0,2.0,1.1881770515720091,18,-0.22222222222222232
38,2711,"calm , chilled , zoned , related , sleepy",2022-02-05 10:01:06,2,True,3.0,1.0,1.0,1.0,9,1,0.3182,0.365,0.0,3.6666666666666665,0,0,0,10,5,2021-05-02 12:19:28,278,2.9473684210526314,1.9473684210526316,2.0,2.0,1.177270110161938,19,-0.31111111111111134
38,2712,"happy , exciting , chilled , loved , dancing",2022-02-05 15:35:42,2,True,4.0,2.0,-2.0,1.0,9,1,0.8957,0.844,0.0,4.0,0,0,0,15,5,2021-05-02 12:19:28,279,2.95,1.9,3.0,1.0,1.145931016569864,20,-0.30000000000000027
38,2713,"jumpy , active , happy , excited , smiling",2022-02-05 20:11:04,2,True,2.0,3.0,2.0,-1.0,9,1,0.8689,0.855,0.145,3.7777777777777777,0,0,0,20,5,2021-05-02 12:19:28,279,3.0,1.9047619047619047,4.0,2.0,1.140175425099138,21,-0.19090909090909092
38,2679,"excited , ready , happy , motivated , chilled",2022-02-06 10:01:17,2,True,4.0,2.0,0.0,0.0,9,1,0.891,0.921,0.0,4.111111111111111,0,0,0,10,6,2021-05-02 12:19:28,279,2.9545454545454546,1.9545454545454546,2.0,3.0,1.1329385612423049,22,-0.09090909090909083
38,2680,"happy , excited , motivated , dancing , joyful",2022-02-06 15:00:48,2,True,4.0,2.0,-2.0,-1.0,9,1,0.9186,0.929,0.0,4.222222222222222,0,0,0,15,6,2021-05-02 12:19:28,280,3.0,1.9565217391304348,4.0,2.0,1.1281521496355325,23,0.0
38,2681,"tired , sleepy , lazy , sluggish , need rest",2022-02-06 20:01:06,2,True,2.0,1.0,0.0,1.0,10,1,-0.7964,0.0,0.73,3.5,0,0,0,20,6,2021-05-02 12:19:28,280,3.0416666666666665,1.9583333333333333,4.0,2.0,1.1220775245117838,24,-0.08333333333333348
38,2682,"sleepy , relaxed , chilled , lazy , content",2022-02-07 10:00:46,2,True,2.0,2.0,1.0,1.0,9,1,0.1779,0.368,0.287,3.888888888888889,0,0,0,10,0,2021-05-02 12:19:28,280,3.0,1.92,2.0,1.0,1.118033988749895,25,-0.16025641025641058
38,2683,"energetic , happy , smiling , excited , ready",2022-02-07 15:44:34,2,True,3.0,3.0,-1.0,-2.0,9,1,0.926,1.0,0.0,4.111111111111111,0,0,0,15,0,2021-05-02 12:19:28,281,2.9615384615384617,1.9230769230769231,2.0,2.0,1.1128618685450313,26,-0.0769230769230771
38,2684,"tired , sleepy , lazy , sluggish , blah",2022-02-07 20:00:47,2,True,2.0,1.0,0.0,1.0,9,1,-0.8176,0.0,0.905,3.4444444444444446,0,0,0,20,0,2021-05-02 12:19:28,281,2.962962962962963,1.962962962962963,3.0,3.0,1.0912759462588695,27,-0.07142857142857162
38,2685,"sleepy , chilled , relaxed , lazy , calm",2022-02-08 10:01:06,2,True,2.0,2.0,2.0,1.0,9,1,0.4588,0.55,0.25,3.5555555555555554,0,0,0,10,1,2021-05-02 12:19:28,281,2.9285714285714284,1.9285714285714286,2.0,1.0,1.08622934037623,28,-0.28571428571428603
38,2686,"smiling , excellent , happy , rested , dancing",2022-02-08 15:04:15,2,True,4.0,3.0,-2.0,-2.0,9,1,0.886,0.839,0.0,4.222222222222222,0,0,0,15,1,2021-05-02 12:19:28,282,2.896551724137931,1.9310344827586208,2.0,2.0,1.080503440405936,29,-0.3380952380952382
38,2687,"calm , sleepy , lazy , relaxed , ready for bed",2022-02-08 20:23:07,2,True,2.0,1.0,0.0,1.0,11,1,0.6705,0.593,0.185,3.272727272727273,0,0,0,20,1,2021-05-02 12:19:28,282,2.933333333333333,1.9666666666666666,4.0,3.0,1.0806553992619587,30,-0.1333333333333333
38,2688,"little sleepy , lazy , chilled , relaxed , sluggish",2022-02-09 10:00:36,2,True,2.0,2.0,0.0,0.0,10,1,-0.1832,0.288,0.443,4.2,0,0,0,10,2,2021-05-02 12:19:28,282,2.903225806451613,1.935483870967742,2.0,1.0,1.0756343464727351,31,-0.1875
38,2689,"lazy , chilled , relaxed , content , happy",2022-02-09 15:16:27,2,True,2.0,2.0,2.0,0.0,9,1,0.6597,0.605,0.219,3.7777777777777777,0,0,0,15,2,2021-05-02 12:19:28,283,2.875,1.9375,2.0,2.0,1.0701220913160239,32,-0.125
38,2690,"excited , happy , ready , smiling , chilling",2022-02-09 20:01:25,2,True,4.0,2.0,-1.0,0.0,9,1,0.8885,0.913,0.087,4.0,0,0,0,20,2,2021-05-02 12:19:28,283,2.8484848484848486,1.9393939393939394,2.0,2.0,1.0642254261084714,33,-0.17279411764705888
38,2691,"relaxing , happy , chill , rested , calm",2022-02-10 10:01:24,2,True,3.0,2.0,1.0,-1.0,9,1,0.8481,0.821,0.0,3.5555555555555554,0,0,0,10,3,2021-05-02 12:19:28,283,2.8823529411764706,1.9411764705882353,4.0,2.0,1.066421540461737,34,-0.11764705882352944
38,2692,"relaxed , chill , comfortable , calm , happy",2022-02-10 15:00:26,2,True,4.0,1.0,-3.0,0.0,9,1,0.91,0.926,0.0,4.0,0,0,0,15,3,2021-05-02 12:19:28,284,2.8857142857142857,1.9428571428571428,3.0,2.0,1.0508100116920607,35,-0.10784313725490202
38,2693,"sleepy , sluggish , lazy , Exhausted , zoned out",2022-02-10 20:01:59,2,True,1.0,1.0,1.0,0.0,10,1,-0.7717,0.0,0.72,3.9,0,0,0,20,3,2021-05-02 12:19:28,284,2.9166666666666665,1.9166666666666667,4.0,1.0,1.0522085616183026,36,-0.16666666666666652
38,2728,"Sleepy , Lazy , Sluggish , Hungry , Bored",2022-04-29 10:00:00,3,True,2.0,1.0,0.0,2.0,9,1,-0.743,0.0,0.785,3.6666666666666665,0,0,0,10,4,2021-05-02 12:19:28,361,2.864864864864865,1.8918918918918919,1.0,1.0,1.0842857905901357,37,-0.26315789473684204
38,2729,"Energy , Grea , Happy , Rested , Ready",2022-04-29 15:00:00,3,True,2.0,3.0,0.0,0.0,9,1,0.8074,0.806,0.0,3.3333333333333335,0,0,0,15,4,2021-05-02 12:19:28,362,2.8421052631578947,1.868421052631579,2.0,1.0,1.0786958038617038,38,-0.21052631578947345
38,2730,"Happy , Excited , Jumpy , Smiling , Joyful",2022-04-29 20:00:00,3,True,2.0,3.0,0.0,-1.0,9,1,0.9001,0.867,0.133,3.7777777777777777,0,0,0,20,4,2021-05-02 12:19:28,362,2.8205128205128207,1.8974358974358974,2.0,3.0,1.0729152336114531,39,-0.24736842105263124
38,2731,"Tired , Lazy , Sleepy , Blah , Okay",2022-04-30 10:02:00,3,True,2.0,2.0,1.0,0.0,9,1,-0.5994,0.196,0.701,3.0,0,0,0,10,5,2021-05-02 12:19:28,362,2.8,1.925,2.0,3.0,1.066987131347674,40,-0.30000000000000027
38,2732,"Sleepy , Lazy , Neutral , Relax , Okay",2022-04-30 15:19:00,3,True,3.0,2.0,1.0,-1.0,9,1,0.3182,0.516,0.269,3.3333333333333335,0,0,0,15,5,2021-05-02 12:19:28,363,2.7804878048780486,1.9268292682926829,2.0,2.0,1.0609475746225923,41,-0.3309523809523811
38,2733,"Relax , Calm , Chill , Happy , Relax",2022-04-30 20:33:00,3,True,4.0,1.0,-4.0,0.0,9,1,0.8957,0.922,0.0,3.111111111111111,0,0,0,20,5,2021-05-02 12:19:28,363,2.7857142857142856,1.9285714285714286,3.0,2.0,1.048476578607506,42,-0.4285714285714284
38,2734,"Hungover , Tired , Sluggish , Lazy , Moody",2022-05-01 10:01:00,3,True,0.0,1.0,1.0,0.0,9,1,-0.8625,0.0,0.914,3.7777777777777777,0,0,0,10,6,2021-05-02 12:19:28,363,2.813953488372093,1.9069767441860466,4.0,1.0,1.0523401123547818,43,-0.36363636363636376
38,2735,"Sleepy , Lazy , Sluggish , Exhausted , Bored",2022-05-01 15:03:00,3,True,1.0,1.0,1.0,1.0,9,1,-0.8316,0.0,0.907,4.0,0,0,0,15,6,2021-05-02 12:19:28,364,2.75,1.8863636363636365,0.0,1.0,1.1232221093696224,44,-0.40909090909090917
38,2736,"Tired , Hungover , Sick , Lazy , Hungry",2022-05-01 20:11:00,3,True,2.0,2.0,2.0,-1.0,9,1,-0.8271,0.0,0.813,3.4444444444444446,0,0,0,20,6,2021-05-02 12:19:28,364,2.7111111111111112,1.8666666666666667,1.0,1.0,1.1406182976833665,45,-0.4762845849802373
38,2737,"Relaxed , Happy , Content , Chill , Good",2022-05-02 10:00:00,3,True,4.0,1.0,0.0,1.0,9,1,0.8689,0.831,0.0,3.5555555555555554,0,0,0,10,0,2021-05-02 12:19:28,364,2.6956521739130435,1.8695652173913044,2.0,2.0,1.1327364156941426,46,-0.6086956521739131
38,2738,"Excited , Happy , Great , Active , Good",2022-05-02 15:04:00,3,True,4.0,2.0,-1.0,-1.0,9,1,0.9413,1.0,0.0,3.4444444444444446,0,0,0,15,0,2021-05-02 12:19:28,365,2.723404255319149,1.851063829787234,4.0,1.0,1.1363964338047297,47,-0.5416666666666665
38,2739,"Tired , Lazy , Chill , Relax , Slow",2022-05-02 20:17:00,3,True,3.0,1.0,-1.0,0.0,9,1,-0.3612,0.282,0.524,3.0,0,0,0,20,0,2021-05-02 12:19:28,365,2.75,1.8541666666666667,4.0,2.0,1.1392420025725578,48,-0.583333333333333
38,2740,"Tired , Lazy , Sleepy , Exhausted , Moody",2022-05-03 10:00:00,3,True,2.0,1.0,0.0,1.0,9,1,-0.8555,0.0,0.912,3.6666666666666665,0,0,0,10,1,2021-05-02 12:19:28,365,2.7551020408163267,1.836734693877551,3.0,1.0,1.1278780268882869,49,-0.5616666666666665
38,2741,"Lazy , Relaxed , Slow , Hungry , Tired",2022-05-03 15:00:00,3,True,2.0,2.0,2.0,-1.0,9,1,-0.296,0.302,0.509,3.3333333333333335,0,0,0,15,1,2021-05-02 12:19:28,366,2.74,1.82,2.0,1.0,1.1214058232451638,50,-0.52
38,2742,"Relaxed , Chill , Happy , Cozy , Laid back",2022-05-03 20:00:00,3,True,4.0,1.0,-4.0,0.0,10,1,0.7845,0.633,0.0,3.3,0,0,0,20,1,2021-05-02 12:19:28,366,2.7254901960784315,1.8235294117647058,2.0,2.0,1.114960651728105,51,-0.5384615384615383
38,2743,"Sleepy , Lazy , Tired , Bored , Lonely",2022-05-04 10:00:00,3,True,0.0,1.0,4.0,1.0,9,1,-0.8402,0.0,0.909,3.3333333333333335,0,0,0,10,2,2021-05-02 12:19:28,366,2.75,1.8076923076923077,4.0,1.0,1.118033988749895,52,-0.42307692307692335
38,2744,"Excited , Happy , Good , Smiling , Relaxed",2022-05-04 15:00:00,3,True,4.0,2.0,-1.0,-1.0,9,1,0.9349,1.0,0.0,3.7777777777777777,0,0,0,15,2,2021-05-02 12:19:28,367,2.69811320754717,1.7924528301886793,0.0,1.0,1.169893250560418,53,-0.517094017094017
38,2745,"Calm , Tired , Relaxed , Chilled , Happy",2022-05-04 20:01:00,3,True,3.0,1.0,-1.0,0.0,9,1,0.743,0.702,0.221,3.5555555555555554,0,0,0,20,2,2021-05-02 12:19:28,367,2.7222222222222223,1.7962962962962963,4.0,2.0,1.172268670773892,54,-0.4814814814814814
38,2746,"Calm , Quiet , Relax , Chilled , Happy",2022-05-05 10:33:00,3,True,2.0,1.0,2.0,0.0,9,1,0.836,0.817,0.0,3.3333333333333335,0,0,0,10,3,2021-05-02 12:19:28,367,2.727272727272727,1.7818181818181817,3.0,1.0,1.1619674479813753,55,-0.4629629629629628
38,2747,"Chill , Good , Happy , Relaxed , Vining",2022-05-05 15:59:00,3,True,4.0,1.0,-1.0,0.0,9,1,0.8689,0.831,0.0,3.4444444444444446,0,0,0,15,3,2021-05-02 12:19:28,368,2.7142857142857144,1.7678571428571428,2.0,1.0,1.155450100638247,56,-0.4285714285714284
38,2748,"Calm , Relax , Chill , Happy , Content",2022-05-05 20:59:00,3,True,3.0,1.0,1.0,0.0,9,1,0.836,0.817,0.0,3.3333333333333335,0,0,0,20,3,2021-05-02 12:19:28,368,2.736842105263158,1.7543859649122806,4.0,1.0,1.1576811149490926,57,-0.3768472906403937
38,2749,"Relaxed , Happy , Chilling , Good , Thankful",2022-05-06 11:43:00,3,True,4.0,1.0,0.0,2.0,9,1,0.9246,0.925,0.075,4.0,0,0,0,11,4,2021-05-02 12:19:28,368,2.7413793103448274,1.7413793103448276,3.0,1.0,1.1480012352152136,58,-0.31034482758620685
38,2750,"Happy , Good , Joyful , Anxious , Smiling",2022-05-06 15:01:00,3,True,4.0,3.0,-1.0,0.0,9,1,0.91,0.871,0.129,3.6666666666666665,0,0,0,15,4,2021-05-02 12:19:28,369,2.76271186440678,1.728813559322034,4.0,1.0,1.1497973292302799,59,-0.26321839080459775
38,2751,"Happy , Ready , Surprised , Smiling , Jumpy",2022-05-06 20:01:00,3,True,3.0,3.0,-2.0,-2.0,9,1,0.8442,0.847,0.153,3.888888888888889,0,0,0,20,4,2021-05-02 12:19:28,369,2.783333333333333,1.75,4.0,3.0,1.1511477936989034,60,-0.2999999999999998
38,2752,"Hungover , Tired , Lazy , Headache , Moody",2022-05-07 10:24:00,3,True,1.0,1.0,1.0,1.0,9,1,-0.7845,0.0,0.798,3.7777777777777777,0,0,0,10,5,2021-05-02 12:19:28,369,2.7868852459016393,1.7704918032786885,3.0,3.0,1.1418516263560785,61,-0.2881720430107526
38,2753,"Sleepy , Relaxed , Vibing , Hungry , Lazy",2022-05-07 15:00:00,3,True,2.0,2.0,2.0,0.0,9,1,0.1779,0.368,0.287,3.6666666666666665,0,0,0,15,5,2021-05-02 12:19:28,370,2.7580645161290325,1.7580645161290323,1.0,1.0,1.154967657924412,62,-0.2903225806451615
38,2754,"Excited , Dancing , Motivated , Good , Smiling",2022-05-07 20:00:00,3,True,4.0,2.0,-1.0,-1.0,9,1,0.8834,0.919,0.0,4.222222222222222,0,0,0,20,5,2021-05-02 12:19:28,370,2.746031746031746,1.7619047619047619,2.0,2.0,1.149589744048326,63,-0.309475806451613
38,2714,"Calm , Relaxed , Chill , Vibes , Happy",2022-05-08 10:00:00,3,True,3.0,1.0,1.0,1.0,9,1,0.8481,0.821,0.0,3.3333333333333335,0,0,0,10,6,2021-05-02 12:19:28,370,2.765625,1.765625,4.0,2.0,1.1511510802339584,64,-0.21875
38,2715,"Good mood , Energetic , Dancing , Smiling , Happy",2022-05-08 15:00:00,3,True,4.0,2.0,-2.0,-1.0,10,1,0.91,0.862,0.0,4.0,0,0,0,15,6,2021-05-02 12:19:28,371,2.769230769230769,1.7538461538461538,3.0,1.0,1.1424922150887775,65,-0.20833333333333348
38,2716,"Lazy , Tired , Overwhelmed , Moody , Sluggish",2022-05-08 22:16:00,3,True,2.0,1.0,0.0,1.0,9,1,-0.8555,0.102,0.898,4.111111111111111,0,0,0,22,6,2021-05-02 12:19:28,371,2.787878787878788,1.7575757575757576,4.0,2.0,1.1437475718699945,66,-0.12121212121212155
38,2717,"Relaxed , Chilling , Happy , Content , Good",2022-05-09 10:00:00,3,True,2.0,2.0,2.0,1.0,9,1,0.8658,0.824,0.092,3.888888888888889,0,0,0,10,0,2021-05-02 12:19:28,371,2.7761194029850746,1.7462686567164178,2.0,1.0,1.1391237398183833,67,-0.142602495543672
38,2718,"Happy , Enthusiastic , Smiling , Excited , Dancing",2022-05-09 15:00:00,3,True,4.0,3.0,-2.0,0.0,9,1,0.9062,0.925,0.0,4.666666666666667,0,0,0,15,0,2021-05-02 12:19:28,372,2.764705882352941,1.75,2.0,2.0,1.1345016271713466,68,-0.23529411764705888
38,2719,"ORG , Energized , Ready , Happy , Dance",2022-05-09 20:41:00,3,True,2.0,3.0,2.0,-1.0,9,1,0.8591,0.826,0.0,3.4444444444444446,0,0,0,20,0,2021-05-02 12:19:28,372,2.782608695652174,1.7681159420289856,4.0,3.0,1.1359055110013656,69,-0.19663865546218506
38,2720,"Excited , Smiling , Dancing , Good , Love",2022-05-10 10:00:00,3,True,4.0,2.0,0.0,0.0,9,1,0.91,0.926,0.0,3.6666666666666665,0,0,0,10,1,2021-05-02 12:19:28,372,2.7714285714285714,1.7857142857142858,2.0,3.0,1.1315172393472221,70,-0.22857142857142865
38,2721,"Joyful , Sunny , Meditate , Dancing , Good",2022-05-10 15:39:00,3,True,4.0,2.0,-2.0,0.0,9,1,0.8625,0.828,0.0,3.7777777777777777,0,0,0,15,1,2021-05-02 12:19:28,373,2.788732394366197,1.7887323943661972,4.0,2.0,1.1328282300475905,71,-0.19126984126984103
38,2722,"Overwhelming , Tired , Busy , Hungry , Bored",2022-05-10 20:58:00,3,True,2.0,2.0,0.0,0.0,9,1,-0.6124,0.0,0.625,4.0,0,0,0,20,1,2021-05-02 12:19:28,373,2.8055555555555554,1.7916666666666667,4.0,2.0,1.1338441268147765,72,-0.22222222222222188
38,2723,"Tired , Lazy , Chilled , Relaxed , Happy",2022-05-11 10:04:00,3,True,2.0,2.0,1.0,0.0,9,1,0.3612,0.519,0.406,3.5555555555555554,0,0,0,10,2,2021-05-02 12:19:28,373,2.7945205479452055,1.7945205479452055,2.0,2.0,1.1298832794879135,73,-0.24099099099099064
38,2724,"Relaxed , Calm , Chilled , Lazy , Cool",2022-05-11 15:00:00,3,True,3.0,2.0,-1.0,0.0,9,1,0.6486,0.69,0.221,3.3333333333333335,0,0,0,15,2,2021-05-02 12:19:28,374,2.7837837837837838,1.7972972972972974,2.0,2.0,1.1259123578421417,74,-0.16216216216216228
38,2725,"Sleepy , Lazy , Chilled , Content , Blah",2022-05-11 20:42:00,3,True,2.0,2.0,0.0,1.0,9,1,-0.4404,0.0,0.565,3.5555555555555554,0,0,0,20,2,2021-05-02 12:19:28,374,2.7866666666666666,1.8,3.0,2.0,1.1185576297943576,75,-0.15433854907539102
38,2726,"Energetic , Good , Motivated , Active , Happy",2022-05-12 10:10:00,3,True,2.0,3.0,0.0,-1.0,9,1,0.9349,1.0,0.0,4.111111111111111,0,0,0,10,3,2021-05-02 12:19:28,374,2.776315789473684,1.8026315789473684,2.0,2.0,1.1147338601421275,76,-0.1315789473684208
38,2727,"Sleepy , Lazy , Hot , Thirsty , Bored",2022-05-12 15:25:00,3,True,2.0,2.0,1.0,-1.0,9,1,-0.5574,0.0,0.605,3.2222222222222223,0,0,0,15,3,2021-05-02 12:19:28,375,2.7662337662337664,1.8181818181818181,2.0,3.0,1.1109041350476159,77,-0.14979757085020218
38,2765,As of right now I am feeling good . I finally got done sleep last night . I’m more relaxed than usual . I had one drink last night and didn’t wake up feeling sluggish from it . Today so far has been a good day,2022-09-01 10:48:45,4,False,3.0,1.0,0.0,0.0,46,0,0.8221,0.262,0.057,3.5652173913043477,3,0,1,10,3,2021-05-02 12:19:28,486,2.7564102564102564,1.8205128205128205,2.0,2.0,1.1070716894617647,78,-0.1282051282051282
38,2766,As of right now I am clocking out of work and heading home . Today was a good day so I am feeling happy and relaxed . I will go home cooked and rest up for tomorrow . Well I will make sure to eat dinner first .,2022-09-01 15:06:39,4,False,3.0,1.0,-1.0,0.0,48,0,0.9354,0.33,0.0,3.3958333333333335,4,0,1,15,3,2021-05-02 12:19:28,487,2.759493670886076,1.8101265822784811,3.0,1.0,1.1002935490996015,79,-0.12051282051282053
38,2767,This is the time that I normally start getting ready to go to sleep . By this time I have already cooked dinner cleaned up showered myself and my kids and start getting ready to lay down . I am tired because I woke up early today,2022-09-01 20:31:47,4,False,2.0,1.0,2.0,1.0,47,0,0.2732,0.109,0.063,3.893617021276596,6,0,0,20,3,2021-05-02 12:19:28,487,2.7625,1.8,3.0,1.0,1.0936381045837185,80,-0.07499999999999973
38,2768,Today I woke up in a great mood . I was able to get enough sleep and I have a three day weekend coming up . So far work has been good and I hope it continues throughout the day . Time so far has been going pretty fast putting me in a better mood .,2022-09-02 10:01:23,4,False,4.0,2.0,0.0,0.0,56,0,0.9432,0.286,0.0,3.4285714285714284,5,0,2,10,4,2021-05-02 12:19:28,487,2.753086419753086,1.7901234567901234,2.0,1.0,1.0900787150193656,81,-0.09268292682926793
38,2769,I am finally home from work and instead of having a two day weekend I am going to have a three day weekend . Today went very well at work and time went fast . I went to work in a great mood and left in a great mood . I am going to use this weekend to relax and recharge for Tuesday when I go back to work .,2022-09-02 16:00:54,4,False,4.0,2.0,-1.0,-1.0,70,0,0.9259,0.203,0.0,3.3857142857142857,5,0,1,16,4,2021-05-02 12:19:28,488,2.768292682926829,1.7926829268292683,4.0,2.0,1.0920450911845936,82,-0.024390243902439046
38,2770,I started my three weekend off with a nice cold beer and it’s helping me just relax and watch tv . I I been just in a great mood watching movies and sipping and eating . So far I’ve had one but will probably drink two more,2022-09-02 20:08:20,4,False,3.0,1.0,-2.0,0.0,47,0,0.7184,0.182,0.0,3.74468085106383,5,0,1,20,4,2021-05-02 12:19:28,488,2.783132530120482,1.7951807228915662,4.0,2.0,1.0937538044096549,83,0.005226480836237002
38,2771,I feel a little sluggish . Last night I had about 3 mix drinks and steer not drinking for a while it did give me a little bit of a hangover . Hopefully after drinking time of water and taking advil the headache does go away ..,2022-09-03 10:01:16,4,False,1.0,1.0,1.0,0.0,47,0,0.0754,0.066,0.059,3.8297872340425534,3,0,0,10,5,2021-05-02 12:19:28,488,2.7857142857142856,1.7857142857142858,3.0,1.0,1.0874024379051825,84,0.0
38,2772,"Today it’s raining and rain gets me in a sleep and calm mood .   I just want to lay down all day , relax and watch movies while having a cool pumpkin beer . I feel good today . And after drinking my beers I will feel more relaxed .",2022-09-03 17:30:32,4,False,2.0,1.0,0.0,0.0,50,0,0.9216,0.309,0.0,3.6,5,0,0,17,5,2021-05-02 12:19:28,489,2.764705882352941,1.776470588235294,1.0,1.0,1.0981267472114393,85,-0.04152823920265769
38,2773,After having a couple of pumpkin Samuel Adams   beer I am definitely ready to lay down and go to bed . Normally if I drink towards the evening and I am at home instead of getting into party mode I get more into a relax sleepy mode . After drinking one more I am going to lay down and rest till tomorrow .,2022-09-03 20:43:37,4,False,2.0,1.0,0.0,0.0,63,0,0.8773,0.184,0.0,3.8095238095238093,5,0,0,20,5,2021-05-02 12:19:28,489,2.755813953488372,1.7674418604651163,2.0,1.0,1.0947580609606415,86,-0.11627906976744207
38,2774,As of right now I can tired and feeling a bit lazy .   After having a couple of the beers last night I did wake up feeling a little more sleepy then I normally would .   Most likely after a small nap I’ll feel more energetic .,2022-09-04 10:04:06,4,False,2.0,1.0,2.0,2.0,47,0,-0.0534,0.142,0.124,3.74468085106383,3,0,0,10,6,2021-05-02 12:19:28,489,2.7471264367816093,1.7586206896551724,2.0,1.0,1.0913869009424584,87,-0.13213530655391148
38,2775,I am on my way to a party and before I left I took a nap so I feel great and I’m planning on having a couple of beers . Probably the same beers I had last night . I might be the only one drinking but I’m fine with that . I’m in a good mood .,2022-09-04 15:35:46,4,False,4.0,3.0,0.0,-1.0,58,0,0.8621,0.209,0.0,3.1724137931034484,7,0,1,15,6,2021-05-02 12:19:28,490,2.7386363636363638,1.75,2.0,1.0,1.088015362698103,88,-0.02272727272727293
38,2776,After having a couple of drinks I am feeling pretty nice aka a little drunk . Definitely put me in a happy mood and I’m just sitting here listening to music and enjoying myself . I’ll probably have like two more and then head to bed .,2022-09-04 20:00:38,4,False,4.0,2.0,-4.0,-1.0,47,0,0.947,0.364,0.039,4.0,3,0,0,20,6,2021-05-02 12:19:28,490,2.752808988764045,1.7640449438202248,4.0,3.0,1.0900469013721434,89,0.005555555555555536
38,2777,Today I woke up feeling hungover . After having a couple drinks last night I didn’t drink water before I headed to bed causing me to wake up pretty hungover . There’s also a thunderstorm causing me to be more tired and lazy .,2022-09-05 10:00:48,4,False,0.0,1.0,2.0,2.0,44,0,-0.3086,0.11,0.14,4.136363636363637,5,0,0,10,0,2021-05-02 12:19:28,490,2.7666666666666666,1.7666666666666666,4.0,2.0,1.0918492714018149,90,0.11111111111111116
38,2778,This morning I woke up hungover and lazy but now after taking a nap I feel much better . I been active cleaning up and doing laundry . I still fell a bit hungover but it’s not stopping me from moving around and getting my chores done .,2022-09-05 15:14:08,4,False,2.0,3.0,1.0,-2.0,48,0,0.8082,0.198,0.038,3.9166666666666665,6,0,0,15,0,2021-05-02 12:19:28,491,2.7362637362637363,1.7582417582417582,0.0,1.0,1.123834357458279,91,0.04975845410627988
38,2779,First Day back to work after 3 days off and I need to still get more energy . I’m still in a chill mode and not fully awake and ready . I need to get use to walking up early again . Probably have a Red Bull to wake up .,2022-09-06 12:11:51,4,False,3.0,1.0,1.0,1.0,51,0,0.6318,0.114,0.0,3.3137254901960786,2,0,0,12,1,2021-05-02 12:19:28,491,2.7282608695652173,1.7717391304347827,2.0,3.0,1.1202752886715064,92,0.06521739130434767
38,2780,It is the end of my work shift so I am in a great mood because I am so ready to go home . I have food ready for me to cook and I’m just going to cook clean up and then just relax . Beginning of my day I was more calm but now I am in a great mood .,2022-09-06 15:00:37,4,False,4.0,2.0,-2.0,-1.0,62,0,0.9482,0.292,0.0,3.0,8,0,2,15,1,2021-05-02 12:19:28,492,2.7311827956989245,1.7634408602150538,3.0,1.0,1.1145264635537662,93,0.0703052728954674
38,2781,"I already prepared dinner cleaned up and took my kids a bath , So right now my body is tired and I’m ready to go to bed . Especially since the fact that I’ve been up since 6 AM by this time I normally get really tired . Also I was busy preparing everything for tomorrow morning so he caused me to be more tired .",2022-09-06 20:02:44,4,False,2.0,1.0,2.0,1.0,66,0,-0.6486,0.068,0.134,3.742424242424242,6,0,3,20,1,2021-05-02 12:19:28,492,2.74468085106383,1.7659574468085106,4.0,2.0,1.1162164415383595,94,0.042553191489361986
38,2782,Today is my Birthday so I woke up in a great mood . Work has been good so far and after work I will be going out for drinks so I’m even in a greater mood . I just been smiles all day . Hopefully today continues to go great for me .,2022-09-07 12:16:17,4,False,4.0,2.0,0.0,0.0,53,0,0.9607,0.338,0.0,3.3773584905660377,5,0,3,12,2,2021-05-02 12:19:28,492,2.736842105263158,1.7578947368421052,2.0,1.0,1.1128889596478881,95,0.02659574468085113
38,2783,As of right now I am in such a great mood . I have about 10 minutes till I have to clock out of work and I’m going to head home change my clothes and go out for a birthday dinner . While I’m at his birthday dinner I am going to have several margaritas to celebrate life .,2022-09-07 15:00:44,4,False,4.0,2.0,0.0,0.0,59,0,0.8316,0.14,0.0,3.610169491525424,5,0,0,15,2,2021-05-02 12:19:28,493,2.75,1.7604166666666667,4.0,2.0,1.114497762742436,96,0.0
39,2947,"Energetic , Content , Calm",2021-03-30 12:07:34,1,True,2.0,2.0,0.0,0.0,5,1,0.6369,0.839,0.0,4.4,0,0,0,12,1,2021-03-30 12:07:34,0,2.0,1.0,2.0,1.0,0.0,0,0.0
39,2948,"Happy , Nuetral , Comfortable",2021-03-31 12:07:03,1,True,2.0,2.0,1.0,-1.0,5,1,0.7906,0.875,0.0,5.0,0,0,0,12,2,2021-03-30 12:07:34,0,2.0,2.0,2.0,2.0,0.0,1,0.0
39,2949,"Energetic , Happy , Content",2021-04-03 13:01:19,1,True,3.0,1.0,-2.0,1.0,5,1,0.765,0.868,0.0,4.6,0,0,0,13,5,2021-03-30 12:07:34,4,2.0,2.0,2.0,2.0,0.0,2,0.0
39,2950,"Sad , Unmotivated , Content",2021-04-06 13:17:16,1,True,1.0,2.0,2.0,0.0,5,1,-0.6705,0.0,0.846,4.6,0,0,0,13,1,2021-03-30 12:07:34,7,2.3333333333333335,1.6666666666666667,3.0,1.0,0.5773502691896258,3,0.5
39,2951,"Happy , Content , Motivated",2021-04-07 12:19:09,1,True,3.0,2.0,0.0,0.0,5,1,0.7717,0.87,0.0,4.6,0,0,0,12,2,2021-03-30 12:07:34,8,2.0,1.75,1.0,2.0,0.816496580927726,4,0.0
39,2943,"Happy , Content , Motivated",2021-04-08 12:20:43,1,True,3.0,2.0,-2.0,-1.0,5,1,0.7717,0.87,0.0,4.6,0,0,0,12,3,2021-03-30 12:07:34,9,2.2,1.8,3.0,2.0,0.8366600265340756,5,0.3333333333333335
39,2944,"Tired , Content , ORG",2021-04-09 12:30:02,1,True,1.0,1.0,3.0,0.0,5,1,-0.4404,0.0,0.592,3.4,0,0,0,12,4,2021-03-30 12:07:34,10,2.3333333333333335,1.8333333333333333,3.0,2.0,0.816496580927726,6,0.0
39,2945,"Calm , Content , Little tired",2021-04-11 12:28:16,1,True,4.0,1.0,-1.0,2.0,6,1,-0.079,0.333,0.377,4.0,0,0,0,12,6,2021-03-30 12:07:34,12,2.142857142857143,1.7142857142857142,1.0,1.0,0.8997354108424372,7,-0.3333333333333335
39,2946,"Happy , Motivated , Content",2021-04-12 12:01:51,1,True,3.0,3.0,0.0,0.0,5,1,0.7717,0.87,0.0,4.6,0,0,0,12,0,2021-03-30 12:07:34,12,2.375,1.625,4.0,1.0,1.0606601717798212,8,0.75
40,3218,I’m going expenses loss of income due to ORG open project the recent loss of my mother health issues and coping with that it’s hard when you have numerous things to do As I said before I am trying my best to exercise eat healthy and have a open mind sat,2021-06-08 17:17:27,1,False,0.0,3.0,0.0,0.0,51,0,0.4404,0.123,0.107,3.980392156862745,4,0,0,17,1,2021-06-08 17:17:27,0,2.0,1.0,2.0,1.0,0.0,0,0.0
40,3219,Today I am feeling anxious because I am trying to do something simple as set up a pole and every which way of ways I’m trying to make it right at keeps coming out horrible however I have to try my best until it’s done right I’m not give up,2021-06-09 12:07:16,1,False,0.0,3.0,2.0,0.0,50,0,0.0516,0.107,0.103,3.8,4,0,0,12,2,2021-06-08 17:17:27,0,0.0,3.0,0.0,3.0,0.0,1,0.0
40,3233,"Happy , Emotional , Sad , Motivation , Jittery",2022-01-21 10:04:51,2,True,2.0,3.0,0.0,0.0,9,1,0.5574,0.653,0.263,4.222222222222222,0,0,0,10,4,2021-06-08 17:17:27,226,0.0,3.0,0.0,3.0,0.0,2,0.0
40,3234,"Happy , Excited , Sad , Bored , Active",2022-01-21 16:04:56,2,True,2.0,3.0,0.0,0.0,9,1,0.5574,0.629,0.371,3.3333333333333335,0,0,0,16,4,2021-06-08 17:17:27,226,0.6666666666666666,3.0,2.0,3.0,1.1547005383792517,3,1.0
40,3235,"Funny , Thoughtful , Sad , Happy , Anxiety",2022-01-21 20:02:10,2,True,2.0,3.0,0.0,-1.0,9,1,0.6597,0.657,0.343,3.7777777777777777,0,0,0,20,4,2021-06-08 17:17:27,227,1.0,3.0,2.0,3.0,1.1547005383792515,4,2.0
40,3236,"Beautiful , Happy , Mad , Motivation , Encouraging",2022-01-22 10:04:21,2,True,2.0,2.0,0.0,0.0,9,1,0.8807,0.807,0.193,4.666666666666667,0,0,0,10,5,2021-06-08 17:17:27,227,1.2,3.0,2.0,3.0,1.0954451150103324,5,2.0
40,3237,"Sleepy , Hungry , Happy , Excited , Jittery",2022-01-22 15:01:20,2,True,2.0,2.0,0.0,0.0,9,1,0.7269,0.67,0.0,3.888888888888889,0,0,0,15,5,2021-06-08 17:17:27,227,1.3333333333333333,2.8333333333333335,2.0,2.0,1.0327955589886446,6,1.3333333333333335
40,3238,"Tired , Hungry , Thankful , Excited , Cold",2022-01-22 20:01:02,2,True,2.0,2.0,0.0,1.0,9,1,0.4939,0.555,0.264,3.7777777777777777,0,0,0,20,5,2021-06-08 17:17:27,228,1.4285714285714286,2.7142857142857144,2.0,2.0,0.9759000729485333,7,1.3333333333333335
40,3239,"Happy , Encourage , Motivation , Anxious , Goals",2022-01-23 10:09:42,2,True,2.0,3.0,0.0,0.0,9,1,0.8126,0.758,0.161,4.444444444444445,0,0,0,10,6,2021-06-08 17:17:27,228,1.5,2.625,2.0,2.0,0.9258200997725514,8,1.0
40,3240,"Hungry , Excited , Planning , Happy , Thinking",2022-01-23 15:01:42,2,True,2.0,3.0,0.0,0.0,9,1,0.7269,0.67,0.0,4.222222222222222,0,0,0,15,6,2021-06-08 17:17:27,228,1.5555555555555556,2.6666666666666665,2.0,3.0,0.8819171036881969,9,1.0
40,3241,"Full , Happy , Excited , Motivational , Secure",2022-01-23 20:01:12,2,True,2.0,3.0,0.0,-1.0,9,1,0.8176,0.81,0.0,4.222222222222222,0,0,0,20,6,2021-06-08 17:17:27,229,1.6,2.7,2.0,3.0,0.8432740427115679,10,0.8
40,3242,"Empathy , Emotional , Missing , Sad , Happy",2022-01-24 10:03:24,2,True,2.0,2.0,0.0,0.0,9,1,0.0,0.457,0.457,3.888888888888889,0,0,0,10,0,2021-06-08 17:17:27,229,1.6363636363636365,2.727272727272727,2.0,3.0,0.8090398349558905,11,0.8
40,3243,"Overweight , Anxiety , Emotions , Sad , Positive",2022-01-24 15:11:08,2,True,2.0,2.0,0.0,-1.0,9,1,-0.4019,0.303,0.613,4.444444444444445,0,0,0,15,0,2021-06-08 17:17:27,229,1.6666666666666667,2.6666666666666665,2.0,2.0,0.7784989441615229,12,0.6666666666666667
40,3244,"Tired , Hungry , Sad , Emotional , Jittery",2022-01-24 20:12:28,2,True,2.0,1.0,0.0,2.0,9,1,-0.6597,0.167,0.625,3.7777777777777777,0,0,0,20,0,2021-06-08 17:17:27,230,1.6923076923076923,2.6153846153846154,2.0,2.0,0.7510676161988107,13,0.6666666666666667
40,3245,"Happy , Excited , Motivation , Encourage , Tired",2022-01-25 11:00:11,2,True,2.0,3.0,0.0,0.0,9,1,0.836,0.803,0.197,4.444444444444445,0,0,0,11,1,2021-06-08 17:17:27,230,1.7142857142857142,2.5,2.0,1.0,0.7262730392025629,14,0.5714285714285714
40,3246,"Gym , Workout , Motivation , Happy , Excited",2022-01-25 15:20:00,2,True,2.0,3.0,0.0,-2.0,9,1,0.8176,0.81,0.0,4.0,0,0,0,15,1,2021-06-08 17:17:27,230,1.7333333333333334,2.533333333333333,2.0,3.0,0.7037315505489967,15,0.5714285714285714
40,3247,"Calm , Tired , Relaxed , Happy , Excited",2022-01-25 20:01:23,2,True,2.0,1.0,0.0,2.0,9,1,0.8271,0.8,0.2,3.5555555555555554,0,0,0,20,1,2021-06-08 17:17:27,231,1.75,2.5625,2.0,3.0,0.6831300510639732,16,0.5
40,3248,"Gym , Motivation , Hungry , Exhausted , Happy",2022-01-26 10:02:53,2,True,2.0,3.0,0.0,-1.0,9,1,0.5574,0.575,0.236,4.111111111111111,0,0,0,10,2,2021-06-08 17:17:27,231,1.7647058823529411,2.4705882352941178,2.0,1.0,0.6642111641550714,17,0.5
40,3249,"Hungry , Tired , Emotional , Sad , Nervous",2022-01-26 15:01:13,2,True,2.0,2.0,0.0,1.0,9,1,-0.7579,0.15,0.757,3.7777777777777777,0,0,0,15,2,2021-06-08 17:17:27,231,1.7777777777777777,2.5,2.0,3.0,0.6467616667635546,18,0.4444444444444444
40,3250,"Thoughtful , Happy , Anxiety , Motivation , Tired",2022-01-26 20:01:19,2,True,2.0,3.0,0.0,0.0,9,1,0.6249,0.654,0.346,4.555555555555555,0,0,0,20,2,2021-06-08 17:17:27,232,1.7894736842105263,2.473684210526316,2.0,2.0,0.6306035352846115,19,0.4444444444444444
40,3251,"Hungry , Excited , Motivation , Encourage , Happy",2022-01-27 10:02:22,2,True,2.0,3.0,0.0,0.0,9,1,0.8957,0.922,0.0,4.555555555555555,0,0,0,10,3,2021-06-08 17:17:27,232,1.8,2.5,2.0,3.0,0.6155870112510925,20,0.3999999999999999
40,3252,"Gym , Motivation , Energy , Excited , Sad",2022-01-27 20:06:00,2,True,2.0,3.0,0.0,0.0,9,1,0.4215,0.627,0.282,3.6666666666666665,0,0,0,20,3,2021-06-08 17:17:27,233,1.8095238095238095,2.5238095238095237,2.0,3.0,0.6015852075182383,21,0.3999999999999999
40,3253,"Hungry , EmptionL , Excited , Tired , Calm",2022-01-28 15:16:43,2,True,2.0,3.0,0.0,0.0,9,1,0.2023,0.49,0.302,3.7777777777777777,0,0,0,15,4,2021-06-08 17:17:27,233,1.8181818181818181,2.5454545454545454,2.0,3.0,0.5884898863364997,22,0.36363636363636354
40,3254,"Tired , Happy , Active , Motivational , Successful",2022-01-28 20:16:01,2,True,2.0,3.0,2.0,-1.0,9,1,0.8074,0.723,0.206,4.666666666666667,0,0,0,20,4,2021-06-08 17:17:27,234,1.826086956521739,2.5652173913043477,2.0,3.0,0.5762081310400609,23,0.36363636363636354
40,3255,"Happy , Grateful , Motivated , Energetic , Active",2022-01-29 10:01:14,2,True,4.0,2.0,-2.0,0.0,9,1,0.936,1.0,0.0,4.555555555555555,0,0,0,10,5,2021-06-08 17:17:27,234,1.8333333333333333,2.5833333333333335,2.0,3.0,0.5646597025732799,24,0.33333333333333326
40,3256,"Cold , Sore , Tired , Sad , Neutral",2022-01-29 15:02:03,2,True,2.0,2.0,0.0,-1.0,9,1,-0.8176,0.0,0.81,3.0,0,0,0,15,5,2021-06-08 17:17:27,234,1.92,2.56,4.0,2.0,0.7023769168568493,25,0.487179487179487
40,3257,"Sore , Tired , Pain , Sad , Anxiety",2022-01-29 20:01:13,2,True,2.0,1.0,0.0,1.0,9,1,-0.91,0.0,1.0,3.0,0,0,0,20,5,2021-06-08 17:17:27,235,1.9230769230769231,2.5384615384615383,2.0,2.0,0.6883648406522181,26,0.46153846153846145
40,3220,"Cold , Worried , Relaxing , Anxious , Waiting",2022-01-30 10:01:09,2,True,2.0,2.0,0.0,1.0,9,1,0.0,0.34,0.447,4.111111111111111,0,0,0,10,6,2021-06-08 17:17:27,235,1.9259259259259258,2.4814814814814814,2.0,1.0,0.6751595780557778,27,0.4505494505494505
40,3221,"Full , Excited , Mindful , Loved , Touched",2022-01-30 15:15:02,2,True,2.0,3.0,0.0,0.0,9,1,0.743,0.677,0.0,3.7777777777777777,0,0,0,15,6,2021-06-08 17:17:27,235,1.9285714285714286,2.4642857142857144,2.0,2.0,0.6626865315920033,28,0.4285714285714286
40,3222,"Upset , Angry , Mad , Emotional , Hungry",2022-01-30 20:21:25,2,True,2.0,3.0,0.0,-1.0,9,1,-0.8176,0.137,0.778,3.5555555555555554,0,0,0,20,6,2021-06-08 17:17:27,236,1.9310344827586208,2.4827586206896552,2.0,3.0,0.6508804192761097,29,0.4190476190476191
40,3223,"Happy , Excited , Anxious , Nervous , Motivation",2022-01-31 10:02:57,2,True,2.0,2.0,0.0,0.0,9,1,0.6597,0.675,0.325,4.444444444444445,0,0,0,10,0,2021-06-08 17:17:27,236,1.9333333333333333,2.5,2.0,3.0,0.639683829949492,30,0.3999999999999999
40,3224,"Hungry , Tired , Sore , Inspiring , Happy",2022-01-31 15:17:13,2,True,2.0,2.0,0.0,-1.0,9,1,0.2732,0.504,0.419,3.6666666666666665,0,0,0,15,0,2021-06-08 17:17:27,236,1.935483870967742,2.4838709677419355,2.0,2.0,0.6290460434111186,31,0.3916666666666666
40,3225,"Tired , Sore , Hungry , Motivation , Excited",2022-01-31 20:22:38,2,True,2.0,1.0,0.0,1.0,9,1,-0.1531,0.429,0.482,4.0,0,0,0,20,0,2021-06-08 17:17:27,237,1.9375,2.46875,2.0,2.0,0.6189220598177385,32,0.375
40,3226,"Hopeful , Energy , Happy , Sad , Hungry",2022-02-02 22:44:44,2,True,2.0,2.0,0.0,0.0,9,1,0.7184,0.689,0.235,3.4444444444444446,0,0,0,22,2,2021-06-08 17:17:27,239,1.9393939393939394,2.4242424242424243,2.0,1.0,0.6092717958449424,33,0.36764705882352944
40,3227,"Hungry , Tired , Emotional , Edge , Anxiety",2022-02-03 10:10:37,2,True,2.0,2.0,0.0,0.0,9,1,-0.4588,0.195,0.561,3.888888888888889,0,0,0,10,3,2021-06-08 17:17:27,239,1.9411764705882353,2.411764705882353,2.0,2.0,0.6000594147647147,34,0.3529411764705883
40,3228,"Happy , Pretty , Overjoyed , Anxiety , Excited",2022-02-03 15:01:22,2,True,2.0,2.0,0.0,1.0,9,1,0.9062,0.884,0.116,4.222222222222222,0,0,0,15,3,2021-06-08 17:17:27,239,1.9428571428571428,2.4,2.0,2.0,0.5912527648415467,35,0.34640522875817004
40,3229,"Happy , Late , Excited , Hopeful , Adventure",2022-02-03 20:13:43,2,True,2.0,3.0,0.0,0.0,9,1,0.8934,0.921,0.0,4.0,0,0,0,20,3,2021-06-08 17:17:27,240,1.9444444444444444,2.388888888888889,2.0,2.0,0.5828229059350187,36,0.3333333333333335
40,3230,"Energy , Belief ., Motivation , Active , Happy",2022-02-04 10:17:47,2,True,2.0,3.0,0.0,0.0,9,1,0.872,0.845,0.0,4.222222222222222,0,0,0,10,4,2021-06-08 17:17:27,240,1.945945945945946,2.4054054054054053,2.0,3.0,0.5747437083869039,37,0.32748538011695905
40,3231,"Happy , Respected , Hopeful , Energy , Active",2022-02-04 15:01:16,2,True,2.0,3.0,0.0,0.0,9,1,0.9313,1.0,0.0,4.111111111111111,0,0,0,15,4,2021-06-08 17:17:27,240,1.9473684210526316,2.4210526315789473,2.0,3.0,0.5669915114981467,38,0.3157894736842104
40,3232,"Happy , Excited , Motivation , Energy , Mindful",2022-02-04 20:05:32,2,True,2.0,3.0,0.0,-1.0,9,1,0.8625,0.914,0.0,4.333333333333333,0,0,0,20,4,2021-06-08 17:17:27,241,1.9487179487179487,2.4358974358974357,2.0,3.0,0.5595448314063639,39,0.31052631578947376
40,3275,I’m feeling Happy anxiety overwhelmed all at once happens when I am waiting to hear an answer but being hopeful for some good news . Also thinking postally on the news I’m waiting on with good positive results and outcome for my future .,2022-04-22 20:18:00,3,False,2.0,2.0,0.0,1.0,44,0,0.9657,0.388,0.024,4.409090909090909,2,0,0,20,4,2021-06-08 17:17:27,318,1.95,2.45,2.0,3.0,0.552384110133705,40,0.30000000000000004
40,3276,I am feeling energetic planning on attending the gym for a spin workout class . After the gym I am heading home to get ready to go to brunch with a bunch of friends . I’m very excited \ n about that .   Catching up and eating yummy food seems to be what excites me now on a Sunday,2022-04-23 10:01:00,3,False,2.0,3.0,0.0,0.0,59,0,0.9531,0.314,0.0,3.7288135593220337,3,0,1,10,5,2021-06-08 17:17:27,318,1.951219512195122,2.4390243902439024,2.0,2.0,0.5454914991177736,41,0.2952380952380953
40,3277,I’m getting ready to going to dinner with my boyfriend I’m hungry And excited to get dressed up and do my makeup .   Then we are meeting with friends for drinks in GPE   should be a fun evening,2022-04-23 15:01:00,3,False,2.0,3.0,0.0,-2.0,38,0,0.8834,0.261,0.0,4.0,2,0,0,15,5,2021-06-08 17:17:27,318,1.9523809523809523,2.4523809523809526,2.0,3.0,0.5388506717613029,42,0.2857142857142858
40,3278,Tired ! had a nice meeting friends for dinner . Then I did some shopping at ORG for a new blender to do some smoothies for breakfast on the morning . I am feeling a little hopeful loosing some weight,2022-04-23 20:00:00,3,False,2.0,1.0,0.0,2.0,40,0,0.7782,0.264,0.071,4.0,2,1,0,20,5,2021-06-08 17:17:27,319,1.9534883720930232,2.4651162790697674,2.0,3.0,0.5324466605117775,43,0.2813852813852813
40,3279,I’m feeling very excited I started planning a fun birthday week . We are going to GPE  and GPE . I am excited to be planning outfits excursions and places to see and go . This will be my first time visiting both places,2022-04-24 10:04:00,3,False,2.0,3.0,0.0,0.0,44,0,0.8476,0.231,0.0,3.9545454545454546,3,0,1,10,6,2021-06-08 17:17:27,319,1.9545454545454546,2.4318181818181817,2.0,1.0,0.5262657147648876,44,0.2727272727272727
40,3280,I’m feeling hungry . Getting dressed now to go to the grocery store . Tonight’s dinner will be lemon shrimp scampi .   After dinner we plan on watching a movie . I’m excited for dessert as well . Just looking forward to a relaxing Sunday doing pretty much nothing,2022-04-24 15:12:00,3,False,2.0,3.0,0.0,-2.0,49,0,0.886,0.251,0.0,4.346938775510204,0,0,0,15,6,2021-06-08 17:17:27,319,1.9555555555555555,2.4444444444444446,2.0,3.0,0.5202951765172061,45,0.26877470355731226
40,3281,I feel tired . I had a nice shrimp scampi dinner . Dinner was delicious . We watched reruns of tv shows after dinner .   For dessert we had special donuts with frosting . Today was a long day I am ready to go to bed and relax,2022-04-24 20:00:00,3,False,2.0,1.0,0.0,2.0,48,0,0.8934,0.295,0.059,3.6666666666666665,3,0,0,20,6,2021-06-08 17:17:27,320,1.9565217391304348,2.4565217391304346,2.0,3.0,0.5145233712057288,46,0.26086956521739135
40,3282,I’m feeling energetic . I have a spin class later on this morning .   I am hoping I get some energy after the class .   I am going to go grocery shopping for the week after the class . I like to get everything out the way,2022-04-25 10:02:00,3,False,2.0,3.0,0.0,0.0,47,0,0.8689,0.269,0.0,3.6382978723404253,5,0,0,10,0,2021-06-08 17:17:27,320,1.9574468085106382,2.425531914893617,2.0,1.0,0.508939511589525,47,0.25724637681159446
40,3283,I’m feeling hungry and tired .   I’m going to make myself a chicken salad bowl for dinner and I will prep for a few more days .   Once I’m going doing that I will take the dogs out for a walk . It’s still chilly out I look forward to warmer weather,2022-04-25 15:00:00,3,False,2.0,3.0,0.0,-2.0,52,0,-0.0516,0.079,0.062,3.7115384615384617,4,0,0,15,0,2021-06-08 17:17:27,320,1.9583333333333333,2.4375,2.0,3.0,0.5035336128708591,48,0.2500000000000002
40,3284,Tired . I had a long day cooked dinner and went to the gym with a intense workout . I got a lot done today which makes me feel good I got a lot accomplished . I’m going to walk my dog and head to bed early tonight .,2022-04-25 20:02:00,3,False,2.0,1.0,0.0,0.0,49,0,0.4939,0.161,0.066,3.4081632653061225,5,0,0,20,0,2021-06-08 17:17:27,321,1.9591836734693877,2.4489795918367347,2.0,3.0,0.498296417534675,49,0.2466666666666668
40,3285,"Not feeling well today .   I woke up to horrible stomach cramps , so today I will take An easy . During the day , because this evening we are going to a play to see pretty woman . I have not   seen this play before .",2022-04-26 10:08:00,3,False,2.0,1.0,0.0,2.0,47,0,0.6388,0.229,0.14,3.5319148936170213,3,0,1,10,1,2021-06-08 17:17:27,321,1.96,2.42,2.0,1.0,0.493219328618059,50,0.08000000000000007
40,3286,Excited I’m going with my boyfriend to see a broadway play tonight . This is my first time so I am very excited for that . First we are going to have dinner . My first time getting dressed up in a long time,2022-04-26 15:08:00,3,False,2.0,3.0,0.0,0.0,44,0,0.7755,0.181,0.0,3.7045454545454546,4,0,2,15,1,2021-06-08 17:17:27,321,1.9607843137254901,2.392156862745098,2.0,1.0,0.48829435031445906,51,0.08000000000000007
40,3287,"I’m feeling active watching a broadway play . There is an intermission . I had a nice steak dinner earlier . I going home to bed , I am so tired from all the festivities today . I really enjoyed so far . Haven’t done things like since before covid .",2022-04-26 20:50:00,3,False,2.0,3.0,0.0,-2.0,51,0,0.9161,0.355,0.071,3.9019607843137254,4,0,3,20,1,2021-06-08 17:17:27,322,1.9615384615384615,2.4038461538461537,2.0,3.0,0.48351403497842355,52,0.07692307692307687
40,3288,I didn’t sleep well last night so I am feeling very tired this morning .   Once I feel better I am going to shower and get ready to clean the upstairs .   I need to accomplish something today to feel better about myself .,2022-04-27 10:01:00,3,False,2.0,1.0,0.0,2.0,44,0,0.9097,0.362,0.065,3.9545454545454546,6,0,2,10,2,2021-06-08 17:17:27,322,1.9622641509433962,2.4150943396226414,2.0,3.0,0.47887143573130503,53,0.07692307692307687
40,3289,Feeling productive just got done cleaning the bathroom hopefully I can finish cleaning the upstairs fully spring cleaning .   Then I am cooking steak for dinner so I am excited for a yummy meal . I haven’t had steak in while so I’m already hungry for dinner .,2022-04-27 15:04:00,3,False,2.0,3.0,0.0,0.0,48,0,0.8511,0.222,0.0,4.375,4,0,2,15,2,2021-06-08 17:17:27,322,1.962962962962963,2.388888888888889,2.0,1.0,0.47436006398145397,54,0.07407407407407418
40,3290,I’m actively organizing my kitchen . From the spices to putting the plates in order and to make everything consistent . I’m getting new kitchen cabinets so I’m organizing everything until they come in .,2022-04-27 20:20:00,3,False,2.0,3.0,0.0,0.0,35,0,0.3182,0.069,0.0,4.8,1,0,1,20,2,2021-06-08 17:17:27,323,1.9636363636363636,2.4,2.0,3.0,0.4699738512677283,55,0.07407407407407418
40,3291,"Getting ready . Just got done doing my hair , I still have to do my makeup and find a outfit I actually like .   Meeting an old college friend I haven’t seen in 10 years for lunch .   I’m pretty excited about today .",2022-04-28 10:22:00,3,False,2.0,3.0,0.0,0.0,45,0,0.9153,0.308,0.0,3.7333333333333334,5,0,0,10,3,2021-06-08 17:17:27,323,1.9642857142857142,2.4107142857142856,2.0,3.0,0.4657071149157127,56,0.0714285714285714
40,3292,"Getting ready to cook dinner .   I placed an order to have the food delivered .   I am making salmon with rice and broccoli for dinner , with after dinner cocktails . Then excited to watch a movie later on tonight with a bunch of old friends .",2022-04-28 15:04:00,3,False,2.0,3.0,0.0,-1.0,48,0,0.7906,0.182,0.0,4.0,2,0,0,15,3,2021-06-08 17:17:27,323,1.9649122807017543,2.4210526315789473,2.0,3.0,0.4615545270643915,57,0.0714285714285714
40,3293,I am so exhausted from the day I had . I meal prep and went to the gym and got an amazing workout in and after went shopping at the mall got summer clothes . I had a very active day . I am on chill mode and going to bed early .,2022-04-28 20:20:00,3,False,2.0,2.0,0.0,-1.0,53,0,0.6124,0.137,0.056,3.30188679245283,5,0,2,20,3,2021-06-08 17:17:27,324,1.9655172413793103,2.4310344827586206,2.0,3.0,0.4575110866791773,58,0.06896551724137923
40,3294,I woke up not feeling well . Today I am I am feeling very lazy .   I am going to order food to be delivered . Even though I hate paying the extra fee to have delivered . After breakfast I will take a shower and just relax until I feel better and not push myself .,2022-04-29 10:00:00,3,False,2.0,1.0,0.0,1.0,57,0,-0.5018,0.108,0.205,3.5964912280701755,8,0,1,10,4,2021-06-08 17:17:27,324,1.9661016949152543,2.4237288135593222,2.0,2.0,0.4535720942168401,59,0.06896551724137923
40,3295,I’m really not doing to much right now . I’m still on bed not feeling well .   It sucks when you don’t feel good and you want to do things and you can’t . I will take an easy today and have a fresh start tomorrow . I’m going to take a bath hopefully I will feel better .,2022-04-29 15:28:00,3,False,2.0,2.0,0.0,0.0,59,0,0.8525,0.243,0.092,3.559322033898305,2,0,1,15,4,2021-06-08 17:17:27,324,1.9666666666666666,2.4,2.0,1.0,0.44973312865036946,60,0.06666666666666665
40,3296,"I am feeling a little better . My boyfriend is over he is making me homemade chicken soup , hopefully that makes me feel better .   Tomorrow I have my nieces birthday party u hope I am feeling better for that . The weather is a good so that is a good sign .",2022-04-29 20:00:00,3,False,2.0,2.0,0.0,1.0,54,0,0.9679,0.438,0.0,3.740740740740741,7,0,1,20,4,2021-06-08 17:17:27,325,1.9672131147540983,2.3934426229508197,2.0,2.0,0.44599002659828246,61,0.06666666666666665
40,3297,I am having a delicious breakfast with my best friend . I am having we are finally seeing each other .   After breakfast we are getting relaxing massages and heading to the nail salon . Fun relaxing girls day . It’s still cold so I will probably stay home tonight .,2022-04-30 10:01:00,3,False,2.0,3.0,0.0,-1.0,51,0,0.9674,0.366,0.0,4.176470588235294,4,0,1,10,5,2021-06-08 17:17:27,325,1.967741935483871,2.3870967741935485,2.0,2.0,0.44233886333428213,62,0.06451612903225801
40,3298,I’m currently waiting on triple a since my car battery’s died . The only plus to waiting around is that the weather is absolutely beautiful today . I think now we will be doing takeout for dinner versus cooking at home . Hopefully dinner is good then going home to relax .,2022-04-30 15:00:00,3,False,2.0,2.0,0.0,-1.0,52,0,0.8439,0.222,0.063,4.25,2,0,1,15,5,2021-06-08 17:17:27,325,1.9682539682539681,2.3968253968253967,2.0,3.0,0.43877593548026267,63,0.06451612903225801
40,3299,I just got home from having dinner . I am so full and tired . I woke up extremely early this morning so I am definitely feeling exhausted now . So I am going to find a good movie and probably fall asleep pretty soon .,2022-04-30 20:03:00,3,False,2.0,1.0,0.0,2.0,46,0,0.6344,0.233,0.122,3.739130434782609,5,0,4,20,5,2021-06-08 17:17:27,326,1.96875,2.390625,2.0,2.0,0.4352977452091005,64,0.0625
40,3258,I am doing a full spring cleaning today i am doing one room at a time . You never realized how quickly dirt adds up . Once I get the full spring cleaning finished I am cleaning my closet .   Sort out the close and get rid of .,2022-05-01 10:05:00,3,False,2.0,3.0,0.0,-1.0,49,0,-0.34,0.0,0.059,3.5918367346938775,5,0,0,10,6,2021-06-08 17:17:27,326,1.9692307692307693,2.3692307692307693,2.0,1.0,0.43190098580399366,65,0.0625
40,3259,Currently watching a thriller movie . Today has been a chill day not doing too much . There is a lot I have to do today and I have not done much at all . Tomorrow is a new start to the week . We shall see .,2022-05-01 15:00:00,3,False,2.0,2.0,0.0,0.0,48,0,0.1027,0.037,0.0,3.3125,2,0,0,15,6,2021-06-08 17:17:27,326,1.9696969696969697,2.378787878787879,2.0,3.0,0.4285825284387869,66,0.06060606060606055
40,3260,Currently watching a movie . The movie is pretty long . It’s almost over as long as the movie was I truly enjoyed which I normally don’t watch movies . Thinking of going to the store for dessert after the movie .,2022-05-01 20:00:00,3,False,2.0,2.0,0.0,-1.0,42,0,0.8555,0.227,0.0,4.071428571428571,2,0,0,20,6,2021-06-08 17:17:27,327,1.9701492537313432,2.373134328358209,2.0,2.0,0.42533941005911347,67,0.06060606060606055
40,3261,"I’m not really doing much right now . I just went and got myself a coffee , so I’m sitting down finishing it . After I’m don’s I may do a workout routine to keep myself busy . It’s raining today I will probably stay in .",2022-05-02 10:00:00,3,False,2.0,1.0,0.0,2.0,47,0,0.0,0.0,0.0,3.702127659574468,5,0,2,10,0,2021-06-08 17:17:27,327,1.9705882352941178,2.3676470588235294,2.0,2.0,0.42216882225762664,68,0.05882352941176472
40,3262,Driving to the car lot to pick up my boyfriend’s car we’ll he is driving . his car broke down yesterday so it’s finally fixed . Heading to dinner after getting the card in the mood for something yummy . Thinking of getting NORP tonight .,2022-05-02 15:01:00,3,False,2.0,3.0,0.0,-1.0,46,0,0.1531,0.074,0.061,4.173913043478261,1,0,1,15,0,2021-06-08 17:17:27,327,1.9710144927536233,2.347826086956522,2.0,1.0,0.4190681010483655,69,0.05882352941176472
40,3263,Getting ready to take a shower .   I have to help my friend read scripts for her acting class later on tonight . Something I don’t like to do at all but I am being a great friend helping . Not sure what I am doing tomorrow .,2022-05-02 20:00:00,3,False,2.0,2.0,0.0,0.0,48,0,0.9498,0.384,0.046,3.6458333333333335,5,0,0,20,0,2021-06-08 17:17:27,328,1.9714285714285715,2.357142857142857,2.0,3.0,0.4160347174556043,70,0.05714285714285716
40,3264,I woke up late today . I am sitting around having a coffee . I am thinking of what I want to eat for breakfast today . I am trying to go the healthy route the next couple of weeks . I am trying to loose 15 pounds for my birthday in July . If I put my mind into it I can do it .,2022-05-03 10:00:00,3,False,2.0,2.0,0.0,0.0,66,0,0.1779,0.074,0.042,3.212121212121212,10,0,0,10,1,2021-06-08 17:17:27,328,1.971830985915493,2.352112676056338,2.0,2.0,0.4130662688416089,71,0.05714285714285716
40,3265,I’m cleaning at home . I’m trying to tackle one task at a time . I’m trying to do a very deep cleaning . It’s like you start one project and you go to the next . My boyfriend is making dinner tonight . I’m happy I don’t have to do that .,2022-05-03 15:11:00,3,False,2.0,2.0,0.0,-1.0,53,0,0.7351,0.129,0.0,3.490566037735849,2,0,1,15,1,2021-06-08 17:17:27,328,1.9722222222222223,2.3472222222222223,2.0,2.0,0.41016047090569785,72,0.05555555555555558
40,3266,Just got down cooking dinner . I’m laying down relaxing .   I’m probably going to just watch a movie or show . I’m not really in the mood to do much tonight . Tomorrow I plan on doing some shopping for the house .,2022-05-03 20:01:00,3,False,2.0,1.0,0.0,1.0,44,0,0.4939,0.082,0.0,3.8181818181818183,1,0,1,20,1,2021-06-08 17:17:27,329,1.9726027397260273,2.3424657534246576,2.0,2.0,0.40731515029404,73,0.05555555555555558
40,3267,Getting ready to pick my friend up . I have to pick up my friend from the car lot and kill some time while she gets her car fixed . I am going to go to the outlets with her . Hopefully we find some good shopping finds . Then go out for lunch later .,2022-05-04 10:00:00,3,False,2.0,2.0,0.0,0.0,56,0,0.8316,0.233,0.076,3.4642857142857144,4,0,0,10,2,2021-06-08 17:17:27,329,1.972972972972973,2.324324324324324,2.0,1.0,0.40452823776585045,74,0.054054054054053946
40,3268,Just got done shopping . I’m sitting in my car finishing a coffee from ORG .   I have ally more organizing to do at home probably do that . After my boyfriend is making baked chicken dinner sounds good .,2022-05-04 15:31:00,3,False,2.0,2.0,0.0,-1.0,40,0,0.4404,0.081,0.0,4.05,3,0,0,15,2,2021-06-08 17:17:27,329,1.9733333333333334,2.32,2.0,2.0,0.4017977618671381,75,0.054054054054053946
40,3269,Getting ready to take bath . I’m so tired I did slot of errands today . After that I will probably find a good movie and go to bed early . The robot vacuum is helping me clean . I’m thankful I don’t have to do that part of cleaning .,2022-05-04 20:00:00,3,False,2.0,1.0,0.0,2.0,51,0,0.8504,0.261,0.07,3.588235294117647,4,0,1,20,2,2021-06-08 17:17:27,330,1.9736842105263157,2.3157894736842106,2.0,2.0,0.3991218430680474,76,0.05263157894736836
40,3270,I’m reading different articles on a healthy cleanse something I can actually follow through on more than an hour . After doing this I am going for a run and then I will come home to get ready for work .,2022-05-05 10:00:00,3,False,2.0,3.0,0.0,0.0,41,0,0.6369,0.14,0.0,3.951219512195122,3,0,0,10,3,2021-06-08 17:17:27,330,1.974025974025974,2.2987012987012987,2.0,1.0,0.39649868832417184,77,0.05263157894736836
40,3271,Just got done studying my new cleanse to see what I need to eat and drink and what I shouldn’t .   My boyfriend is making fish for dinner tonight . Today is day one of my cleanse and I feel great so far which is a good feeling to have starting something new .,2022-05-05 15:03:00,3,False,2.0,3.0,0.0,0.0,54,0,0.8176,0.162,0.0,3.7777777777777777,6,0,1,15,3,2021-06-08 17:17:27,330,1.9743589743589745,2.3076923076923075,2.0,3.0,0.3939265860260707,78,0.05128205128205132
40,3272,Currently looking for a pair of sneakers online . Can’t decide on the kind or color I want to jog and do every day errands in . After this I will head upstairs and prep for tomorrow and get clothes ready .,2022-05-05 20:06:00,3,False,2.0,3.0,0.0,0.0,42,0,0.7351,0.179,0.0,3.9047619047619047,2,0,0,20,3,2021-06-08 17:17:27,331,1.9746835443037976,2.3164556962025316,2.0,3.0,0.39140390130465946,79,0.05128205128205132
40,3273,I got dressed and ready for my run . I am currently having breakfast now . I think after breakfast and my run I will do some decor house shopping . I like to go to thrift stores also it’s just a long day digging to find goods .,2022-05-06 10:00:00,3,False,2.0,3.0,0.0,0.0,49,0,0.6124,0.119,0.0,3.6530612244897958,7,0,0,10,4,2021-06-08 17:17:27,331,1.975,2.325,2.0,3.0,0.3889290716632148,80,0.050000000000000044
40,3274,I’m feeling energetic I went to the gym I did a couple miles this morning . I organized the bathroom closet . Now I am getting ready to prepare dinner . It’s also Friday so that makes me happy . Not sure what I am doing tonight yet . It’s also raining .,2022-05-06 15:55:00,3,False,2.0,3.0,0.0,0.0,53,0,0.8243,0.218,0.04,3.792452830188679,6,0,1,15,4,2021-06-08 17:17:27,331,1.9753086419753085,2.3333333333333335,2.0,3.0,0.38650060290946864,81,0.050000000000000044
40,3317,I am feeling happy . I went to a charity event today . It was a lot of fun and lots of funds were raised which makes me very happy . I am so tired I am looking forward to going to bed now . I am starting vacation next week it gives me something to look forward to .,2022-08-29 20:44:14,4,False,2.0,3.0,0.0,0.0,60,0,0.8958,0.249,0.053,3.433333333333333,7,0,2,20,0,2021-06-08 17:17:27,447,1.975609756097561,2.341463414634146,2.0,3.0,0.38411706536372936,82,0.04878048780487809
40,3318,I started boxing up clothing in my house to pack . I keep catching myself over pack things I no longer need . Many sentimental memories that are just hard to throw away priceless items . I am moving along though .,2022-08-30 10:00:16,4,False,2.0,3.0,0.0,0.0,42,0,-0.0772,0.062,0.098,4.095238095238095,6,0,0,10,1,2021-06-08 17:17:27,447,1.9759036144578312,2.3493975903614457,2.0,3.0,0.3817770903211631,83,0.04878048780487809
40,3319,Just landed in GPE for vacation .   I am very happy to be in GPE although it looks like raining weather all week .   I look forward to working out outside and think nice walks on the beach .   The ocean is so beautiful here compared to back home :,2022-08-30 16:40:14,4,False,2.0,3.0,0.0,0.0,50,0,0.9358,0.263,0.0,3.84,2,0,2,16,1,2021-06-08 17:17:27,447,1.9761904761904763,2.357142857142857,2.0,3.0,0.3794793667483415,84,0.04761904761904767
40,3320,I just arrived in LOC  GPE . Just had the most delicious steak dinner .   It came with sweet potato’s . I am very tired from flying all day . I am looking forward to getting a good nights sleep . I would like to go to the beach early .,2022-08-30 20:14:29,4,False,2.0,3.0,0.0,0.0,51,0,0.8481,0.245,0.063,3.5686274509803924,4,0,1,20,1,2021-06-08 17:17:27,448,1.9764705882352942,2.364705882352941,2.0,3.0,0.3772226381959427,85,0.04761904761904767
40,3321,I very happy on vacation mode .   Went for a five mike walk today . We walked to a wonderful breakfast place on the island . Soon we will be walking back up the hotel to enjoy the sun until the rain comes . There is a lot of rain showers .,2022-08-31 10:06:29,4,False,2.0,3.0,0.0,0.0,52,0,0.8977,0.214,0.0,3.576923076923077,1,0,1,10,2,2021-06-08 17:17:27,448,1.9767441860465116,2.372093023255814,2.0,3.0,0.37500569991108157,86,0.04651162790697683
40,3322,I just went on a walk on the beach . Relaxing now . Figuring out what to do for lunch today . After lunch I most likely will take a nap I feel so tired but I am truly enjoying myself which is so important for my mind body and soul .,2022-08-31 15:28:00,4,False,2.0,3.0,0.0,0.0,52,0,0.9048,0.257,0.045,3.480769230769231,6,0,2,15,2,2021-06-08 17:17:27,448,1.9770114942528736,2.3793103448275863,2.0,3.0,0.37282739613419813,87,0.04651162790697683
40,3323,I am still enjoying vacation . Also today is my anniversary with my boyfriend . We just had the most amazing NORP dinner in LOC  . Looking forward to my pajamas and going to sleep Early again . The sun really tires you out .,2022-08-31 20:20:10,4,False,2.0,3.0,0.0,-1.0,45,0,0.8173,0.168,0.0,3.977777777777778,4,0,1,20,2,2021-06-08 17:17:27,449,1.9772727272727273,2.3863636363636362,2.0,3.0,0.37068661756671384,88,0.045454545454545414
40,3324,I just had the most amazing breakfast . We had breakfast at the hotel we were going to walk a few miles . So we decided let’s have a convent morning and stay .   I am going to try getting less sun today before I have too much .,2022-09-01 10:11:12,4,False,2.0,2.0,0.0,0.0,49,0,0.624,0.095,0.0,3.6122448979591835,3,0,1,10,3,2021-06-08 17:17:27,449,1.9775280898876404,2.393258426966292,2.0,3.0,0.36858229899685896,89,0.045454545454545414
40,3325,I’m having a aggravating day . But now I am going to relax in the pool . I had lunch a little while ago it was not the best lunch . The food was undercooked . I am looking forward to having a nice dinner . We are going to go later so we can enjoy more pool time .,2022-09-01 15:06:05,4,False,2.0,2.0,0.0,0.0,60,0,0.796,0.199,0.1,3.4,3,0,1,15,3,2021-06-08 17:17:27,449,1.9777777777777779,2.388888888888889,2.0,2.0,0.3665134170721212,90,0.04444444444444451
40,3326,I just had an amazing dinner again as the same restaurant as last night . It was that good we went back again . I’m tired the sun is very tiring . Tomorrow we are leaving in so said but it was fun . I look forward to coming back . Also getting sleep .,2022-09-01 20:05:12,4,False,2.0,2.0,0.0,-1.0,55,0,0.7814,0.164,0.036,3.581818181818182,2,0,2,20,3,2021-06-08 17:17:27,450,1.978021978021978,2.3846153846153846,2.0,2.0,0.3644789882077331,91,0.04444444444444451
40,3327,I woke up feeling tired and stressed thinking about my move . However I do look forward to decorating and starting new memories . It’s crazy to think a month from now I will be in a new home . Also I hope I find a home with a pool in it .,2022-09-02 10:00:45,4,False,2.0,1.0,0.0,1.0,53,0,-0.5106,0.093,0.163,3.509433962264151,6,0,0,10,4,2021-06-08 17:17:27,450,1.9782608695652173,2.380434782608696,2.0,2.0,0.36247806662148974,92,0.04347826086956519
40,3328,Getting dressed to go on a five mile walk . I am really starting to enough walking per day to enjoy it . I like walking to enjoy my dinner and what I am going to eat calories wise . It makes you think before having dessert and messing the diet up . It’s a hard battle to watch each day . I like the progress I have made .,2022-09-02 15:00:42,4,False,2.0,2.0,0.0,1.0,70,0,0.9231,0.246,0.057,3.6,6,0,1,15,4,2021-06-08 17:17:27,450,1.978494623655914,2.3655913978494625,2.0,1.0,0.36050974248597284,93,0.04347826086956519
40,3329,Tonight is my friends birthday . There is about 20 of us celebrating dinner tonight .   Tonight I am eating dinner and dessert . There is such a big lay out . Food makes me so happy it makes me laugh . I look forward to laughs and good times .,2022-09-02 20:15:55,4,False,2.0,3.0,0.0,0.0,51,0,0.9692,0.371,0.0,3.7450980392156863,5,0,1,20,4,2021-06-08 17:17:27,451,1.9787234042553192,2.3617021276595747,2.0,2.0,0.3585731401899837,94,0.042553191489361764
40,3330,Just had breakfast .   I am so tired for some reason today . I hate days like that where you want to do so much but you just don’t have the motivation . I’m looking forward to relaxing later on already and it’s only the morning right now . Maybe I will have a burst of energy .,2022-09-03 10:00:39,4,False,2.0,3.0,0.0,0.0,58,0,0.8036,0.217,0.079,3.7586206896551726,3,0,2,10,5,2021-06-08 17:17:27,451,1.9789473684210526,2.3684210526315788,2.0,3.0,0.35666741670163543,95,0.042553191489361764
40,3331,I’m feeling happy and positive with moving into a new home . I bought some new linens today and candles . It’s a start for the new home . Today I am meeting my friends from college for dinner I haven’t seen in 10 years looking forward to the dinner later on .,2022-09-03 15:01:02,4,False,2.0,3.0,0.0,0.0,53,0,0.8979,0.229,0.0,3.9056603773584904,4,0,0,15,5,2021-06-08 17:17:27,451,1.9791666666666667,2.375,2.0,3.0,0.3547917600261542,96,0.04166666666666674
40,3332,Currently I am very relaxed . I am enjoying the pool and jacuzzi . Looking forward to watching the ORG  and ORG  football game . ORG  is ranked number five in the country while ORG  is number two in the country .,2022-09-03 20:01:13,4,False,2.0,3.0,0.0,0.0,42,0,0.8297,0.234,0.0,3.9761904761904763,2,0,1,20,5,2021-06-08 17:17:27,452,1.9793814432989691,2.381443298969072,2.0,3.0,0.3529453877519794,97,0.04166666666666674
40,3333,I am feeling totally relaxed this beautiful morning . I had a very restful sleep last night and woke up with a great start to the day . I am getting ready to go shopping at the outlets . I am looking for a new outfit for this evening with my friends .,2022-09-04 10:03:45,4,False,2.0,3.0,0.0,0.0,53,0,0.97,0.391,0.0,3.7547169811320753,5,0,1,10,6,2021-06-08 17:17:27,452,1.9795918367346939,2.3877551020408165,2.0,3.0,0.3511275456792531,98,0.04081632653061229
40,3334,"I feel very happy . It’s a beautiful day , the sun is shining and I’m getting ready to have dinner with close friends . I haven’t seen them in awhile so there should be a lot of laughs . My cousin and his wife are coming as well . They recently had a baby girl .",2022-09-04 15:00:52,4,False,2.0,3.0,0.0,-1.0,57,0,0.9587,0.323,0.0,3.6140350877192984,3,0,2,15,6,2021-06-08 17:17:27,452,1.97979797979798,2.393939393939394,2.0,3.0,0.34933750652522977,99,0.04081632653061229
40,3335,Just relaxing . I’m sitting on my front porch waiting for my college friend to come over the house and join me in relaxing on this Labor Day weekend . It was a crazy summer but I still has a lot of fun . Not looking for to the winter .,2022-09-04 20:07:30,4,False,2.0,2.0,0.0,-1.0,51,0,0.8641,0.237,0.033,3.627450980392157,4,0,0,20,6,2021-06-08 17:17:27,453,1.98,2.4,2.0,3.0,0.34757456870156783,100,0.040000000000000036
40,3336,I’m deciding what I want to make myself for breakfast . I woke up tired today . I couldn’t sleep well last night . I ended up watching a few shows . By the time I went to bed it was almost 1am . Today is Labor Day party .,2022-09-05 10:12:07,4,False,2.0,1.0,0.0,2.0,50,0,0.296,0.142,0.067,3.44,6,0,0,10,0,2021-06-08 17:17:27,453,1.9801980198019802,2.396039603960396,2.0,2.0,0.34583805515882654,101,0.040000000000000036
40,3337,I’m currently at a Labor Day party . Enjoying time with friends and family . Since GPE you really have to enjoy times like this . It’s all almost 100 degrees today . The pool feel like a bathtub . I am fortunate to be in a pool .,2022-09-05 15:36:36,4,False,2.0,3.0,0.0,0.0,49,0,0.9616,0.391,0.0,3.693877551020408,1,0,1,15,0,2021-06-08 17:17:27,453,1.9803921568627452,2.3823529411764706,2.0,1.0,0.34412731229385,102,0.03921568627450989
40,3338,Just had an amazing dinner . We went to an NORP restaurant . I had chicken parmigiana with pasta . After dinner we had ice cream . It was really good . Tomorrow starts my diet so I ate what I wanted today . Tomorrow is a new day .,2022-09-05 21:50:23,4,False,2.0,3.0,0.0,0.0,50,0,0.7902,0.159,0.0,3.62,4,0,2,21,0,2021-06-08 17:17:27,454,1.9805825242718447,2.3883495145631066,2.0,3.0,0.342441708916029,103,0.03921568627450989
40,3339,I   organizing my clothes for the work week . I like to be organized I feel like my mornings start off better if I am prepared . After that I am going to make pancakes for breakfast . That is something I never make . It will be nice for a change .,2022-09-06 10:00:54,4,False,2.0,3.0,0.0,0.0,53,0,0.891,0.259,0.0,3.641509433962264,8,0,0,10,1,2021-06-08 17:17:27,454,1.9807692307692308,2.394230769230769,2.0,3.0,0.3407806352687308,104,0.03846153846153855
40,3340,Today I am pretty aggravated dealing with my insurance company . I have serious mold issues in my condo and the insurance company is dragging their feet in attempting to resolve the issues . I have contacted my attorney to see what my rights are .,2022-09-06 15:26:31,4,False,2.0,3.0,0.0,-1.0,46,0,0.3818,0.126,0.091,4.391304347826087,7,0,0,15,1,2021-06-08 17:17:27,454,1.980952380952381,2.4,2.0,3.0,0.3391435021024508,105,0.03846153846153855
40,3341,I am currently feeling relaxed . Finally . I had a hectic day dealing with the insurance company regarding the mold in my condo . I still need to touch base with them in the morning and try to get a resolution to the mold problem .,2022-09-06 20:00:44,4,False,2.0,2.0,0.0,0.0,47,0,0.25,0.111,0.064,3.9361702127659575,4,0,0,20,1,2021-06-08 17:17:27,455,1.9811320754716981,2.4056603773584904,2.0,3.0,0.3375297397964806,106,0.037735849056603765
40,3300,It’s been a distracting morning . My boyfriends email was hacked and our phones are ringing nonstop . It’s been one thing after another this morning . If things get better I may have motivation to go for a walk . My motivation is low to do anything at the moment .,2022-09-07 10:00:58,4,False,2.0,2.0,0.0,1.0,52,0,0.1779,0.146,0.133,4.096153846153846,3,0,0,10,2,2021-06-08 17:17:27,455,1.9813084112149533,2.4018691588785046,2.0,2.0,0.3359387975261282,107,0.037735849056603765
40,3301,I am trying to help my boyfriend who’s email was hacked . I am trying to help him . He has a old email address it’s very distracting . I hope I can get this resolved for him today . We had a long morning .,2022-09-07 15:01:07,4,False,2.0,3.0,0.0,0.0,46,0,0.644,0.234,0.116,3.4782608695652173,5,0,1,15,2,2021-06-08 17:17:27,455,1.9814814814814814,2.3981481481481484,2.0,2.0,0.3343701424727153,108,0.03703703703703698
40,3302,I am still very frustrated with the mold issue in my condo . I have never encountered anything like this . The insurance company is still dragging their feet . Hopefully this can be resolved soon as I can accumulating a huge credit card bill .,2022-09-07 20:03:41,4,False,2.0,3.0,0.0,0.0,46,0,0.3605,0.197,0.123,4.304347826086956,4,0,1,20,2,2021-06-08 17:17:27,456,1.981651376146789,2.403669724770642,2.0,3.0,0.3328232590737854,109,0.03703703703703698
40,3303,I am feeling overwhelmed this morning . My email account was hacked yesterday and I’m trying to contact as many people as possible to let them know I didn’t send those crazy emails . This is becoming a nightmare . The hackers sent disturbing emails to many of my friends .,2022-09-08 10:08:06,4,False,2.0,3.0,0.0,0.0,51,0,-0.5574,0.111,0.161,4.352941176470588,4,0,0,10,3,2021-06-08 17:17:27,456,1.981818181818182,2.409090909090909,2.0,3.0,0.33129764831112285,110,0.036363636363636376
40,3304,I’m feeling a lot better now . I hired an attorney to handle my insurance case . I am also having an early dinner with my love . He is so handsome . He ordered for me . Simply amazing . Tomorrow he has planned a wonderful day at the beach . \n .,2022-09-08 15:55:21,4,False,2.0,3.0,0.0,-1.0,54,0,0.9648,0.36,0.0,3.5555555555555554,5,0,1,15,3,2021-06-08 17:17:27,456,1.981981981981982,2.4144144144144146,2.0,3.0,0.3297928270343501,111,0.036363636363636376
40,3305,I am very anxious . I was just told by my realtor the deposit check for my home was not received . Not it’s a waiting game until tomorrow . We shall see still waiting on the adjuster to come out for the condo . It has been one thing after another this week . I am look forward to a fresh start this week .,2022-09-08 20:04:36,4,False,2.0,2.0,0.0,1.0,66,0,0.0018,0.04,0.04,3.6363636363636362,5,0,1,20,3,2021-06-08 17:17:27,457,1.9821428571428572,2.419642857142857,2.0,3.0,0.32830832731802245,112,0.03571428571428581
40,3306,Just had breakfast with my boyfriend . We have a lot to do this morning . There is still the mold issue in the condo we have to have taken care of . Hopefully today is a better day with good news . It’s been a very stressful week .,2022-09-09 10:01:16,4,False,2.0,3.0,0.0,0.0,50,0,0.7968,0.224,0.069,3.64,1,0,1,10,4,2021-06-08 17:17:27,457,1.9823008849557522,2.415929203539823,2.0,2.0,0.32684369585027495,113,0.03571428571428581
40,3307,I just went for a swim . Trying to enjoy the last few days of summer weather . I am looking forward to the cool morning and nights breezes . I hate the winter and snow . That’s something I should be to by now .,2022-09-09 15:08:06,4,False,2.0,3.0,0.0,0.0,46,0,0.2023,0.13,0.088,3.5869565217391304,4,0,0,15,4,2021-06-08 17:17:27,457,1.9824561403508771,2.4210526315789473,2.0,3.0,0.3253984933512091,114,0.03508771929824572
40,3308,Just got done cleaning . I am supposed to meet my friend tomorrow for breakfast . I am really looking forward to that hopefully tomorrow we can go somewhere else . I have to work tomorrow I am looking forward to seeing my coworkers .,2022-09-09 21:17:27,4,False,2.0,3.0,0.0,0.0,45,0,0.7096,0.144,0.0,4.2,6,0,1,21,4,2021-06-08 17:17:27,458,1.982608695652174,2.4260869565217393,2.0,3.0,0.3239722940193242,115,0.03508771929824572
40,3309,Just went to the gym had a very nice work out . I design a workout plan on which area I like to work out each time I go to the gym . I am excited I am looking forward to a transformation I have to remember it won’t happen overnight .,2022-09-10 10:03:18,4,False,2.0,3.0,0.0,0.0,52,0,0.7902,0.178,0.0,3.5,6,0,1,10,5,2021-06-08 17:17:27,458,1.9827586206896552,2.4310344827586206,2.0,3.0,0.3225646850044095,116,0.034482758620689724
40,3310,I am looking forward to the holiday gala end of summer I am going to . I did my hair and make up and I have a very pretty dress I am looking forward to a good time meeting new people and maybe new friends . Tomorrow I have to work so I will enjoy tonight .,2022-09-10 15:34:40,4,False,2.0,3.0,0.0,0.0,57,0,0.94,0.281,0.0,3.508771929824561,8,0,2,15,5,2021-06-08 17:17:27,458,1.982905982905983,2.4358974358974357,2.0,3.0,0.3211752659054143,117,0.034482758620689724
40,3311,I am feeling great tonight . We are at a fundraiser . The entertainment is a four seasons tribute group . The food and appetizers are wonderful . Can’t wait for the second act . The lead is supposed to be as great as PERSON  .,2022-09-10 20:17:43,4,False,2.0,3.0,0.0,0.0,46,0,0.9451,0.336,0.0,3.9130434782608696,1,0,0,20,5,2021-06-08 17:17:27,459,1.9830508474576272,2.440677966101695,2.0,3.0,0.3198036482919076,118,0.03389830508474567
40,3312,I woke up in a great mood today . My boyfriend and I went to breakfast I treated myself and had pancakes with chocolate chips and with cream . Later on this morning we will go for a 5 mile jog . If I have time I will go home and clean the house .,2022-09-11 10:46:04,4,False,2.0,3.0,0.0,0.0,55,0,0.7783,0.142,0.0,3.4909090909090907,7,0,0,10,6,2021-06-08 17:17:27,459,1.9831932773109244,2.4453781512605044,2.0,3.0,0.3184494552478349,119,0.03389830508474567
40,3313,I have work later on tonight I am going to the grocery store to mail prep for the week . I like to have things ready and an order to grab for work this way I am all set . I would like to also plan on going to the gym tomorrow morning and having a go to work out .,2022-09-11 15:08:16,4,False,2.0,3.0,0.0,0.0,61,0,0.7579,0.133,0.0,3.3278688524590163,5,0,0,15,6,2021-06-08 17:17:27,459,1.9833333333333334,2.45,2.0,3.0,0.3171123209363455,120,0.03333333333333344
40,3314,Today is a good day at work I have been very busy it is now slowing down .   \nI am looking forward to going home taking a shower and doing my nails later on tonight . I have a very pretty nail polish I am looking forward to using .,2022-09-11 20:03:57,4,False,2.0,3.0,0.0,0.0,50,0,0.7501,0.141,0.0,3.62,4,0,2,20,6,2021-06-08 17:17:27,460,1.9834710743801653,2.4545454545454546,2.0,3.0,0.31579189018455833,121,0.03333333333333344
40,3315,I am still working with their insurance on an insurance claim was the amount of mold in the home . There is several phone calls that I have to make today including the adjusters and the insurance . Hopefully I make some accomplishments with my phone calls today .,2022-09-12 10:03:07,4,False,2.0,3.0,0.0,-2.0,49,0,0.4019,0.06,0.0,4.387755102040816,4,0,0,10,0,2021-06-08 17:17:27,460,1.9836065573770492,2.459016393442623,2.0,3.0,0.31448781808718834,122,0.032786885245901676
40,3316,I got a lot done today . I made several phone calls to the adjuster for the mold issue at the condo hopefully I have some new news that will generate this issue . Tomorrow I am off from work I plan on relaxing .,2022-09-12 15:47:35,4,False,2.0,1.0,0.0,2.0,45,0,0.7096,0.148,0.0,3.7111111111111112,5,0,0,15,0,2021-06-08 17:17:27,460,1.983739837398374,2.4634146341463414,2.0,3.0,0.3131997696280369,123,0.032786885245901676
40,3359,I just got down cleaning up from dinner . I’m just relaxing then getting ready for working in the morning . I feel motivated because there is a lot of things to be happy about . Tomorrow I will be doing some shopping for the house .,2023-03-08 21:02:32,5,False,2.0,3.0,0.0,-1.0,47,0,0.9081,0.262,0.0,3.9574468085106385,3,0,0,21,2,2021-06-08 17:17:27,638,1.9838709677419355,2.4516129032258065,2.0,1.0,0.31192741931839385,124,0.032258064516129004
40,3360,"I am feeling somewhat active today . I really didn’t get much sleep last night . I hate nights like that .   tossing and turning . Later on , I am going for a walk on a beautiful trail or something . I am looking forward to today .",2023-03-09 10:01:16,5,False,2.0,2.0,0.0,1.0,49,0,0.6815,0.234,0.084,3.693877551020408,5,0,1,10,3,2021-06-08 17:17:27,638,1.984,2.456,2.0,3.0,0.3106704508514739,125,0.032258064516129004
40,3361,I just got home . I did some grocery shopping and doing some shopping for the house . I am going to go back to organizing my closet later on tonight . I look forward to the outcome .. I bought hangers that I desperately need it . Then his TV relaxing .,2023-03-09 16:30:30,5,False,2.0,3.0,0.0,-2.0,53,0,0.1531,0.07,0.057,3.7735849056603774,7,0,0,16,3,2021-06-08 17:17:27,638,1.9841269841269842,2.4523809523809526,2.0,2.0,0.3094285567720466,126,0.031746031746031855
40,3362,I’m getting ready for bed I had a very long day at work I have a headache . I am going to take a nice hot shower with the lavender hopefully it well these trust me and make me feel better . I still have to organize my closet tomorrow .,2023-03-09 20:13:11,5,False,2.0,1.0,0.0,0.0,51,0,0.936,0.318,0.0,3.627450980392157,7,0,1,20,3,2021-06-08 17:17:27,639,1.984251968503937,2.456692913385827,2.0,3.0,0.308201438160482,127,0.031746031746031855
40,3363,I woke up with a bad headache today . I’m just relaxing for now . I have to work later on this morning .   Tomorrow I’m off . I plan on meeting at this beautiful restaurant named ORG it’s bright and pretty . I love it there .,2023-03-10 10:04:01,5,False,2.0,1.0,0.0,2.0,48,0,0.9395,0.344,0.067,3.6666666666666665,4,0,0,10,4,2021-06-08 17:17:27,639,1.984375,2.4453125,2.0,1.0,0.3069888043304706,128,0.03125
40,3364,At work it’s been a very busy day . I served a very nice family . I love meeting new people and interacting . That’s the best part of my job . I am looking forward to being home before the major snowstorm later on this evening .,2023-03-10 15:12:04,5,False,2.0,3.0,0.0,0.0,48,0,0.9145,0.251,0.0,3.7708333333333335,4,0,2,15,4,2021-06-08 17:17:27,639,1.9844961240310077,2.434108527131783,2.0,1.0,0.30579037253972613,129,0.03125
40,3365,"I just got home from work . I am very tired . I had a very long day . I am going to go home . Give my dog a bath and go to sleep early .. \ntomorrow I am furniture shopping for the house . I love shopping for furniture , so I’m very excited about that ..",2023-03-10 20:07:48,5,False,2.0,3.0,0.0,0.0,59,0,0.6077,0.137,0.061,3.3220338983050848,7,0,4,20,4,2021-06-08 17:17:27,640,1.9846153846153847,2.4384615384615387,2.0,3.0,0.3046058677130166,130,0.03076923076923066
40,3366,I just took a shower and got dressed . I am currently getting ready for work . I am still trying to organize my room . I keep pulling out more pens which means more stuff . Then relaxing hopefully when this is done .\ nHope to have the organization done by the end of this weekend .,2023-03-11 10:08:38,5,False,2.0,3.0,0.0,-1.0,58,0,0.8255,0.161,0.0,3.8793103448275863,5,0,0,10,5,2021-06-08 17:17:27,640,1.984732824427481,2.4427480916030535,2.0,3.0,0.3034350221769064,131,0.03076923076923066
40,3367,I just got home from work . \nI am going to go grocery shopping . There is nothing in the house . I will also go to ORG  . I wanted to look at the grills after that I’m going home and going to sleep . I had a long day .,2023-03-11 16:03:19,5,False,2.0,2.0,0.0,1.0,52,0,0.0,0.0,0.0,3.2115384615384617,4,0,0,16,5,2021-06-08 17:17:27,640,1.9848484848484849,2.446969696969697,2.0,3.0,0.3022775754056305,132,0.030303030303030276
40,3368,I just got home a little while ago from doing errands . I am looking forward to relaxing and not doing much . I having McDonald’s for dinner tonight . I am so looking forward to yummy fast food . I got a Big Mac and nuggets . Also some fries .,2023-03-11 20:27:04,5,False,2.0,3.0,0.0,0.0,52,0,0.765,0.151,0.0,3.6923076923076925,5,0,1,20,5,2021-06-08 17:17:27,641,1.9849624060150375,2.443609022556391,2.0,2.0,0.3011332737775509,133,0.030303030303030276
40,3369,I had a very busy morning trying to book my flights for PERSON . I’m going in may to a bachelor party . I’m very excited . I’m going to go to work soon . Then come back and relax the rest of this Sunday . I like to relax on sundays especially in the morning .,2023-03-12 11:19:27,5,False,2.0,3.0,0.0,0.0,57,0,0.9134,0.246,0.0,3.56140350877193,3,0,2,11,6,2021-06-08 17:17:27,641,1.9850746268656716,2.4477611940298507,2.0,3.0,0.30000187034168035,134,0.029850746268656803
40,3370,I’m at ORG  having a coffee . My car is giving me problems . I need to bring it to my mechanic as soon as possible and have them analysis the problems . The car keeps skipping especially when I try to accelerate . I’m afraid the it’s going to shut down on me and I’ll have to get a tow .,2023-03-12 15:48:01,5,False,2.0,3.0,0.0,-2.0,62,0,-0.4588,0.042,0.093,3.629032258064516,6,0,0,15,6,2021-06-08 17:17:27,641,1.9851851851851852,2.4518518518518517,2.0,3.0,0.2988831245937834,135,0.029850746268656803
40,3371,"I just got done cleaning . I clean the house thoroughly today . I I am so tired . I cannot wait to go to bed . I am off of work tomorrow in the morning . I am going walking . We are getting a bad snow storm . I hope it’s not as bad as they say it is , I do not want to deal with us now . Just happy I don’t have to drive in it .",2023-03-12 21:59:50,5,False,2.0,1.0,0.0,2.0,82,0,-0.3946,0.124,0.159,3.0121951219512195,10,0,1,21,6,2021-06-08 17:17:27,642,1.9852941176470589,2.4558823529411766,2.0,3.0,0.2977768022615959,136,0.02941176470588225
40,3372,"I am getting ready to go to the grocery store . We are expecting a huge storm . It’s also very cold out , so I am pretty sure the snow will happen . You never know if I will or will not come then I plan on doing some errands . Nothing crazy I just want to make sure I have food in the house because we will be stuck home for a couple days .",2023-03-13 10:03:16,5,False,2.0,3.0,0.0,0.0,77,0,0.9046,0.21,0.044,3.4285714285714284,6,0,2,10,0,2021-06-08 17:17:27,642,1.9854014598540146,2.4452554744525545,2.0,1.0,0.29668267509872476,137,0.02941176470588225
40,3373,I just went to the grocery store . I bought stuff to make chicken soup for the storm for the evening . I am hungry now I am going to ask my boyfriend what he wants to have for lunch . Hopefully he would suggest cooking some thing it’s pretty cold out so I’m not doing much .,2023-03-13 15:06:51,5,False,2.0,3.0,0.0,-2.0,58,0,0.7096,0.109,0.0,3.7413793103448274,5,0,1,15,0,2021-06-08 17:17:27,642,1.9855072463768115,2.449275362318841,2.0,3.0,0.29560052068681886,138,0.02898550724637672
40,3374,"I am relaxing , watching TV with my boyfriend . We went to the grocery store and bought food for the storm . We also picked up his car today which was fixed . We were both relieved to have an extra vehicle back . Just relaxing the rest of the night . Not much to do it’s very cold .",2023-03-13 20:05:57,5,False,2.0,1.0,0.0,2.0,61,0,0.8402,0.153,0.0,3.639344262295082,2,0,1,20,0,2021-06-08 17:17:27,643,1.985611510791367,2.4532374100719423,2.0,3.0,0.2945301222456199,139,0.02898550724637672
40,3375,The snow and I’m coming . I am happy I don’t have to work today . I am going to shovel my driveway . I know it’s weird but I like to shovel as I got to work out . It’s very cold and windy . Today is a better cold snow day . I am just happy to be home tomorrow I have to work so I will relax as much as I can today .,2023-03-14 10:09:18,5,False,2.0,3.0,0.0,-2.0,77,0,0.9608,0.257,0.018,3.103896103896104,11,0,2,10,1,2021-06-08 17:17:27,643,1.9857142857142858,2.442857142857143,2.0,1.0,0.2934712684505264,140,0.02857142857142847
40,3376,I’m just organizing I’m not leaving . The house is still snowing . The snow is gone bad but there is some flurries is stuck a little bit . There was a lot of cancellations today because of the weather I don’t like driving in bad weather so I will just stay home . Probably organize stuff .,2023-03-14 15:54:34,5,False,2.0,1.0,0.0,0.0,58,0,-0.7391,0.056,0.165,4.0,2,0,1,15,1,2021-06-08 17:17:27,643,1.9858156028368794,2.4468085106382977,2.0,3.0,0.2924237532573205,141,0.02857142857142847
40,3377,Still relaxing still snowing out .   I’m going to be taking a shower and go to bed soon .   I’m hungry but instead of snacking I’m going to exercise a little bit . I have an event the end of the month I like to be prepared for .   So I will be watching what I eat the next two weeks .,2023-03-14 20:10:16,5,False,2.0,1.0,0.0,1.0,62,0,0.7717,0.138,0.0,3.5,4,0,1,20,1,2021-06-08 17:17:27,644,1.9859154929577465,2.436619718309859,2.0,1.0,0.2913873757337289,142,0.028169014084507005
40,3378,I woke up feeling very anxious . I am having issues with the heat in my house . The heater is making very loud and banging sounds throughout the night . It is very hard to have a good sleep . I might take a nap early tonight before I go to work that is pretty much at .,2023-03-15 10:08:13,5,False,2.0,2.0,0.0,1.0,59,0,0.5594,0.139,0.073,3.5762711864406778,5,0,3,10,2,2021-06-08 17:17:27,644,1.986013986013986,2.4265734265734267,2.0,1.0,0.29036193989750453,143,0.028169014084507005
40,3379,I had a very busy day . I am on break having a boost bowl which is a protein bowl . It’s good and healthy . I am meeting an old friend . From college later on . It’s very cold out there’s not much I would like to do in the cold weather . Other than eat and watch a really good movie .,2023-03-15 15:03:09,5,False,2.0,3.0,0.0,-1.0,65,0,0.906,0.238,0.035,3.3846153846153846,4,0,3,15,2,2021-06-08 17:17:27,644,1.9861111111111112,2.423611111111111,2.0,2.0,0.2893472545607332,144,0.02777777777777768
40,3380,I just got home and I started cooking dinner . I mean pasta with homemade sauce with meatballs . I am going to go organize my closet again . I made a lot of progress . I am tired . I will be going to sleep soon . The hour change really messed me up .,2023-03-15 20:01:13,5,False,2.0,2.0,0.0,1.0,56,0,-0.4201,0.06,0.121,3.482142857142857,9,0,1,20,2,2021-06-08 17:17:27,645,1.986206896551724,2.4275862068965517,2.0,3.0,0.28834313318008337,145,0.02777777777777768
40,3381,I’m at the gym right now I just finished a spin class I plan on going to the gym three times a week it feels really good once your hair and getting a workout in . I am leaving soon . Then heading to work i kinda have a busy day today . But happy I went to the gym !,2023-03-16 10:05:44,5,False,2.0,3.0,0.0,0.0,61,0,0.8146,0.139,0.0,3.360655737704918,5,1,1,10,3,2021-06-08 17:17:27,645,1.9863013698630136,2.4246575342465753,2.0,2.0,0.28734939371273444,146,0.027397260273972712
40,3382,"I had a very busy day I went to the gym . I am feeling very active , so I am getting as much done as possible today and when I get home from work , I am hoping to have a good dinner and I am really been doing good on my diet , so I want to keep up the good work .",2023-03-16 15:15:37,5,False,2.0,3.0,0.0,-1.0,65,0,0.9406,0.292,0.0,3.0615384615384613,9,0,5,15,3,2021-06-08 17:17:27,645,1.9863945578231292,2.4285714285714284,2.0,3.0,0.28636585847772894,147,0.027397260273972712
40,3383,I just got home . I’m ready to go to bed . I am very tired . I am also hungry too . I got some pictures to hang up in my room . I look forward to doing that maybe II just got home . I’m ready to go to bed . I am very tired . I am also hungry to . I got some pictures to hang up in my room . I look forward to doing that maybe over the weekend . For now I am just relaxing till until bed .,2023-03-16 20:13:35,5,False,2.0,2.0,0.0,1.0,96,0,0.2057,0.098,0.076,3.0520833333333335,12,0,2,20,3,2021-06-08 17:17:27,646,1.9864864864864864,2.4324324324324325,2.0,3.0,0.28539235402251056,148,0.027027027027026973
40,3342,I feel very active today . I have been moving around furniture since 6 o’clock in the morning . I don’t mind it because I feel like it’s a good work out . I have to go to work later on for now I am just relaxing until then it’s still very cold out .,2023-03-17 10:23:01,5,False,2.0,3.0,0.0,0.0,55,0,0.8908,0.229,0.0,3.5454545454545454,6,0,2,10,4,2021-06-08 17:17:27,646,1.9865771812080537,2.4295302013422817,2.0,2.0,0.2844287109944189,149,0.027027027027026973
40,3343,I just did my hair and make up I’m getting ready for work and felt good to do my make up and make myself feel pretty . I figured why not . It’s the weekend so I didn’t . I am going to dye my hair later on tonight and needs to be done so bad I look forward to doing it .,2023-03-17 15:28:38,5,False,2.0,3.0,0.0,0.0,63,0,0.4782,0.136,0.071,3.2857142857142856,9,0,2,15,4,2021-06-08 17:17:27,646,1.9866666666666666,2.433333333333333,2.0,3.0,0.28347476401692595,150,0.026666666666666616
40,3344,I had a busy night at work . I don’t feel the greatest . I’m looking forward to going home and going to sleep early tonight . Tomorrow I have a baby shower I plan on attending \n . Doing errands for the house that’s about it .,2023-03-17 20:06:28,5,False,2.0,3.0,0.0,0.0,48,0,0.6369,0.104,0.0,3.7291666666666665,4,0,0,20,4,2021-06-08 17:17:27,647,1.9867549668874172,2.437086092715232,2.0,3.0,0.282530351570409,151,0.026666666666666616
40,3345,I’m out having breakfast with my boyfriend . I trying to be healthy but it’s so hard when you have yummy breakfast choices . Today I’m going to do some stuff around the house . There is slot to do you .   My bf is going to the store later to make steaks on the grill .,2023-03-18 10:00:53,5,False,2.0,3.0,0.0,0.0,57,0,0.6311,0.114,0.041,3.6842105263157894,3,0,1,10,5,2021-06-08 17:17:27,647,1.986842105263158,2.4407894736842106,2.0,3.0,0.2815953158772626,152,0.026315789473684292
40,3346,"Cooking on the grill tonight we decided on having filet mignon , shrimp peppers and onions and potatoes . afterwards we will relax and watch a movie . We decided to stay home tonight and not do much .   I am very happy .",2023-03-18 17:20:16,5,False,2.0,3.0,0.0,0.0,44,0,0.7841,0.165,0.0,3.977272727272727,1,0,1,17,5,2021-06-08 17:17:27,648,1.9869281045751634,2.4444444444444446,2.0,3.0,0.28066950279116826,153,0.026315789473684292
40,3347,"Currently , I am planning a trip with my boyfriend to GPE . We are both trying to see what dates work best with our schedule . \nWe are going in April . I can’t wait . It’s so cold \nin GPE . It’s spring but it’s very cold and windy and makes it feel like winter .",2023-03-18 20:12:32,5,False,2.0,3.0,0.0,0.0,58,0,0.705,0.113,0.0,3.5689655172413794,3,0,2,20,5,2021-06-08 17:17:27,648,1.9870129870129871,2.448051948051948,2.0,3.0,0.27975276169034036,154,0.025974025974025983
40,3348,"I am going to go to ORG and buy some dishes , glasses , and silverware for the house . \nThen we will go look for a patio furniture . I’m not sure which work I would like to go with their as many options . probably which is more affordable .",2023-03-19 10:02:47,5,False,2.0,3.0,0.0,-1.0,52,0,0.1376,0.055,0.043,3.6538461538461537,2,0,0,10,6,2021-06-08 17:17:27,648,1.9870967741935484,2.4516129032258065,2.0,3.0,0.2788449453745848,155,0.025974025974025983
40,3349,I am relaxing eating and watching tv . Just having a small snack . I am planning what to have for dinner . Not sure what to have I am craving NORP food . However I would have to stay away from the carbs . Trying to stay good on my diet .,2023-03-19 15:01:01,5,False,2.0,2.0,0.0,1.0,53,0,0.6295,0.13,0.042,3.490566037735849,5,0,0,15,6,2021-06-08 17:17:27,648,1.9871794871794872,2.4551282051282053,2.0,3.0,0.2779459099660078,156,0.02564102564102555
40,3350,I’m getting ready for bed . I had a very long day I organize a lot and I did a lot of moving around the house so my body is sore and tired . I died my hair jet black my favorite color for my hair . I love it for the spring time I was very nice tomorrow I have work and nothing much going on .,2023-03-19 21:05:44,5,False,2.0,3.0,0.0,0.0,68,0,0.5849,0.186,0.131,3.3088235294117645,11,0,3,21,6,2021-06-08 17:17:27,649,1.9872611464968153,2.4522292993630574,2.0,2.0,0.27705551481322427,157,0.02564102564102555
40,3351,I woke up early and went to the gym . I had a hour workout that had a protein shake before I came home . I then went to the park to take my dogs for a walk . I had a very active morning . Heading to work soon hopefully the day goes by fast .,2023-03-20 10:09:48,5,False,2.0,3.0,0.0,0.0,57,0,0.6115,0.12,0.036,3.245614035087719,6,0,1,10,0,2021-06-08 17:17:27,649,1.9873417721518987,2.4556962025316458,2.0,3.0,0.2761736223989202,158,0.025316455696202445
40,3352,I’m getting ready to hang up photos of my room . I just went shopping for home decor . I am thinking of what designs I will like to design the house while there is many options . I don’t know if I want floral or leopard print . It,2023-03-20 15:39:50,5,False,2.0,3.0,0.0,0.0,50,0,0.6486,0.142,0.0,3.62,6,0,0,15,0,2021-06-08 17:17:27,649,1.9874213836477987,2.459119496855346,2.0,3.0,0.2753000982506319,159,0.025316455696202445
40,3353,I am doing a little online shopping for a house . I love somebody designs . I love the silver mero work and Crystal requests and glamour . I am going for this is the first time I ever decorated my life . My mom has always done it .,2023-03-20 20:37:23,5,False,2.0,3.0,0.0,0.0,50,0,0.9153,0.252,0.0,3.64,7,0,0,20,0,2021-06-08 17:17:27,650,1.9875,2.4625,2.0,3.0,0.27443481085460897,160,0.02499999999999991
40,3354,I am currently moving furniture around . I am returning a piece of furniture I ordered . And decided to buy something now . It’s very hard of decorating a house and happy stressful . Today I am going to dinner with my brother-in-law and sister-in-law . That should be a lot of fun .,2023-03-21 10:02:28,5,False,2.0,3.0,0.0,0.0,55,0,0.4601,0.14,0.1,4.1454545454545455,5,0,1,10,1,2021-06-08 17:17:27,650,1.9875776397515528,2.4658385093167703,2.0,3.0,0.27357763157263865,161,0.02499999999999991
40,3355,I am at the nail salon getting my nails done . Very relaxing and soothing . I love getting beauty treatments done . I’m going to get my eye lashes done sometime this week . I also have to start saving money .,2023-03-21 15:00:46,5,False,2.0,3.0,0.0,0.0,43,0,0.9332,0.312,0.0,3.86046511627907,5,0,1,15,1,2021-06-08 17:17:27,650,1.9876543209876543,2.4691358024691357,2.0,3.0,0.2727284345617086,162,0.024691358024691468
40,3356,I had dinner with brother and sister and law . We had a delicious dinner at a new NORP restaurant . I was very statistics with my meal .   I would definitely eat there again . I look forward to new restaurants . I like NORP the most for different flavors .,2023-03-21 20:27:54,5,False,2.0,3.0,0.0,-1.0,52,0,0.836,0.198,0.0,3.9038461538461537,6,0,1,20,1,2021-06-08 17:17:27,651,1.9877300613496933,2.4723926380368098,2.0,3.0,0.27188709669639743,163,0.024691358024691468
40,3357,I just took a shower . I am trying to organize the house before I leave for the day . I am going to take my dogs for a walk . Spring is here so I am trying to enjoy the beautiful weather . We have weed in months for . It’s close by a lot better than the snow .,2023-03-22 10:00:53,5,False,2.0,2.0,0.0,1.0,61,0,0.8689,0.185,0.022,3.278688524590164,6,0,1,10,2,2021-06-08 17:17:27,651,1.9878048780487805,2.475609756097561,2.0,3.0,0.2710534974938823,164,0.024390243902439046
40,3358,Heading to work now . I hope a nice day is to come . I also hope that I am very busy and I make very good money today and meet lovely people tomorrow I am off . I am looking forward to being off from work and relaxing . it’s still pretty cold out went through some stuff around the house .,2023-03-22 15:01:40,5,False,2.0,3.0,0.0,0.0,63,0,0.9682,0.333,0.0,3.6031746031746033,6,0,2,15,2,2021-06-08 17:17:27,651,1.9878787878787878,2.4727272727272727,2.0,2.0,0.27022751904145936,165,0.024390243902439046
40,3398,"Today is a cold summer day . I am working to find a wedding dress to wear to my friends weekend wedding . I am not feeling my best weight wise so it’s not fun shopping when you feel that way . However , if they give me motivation to start my diet this last week and exercise something I have not been consistent work for sometime now .",2023-06-22 10:35:44,6,False,2.0,3.0,0.0,0.0,69,0,0.2255,0.124,0.111,3.869565217391304,7,0,1,10,3,2021-06-08 17:17:27,743,1.9879518072289157,2.4759036144578315,2.0,3.0,0.2694090459264818,166,0.024096385542168752
40,3399,"I am currently taking a break . I got a lot done earlier today organizing and finding a dress for the wedding . I am happy . I found some thing he says it was very stressful not knowing what to wear . I just have to figure out what shoes I should wear to the wedding that one girl with the dress . After work , I like to buy a pocketbook and accessories .",2023-06-22 15:05:38,6,False,2.0,3.0,0.0,-1.0,76,0,0.3832,0.096,0.055,3.6842105263157894,7,0,1,15,3,2021-06-08 17:17:27,743,1.9880239520958083,2.4790419161676644,2.0,3.0,0.2685979651686151,167,0.024096385542168752
40,3400,I just got home . I am going to take a shower and relax . I feel like I had a very long day and I has been busy . Tomorrow I am off . I am looking forward to doing a lot of errands . I am going on a cruise next month to celebrate my birthday . I hope I can find some dresses for air up and dress and a nice NORP style .,2023-06-22 20:27:22,6,False,2.0,2.0,0.0,1.0,77,0,0.93,0.228,0.0,3.155844155844156,11,0,1,20,3,2021-06-08 17:17:27,744,1.9880952380952381,2.482142857142857,2.0,3.0,0.2677941661543251,168,0.023809523809523725
40,3401,I am currently organizing a bunch of dresses I no longer want . I am saying to myself . When was the last time you were any of this effort has been more than two years . I am putting it in my donation pile . Sometimes keeping old clothes could be pressure .,2023-06-23 10:23:07,6,False,2.0,3.0,0.0,0.0,54,0,-0.4767,0.028,0.094,3.7777777777777777,6,0,0,10,4,2021-06-08 17:17:27,744,1.9881656804733727,2.4792899408284024,2.0,2.0,0.266997540573508,169,0.023809523809523725
40,3402,My friend dropped off Chick-fil-A for me to have for lunch . It was so good and tasty . I feel like taking a nap now I am messed up on my diet but it’s OK . I am thinking of a diet plan that would be the easiest for my lifestyle changes very hard at times .,2023-06-23 15:04:41,6,False,2.0,3.0,0.0,0.0,58,0,0.8773,0.232,0.063,3.4482758620689653,7,0,2,15,4,2021-06-08 17:17:27,744,1.988235294117647,2.4823529411764707,2.0,3.0,0.2662079823581831,170,0.0235294117647058
40,3403,I just got home . My cousin invited me to dinner to celebrate her birthday . I just have to get ready . The weather is crappy it’s maintained me feeling lazy like I don’t want to do anything it’s pretty cold also .,2023-06-23 20:02:45,6,False,2.0,3.0,0.0,0.0,44,0,0.765,0.295,0.122,3.8863636363636362,6,0,0,20,4,2021-06-08 17:17:27,745,1.9883040935672514,2.4853801169590644,2.0,3.0,0.26542538762316775,171,0.0235294117647058
40,3404,I had a busy morning . I took my dog for a walk down and saw it raining so we had to hurry back home . I am going to go get a coffee right now . It is very much needed after this morning . That rain isn’t helping it’s making me tired . today my friend from GPE  is coming to visit and a wedding this weekend .,2023-06-24 10:07:31,6,False,2.0,3.0,0.0,0.0,70,0,0.3612,0.087,0.047,3.414285714285714,6,0,2,10,5,2021-06-08 17:17:27,745,1.9883720930232558,2.488372093023256,2.0,3.0,0.264649654608659,172,0.023255813953488413
40,3405,Trying to see what time my friend will be coming today from GPE  . Tomorrow is the wedding and I haven’t felt good about myself so I hate dressing up . I think it’s giving me anxiety thinking about it . Monday is the gold tournament after work .,2023-06-24 15:18:29,6,False,2.0,3.0,0.0,0.0,49,0,0.2637,0.164,0.124,4.0,6,0,1,15,5,2021-06-08 17:17:27,745,1.9884393063583814,2.491329479768786,2.0,3.0,0.26388068362465217,173,0.023255813953488413
40,3406,I just got home . I am very tired . I am sitting on the deck enjoying the sunlight a little longer until it gets dark . I am probably going to go to bed early tonight . Tomorrow is the wedding so I have to prepare myself for a long day tomorrow .,2023-06-24 20:03:39,6,False,2.0,3.0,0.0,0.0,54,0,0.0534,0.073,0.069,3.574074074074074,6,0,2,20,5,2021-06-08 17:17:27,746,1.9885057471264367,2.4942528735632186,2.0,3.0,0.26311837699712354,174,0.02298850574712641
40,3407,I just got out of the shower . I am getting dressed . I have to pick my friend up from the train station this morning . There is a lot we have to do yet . I still have to find a pair of shoes for the wedding . The wedding is until 5 PM but until then it will be a rush all day .,2023-06-25 10:06:39,6,False,2.0,3.0,0.0,0.0,67,0,0.2732,0.039,0.0,3.1641791044776117,5,0,0,10,6,2021-06-08 17:17:27,746,1.9885714285714287,2.4971428571428573,2.0,3.0,0.26236263901591583,175,0.02298850574712641
40,3408,"Getting ready to drive for the wedding . We are going to look for somewhere to use the bathroom . Before we started driving the drivers over an hour long , we go pick up our friend on the way . I should be a fun night and a long night ahead of us .",2023-06-25 15:16:01,6,False,2.0,3.0,0.0,0.0,55,0,0.8402,0.17,0.0,3.5272727272727273,1,0,0,15,6,2021-06-08 17:17:27,746,1.9886363636363635,2.5,2.0,3.0,0.2616133758842587,176,0.022727272727272707
40,3409,I’m currently at my friends wedding we just had dinner . Now we are dancing . After the wedding we are going to the hotel to continue to have some fun . It’s a very beautiful acceptance and beautiful day . I am very happy to be here .,2023-06-25 20:27:20,6,False,2.0,3.0,0.0,0.0,49,0,0.9721,0.38,0.0,3.795918367346939,2,0,2,20,6,2021-06-08 17:17:27,747,1.9887005649717515,2.5028248587570623,2.0,3.0,0.2608704956698679,177,0.022727272727272707
40,3410,I am taking an easy today . I really don’t feel my greatest . The weather is off that’s why I feel not well . We are going to a golf tournament later on today . For a charity . I hope I feel better later on today .,2023-06-26 15:00:43,6,False,2.0,3.0,0.0,-1.0,49,0,0.9311,0.33,0.038,3.3877551020408165,6,0,1,15,0,2021-06-08 17:17:27,747,1.9887640449438202,2.50561797752809,2.0,3.0,0.2601339082575624,178,0.022471910112359605
40,3411,"I am currently feeling full . I just had dinner at a charity event . The food was amazing . They had pasta , fish , boneless short ribs , and filet . They also had all kinds of desserts . Ice cream , cake , donuts , and apple pie .",2023-06-26 20:00:56,6,False,2.0,2.0,0.0,1.0,52,0,0.7964,0.192,0.0,3.4615384615384617,2,0,0,20,0,2021-06-08 17:17:27,748,1.988826815642458,2.5083798882681565,2.0,3.0,0.25940352530334454,179,0.022471910112359605
40,3412,I am getting ready to leave for work . I just walked . My dog is still raining outside and it is so cold for a summer . I am looking forward to going on my cruise and a few weeks . This is some thing I have planned for a long time . I’m excited for new adventures and new people to meet .,2023-06-27 10:03:48,6,False,2.0,3.0,0.0,0.0,65,0,0.7269,0.129,0.021,3.4461538461538463,6,0,1,10,1,2021-06-08 17:17:27,748,1.988888888888889,2.5055555555555555,2.0,2.0,0.258679260189892,180,0.022222222222222143
40,3413,I have I have had a busy day . I ran around all morning . I went to the gym then I came back home and worked out again . I’ll before work .. tonight my friend is visiting from out of town . I haven’t seen her in 15 years . I can’t wait to see her after so long .,2023-06-27 15:16:34,6,False,2.0,3.0,0.0,0.0,62,0,0.4939,0.064,0.0,3.2419354838709675,8,0,1,15,1,2021-06-08 17:17:27,748,1.988950276243094,2.5082872928176796,2.0,3.0,0.25796102798340803,181,0.022222222222222143
40,3414,"I am sitting outside , relaxing . I just got home from work . Tomorrow is another busy day for me . I have a lot of things to do in the morning before I go to work . I look forward to the weekend I am off I have been on the constant go with barely any sleep .",2023-06-27 20:10:17,6,False,2.0,3.0,0.0,-1.0,60,0,0.4939,0.066,0.0,3.3333333333333335,8,0,0,20,1,2021-06-08 17:17:27,749,1.989010989010989,2.510989010989011,2.0,3.0,0.2572487453917828,182,0.0219780219780219
40,3415,Today is another rainy day . I wanted to take my dog for a walk today but I couldn’t . I have to go to work later on tonight so I will do what I can in the house until then . Today is a very gloomy day . I don’t feel like doing anything . I am looking forward to the weekend of being off and doing nothing . I want one weekend to relax .,2023-06-28 10:08:32,6,False,2.0,2.0,0.0,1.0,77,0,0.646,0.106,0.072,3.3896103896103895,9,0,2,10,2,2021-06-08 17:17:27,749,1.989071038251366,2.5136612021857925,2.0,3.0,0.2565423307240186,183,0.0219780219780219
40,3416,"I don’t feel great today . I woke up feeling a little while say and as a day is going on I feel worse . I hope I feel better later . If I don’t feel better , I will go home sick . I hate when I don’t feel my greatest . Still looking forward to the weekend .",2023-06-28 15:10:28,6,False,2.0,3.0,0.0,0.0,60,0,0.8126,0.3,0.164,3.3,10,0,0,15,2,2021-06-08 17:17:27,749,1.9891304347826086,2.510869565217391,2.0,2.0,0.2558417038508736,184,0.021739130434782705
40,3417,I just got home . I still don’t feel that great . I will be going to bed early after I meal prep my food . I can’t wait for the weekend to come . I just need time to myself and relax . Tomorrow I work . The weather is supposed to be nice .,2023-06-28 20:05:58,6,False,2.0,3.0,0.0,0.0,56,0,0.8689,0.201,0.0,3.2857142857142856,9,0,0,20,2,2021-06-08 17:17:27,750,1.9891891891891893,2.5135135135135136,2.0,3.0,0.25514678616668257,185,0.021739130434782705
40,3418,I’m getting ready to leave for work . Today is another rainy day this summer hasn’t been that great at all . I am looking forward to the weekend I am off . Tomorrow I work a double but it’s OK because I have that weekend off Saturday I am getting together for brunch with my friends to celebrate a friends birthday .,2023-06-29 10:04:44,6,False,2.0,3.0,0.0,0.0,63,0,0.9694,0.318,0.033,4.031746031746032,6,0,0,10,3,2021-06-08 17:17:27,750,1.989247311827957,2.5161290322580645,2.0,3.0,0.2544575005523108,186,0.021505376344086002
40,3419,I had a very busy day . Work had been very busy . I am in a happy mood bc I’m off this weekend . Hopefully the weather stays nice and sunny I hate when it rains . 8 am also hoping did nice weather on the cruise ship . Westbound hard to judge .,2023-06-29 15:10:11,6,False,2.0,3.0,0.0,0.0,55,0,0.91,0.305,0.088,3.4363636363636365,3,0,2,15,3,2021-06-08 17:17:27,750,1.9893048128342246,2.518716577540107,2.0,3.0,0.2537737713392045,187,0.021505376344086002
40,3420,I had a busy day . Before I went to work I went to ORG  to pick up a new dining set for outside . It was a lot of work to pack and put together . It is a beautiful set . I look forward to using it . Hopefully I will have a pool this summer . I really want One . We shall see how this goes .,2023-06-29 21:05:50,6,False,2.0,3.0,0.0,0.0,71,0,0.8016,0.143,0.0,3.084507042253521,6,0,1,21,3,2021-06-08 17:17:27,751,1.9893617021276595,2.521276595744681,2.0,3.0,0.2530955242744969,188,0.02127659574468077
40,3421,"Hey sorry packing and organizing for my cruise . It has been a busy morning . There is a lot I have to do yet , so I am not sure what to pack or brain that’s like once you’re there or you were there and there is no turning back on the stuff that you forgot to pack . I am looking forward to work . I am off this weekend . It has been a long week .",2023-06-30 10:02:32,6,False,2.0,3.0,0.0,0.0,80,0,-0.3017,0.036,0.082,3.35,5,0,1,10,4,2021-06-08 17:17:27,751,1.9894179894179893,2.5238095238095237,2.0,3.0,0.25242268648713584,189,0.02127659574468077
40,3422,Just a busy day . I just don’t feel the greatest that is what is making the day longer . I am off this week int which is making me happy . I am happy to just to just relax . So I won’t be doing too much this weekend .,2023-06-30 15:45:57,6,False,2.0,3.0,0.0,0.0,51,0,0.9382,0.282,0.0,3.2745098039215685,5,0,1,15,4,2021-06-08 17:17:27,751,1.9894736842105263,2.526315789473684,2.0,3.0,0.2517551864549957,190,0.021052631578947434
40,3423,"I am getting ready to go home from work . I had a very long week , but I am very excited . I am off this weekend . I am not sure exactly what I have planned , but it should be exciting that I am off and then I have the cruise the plan for .",2023-06-30 20:07:36,6,False,2.0,3.0,0.0,0.0,58,0,0.799,0.188,0.048,3.1551724137931036,8,0,2,20,4,2021-06-08 17:17:27,752,1.9895287958115184,2.5287958115183247,2.0,3.0,0.2510929539729422,191,0.021052631578947434
40,3384,I went for a walk this morning with my boyfriend . After the walk we went for breakfast . We are now deciding what to have for a late lunch . For some reason I am hungry again even though I had breakfast .,2023-07-01 11:51:41,6,False,2.0,3.0,0.0,0.0,44,0,0.0,0.0,0.0,3.6818181818181817,4,0,0,11,5,2021-06-08 17:17:27,752,1.9895833333333333,2.53125,2.0,3.0,0.25043592012181487,192,0.02083333333333326
40,3385,I just got home a little weekend . I go as the Fourth of July . So everywhere I go is extremely busy . There are so lots of traffic and people out today traveling . I am going to have a small barbecue at my house later on today .,2023-07-01 15:03:58,6,False,2.0,3.0,0.0,0.0,51,0,0.0,0.0,0.0,3.5098039215686274,5,0,3,15,5,2021-06-08 17:17:27,752,1.9896373056994818,2.533678756476684,2.0,3.0,0.24978401723829918,193,0.02083333333333326
40,3386,I have some friends over we are making pizzas on the pizza over . My boyfriend keeps over and under cooking . The pizza . It’s a lot of fun . It’s a present I bought for fathers days . I’m excited to eat some good pizza like GPE  .,2023-07-01 20:40:15,6,False,2.0,3.0,0.0,0.0,50,0,0.9217,0.289,0.0,3.62,3,0,0,20,5,2021-06-08 17:17:27,753,1.9896907216494846,2.536082474226804,2.0,3.0,0.24913717888565626,194,0.020618556701030855
40,3387,I just got to ORG  . With my boyfriend .\ nWe are going to have breakfast and then we are going back to the house to do some organizing the weekend went by too fast already . Back to work tomorrow I go .,2023-07-02 10:41:15,6,False,2.0,3.0,0.0,0.0,44,0,0.0,0.0,0.0,3.6136363636363638,3,0,0,10,6,2021-06-08 17:17:27,753,1.9897435897435898,2.5384615384615383,2.0,3.0,0.2484953398252819,195,0.020618556701030855
40,3388,I am currently relaxing . I am watching reruns of forensic files that is my favorite TV show so I am very excited that there is refunds in new episodes today that I have not seen . Tomorrow we are meeting for some friends for a picnic . That’s about it because I am ORG .,2023-07-02 15:48:33,6,False,2.0,3.0,0.0,0.0,56,0,0.9053,0.226,0.0,3.857142857142857,6,0,2,15,6,2021-06-08 17:17:27,753,1.989795918367347,2.5408163265306123,2.0,3.0,0.2478584359890685,196,0.020408163265306145
40,3389,I lost power at my house earlier . The power is back on it was stressful with it being out earlier . A transformation blew . Tomorrow is back to work for me my time off went by so quickly . I love being off in the summer .,2023-07-02 22:00:59,6,False,2.0,3.0,0.0,0.0,49,0,-0.0314,0.093,0.116,3.5510204081632653,5,0,1,22,6,2021-06-08 17:17:27,754,1.9898477157360406,2.5431472081218276,2.0,3.0,0.2472264044525402,197,0.020408163265306145
40,3390,I am getting ready to go to work . I am tired from the weekend . Today should be busy with the holiday . Tomorrow I am going to a barbecue with family and friends I am looking forward to that . I love spending time with love ones .,2023-07-03 10:20:42,6,False,2.0,3.0,0.0,0.0,50,0,0.93,0.317,0.055,3.64,5,0,0,10,0,2021-06-08 17:17:27,754,1.9898989898989898,2.5454545454545454,2.0,3.0,0.24659918340874068,198,0.02020202020202011
40,3391,Getting ready to have dinner with my boyfriend . He is making steak on the grill . I am excited for the dinner he is cooking . I love having sex on the grill . We are also going to have dessert later on . I found his vanilla bean ice cream in the freezer upstairs that we didn’t know we had .,2023-07-03 17:00:48,6,False,2.0,3.0,0.0,0.0,63,0,0.8442,0.151,0.0,3.6507936507936507,4,0,0,17,0,2021-06-08 17:17:27,754,1.9899497487437185,2.5477386934673367,2.0,3.0,0.2459767121428434,199,0.02020202020202011
40,3392,"I am getting ready to go home soon . We are going to have a few burgers even though PERSON is so holiday tomorrow so we are going to celebrate . Then weather doesn’t look too bad , so I’m not sure how busy tomorrow will be but tonight was very busy after the party . I am going to go home and go to sleep . Today was a long day .",2023-07-03 20:33:17,6,False,2.0,3.0,0.0,0.0,73,0,0.7213,0.14,0.055,3.5205479452054793,2,0,4,20,0,2021-06-08 17:17:27,755,1.99,2.55,2.0,3.0,0.24535893100746428,200,0.020000000000000018
40,3393,I have had a very busy morning . I took my dog out for a walk . It is the Fourth of July . It was supposed to rain all day but it has been sunny and muggy . I have a very busy day once I go into work . The fourth as I know where they this week of the year . .,2023-07-04 11:08:22,6,False,2.0,3.0,0.0,0.0,65,0,0.5719,0.07,0.0,3.0,6,0,2,11,1,2021-06-08 17:17:27,755,1.9900497512437811,2.5522388059701493,2.0,3.0,0.2447457813986542,201,0.020000000000000018
40,3394,I had a busy day so far . Work was very busy . I am happy to be leaving soon . I’m starving I can’t wait to go home and have some left overs from the picnic we went to yesterday . The rain ruined lots of plans .,2023-07-04 16:10:01,6,False,2.0,3.0,0.0,0.0,49,0,-0.235,0.085,0.126,3.326530612244898,3,0,2,16,1,2021-06-08 17:17:27,755,1.99009900990099,2.5544554455445545,2.0,3.0,0.24413720573254583,202,0.01980198019801982
40,3395,"I am having a very sad morning . My old coworker has passed away . I haven’t seen him for sometime , but it makes me so sad to lose love ones today I am going to take a slow . I do have to work later today . Just very sad . very busy but help me get through the day today .",2023-07-05 10:00:50,6,False,2.0,3.0,0.0,0.0,64,0,-0.6783,0.139,0.219,3.28125,7,0,4,10,2,2021-06-08 17:17:27,756,1.9901477832512315,2.5566502463054186,2.0,3.0,0.24353314742263849,203,0.01980198019801982
40,3396,I am having lunch with my boyfriend . It was a nice surprise lunch . I am having lobster rolls I am so excited to have lobster . Later on today we are going shopping . I have some final things to do before my cruise which I \ n So excited for .,2023-07-05 15:30:37,6,False,2.0,3.0,0.0,0.0,54,0,0.8788,0.231,0.0,3.537037037037037,7,0,2,15,2,2021-06-08 17:17:27,756,1.9901960784313726,2.5588235294117645,2.0,3.0,0.24293355085769608,204,0.019607843137254832
40,3397,"I just got home a little while ago . I am very tired . Today was a long exhausting day . Tomorrow my friend is coming over to visit . I haven’t seen in a long time so I am very excited to see her . Will probably make pizza on the pizza oven , which is a very fun .",2023-07-05 20:24:28,6,False,2.0,3.0,0.0,0.0,61,0,0.6195,0.173,0.101,3.3442622950819674,5,0,4,20,2,2021-06-08 17:17:27,757,1.9902439024390244,2.5609756097560976,2.0,3.0,0.2423383613802425,205,0.019607843137254832
41,3537,I’ve been feeling slightly unmotivated and tired . I’ve fell out of my exercise routine and diet which may be a huge factor .   It’s my last week of school though so it’s been very busy . I’m getting out of bed now though and starting the day !,2021-05-15 13:48:21,1,False,1.0,1.0,2.0,2.0,49,0,-0.3039,0.078,0.103,3.9591836734693877,2,1,2,13,5,2021-05-15 13:48:21,0,2.0,1.0,2.0,1.0,0.0,0,0.0
41,3538,I’ve been feeling good . It’s finals week so lots of studying but otherwise trying to enjoy the things in front of me . Should I drink less s ? Probably . Love this survey but 200 characters is a lot ... like 200 characters is actually so many !,2021-05-16 14:48:33,1,False,3.0,3.0,0.0,0.0,50,0,0.9471,0.307,0.0,3.92,2,1,2,14,6,2021-05-15 13:48:21,1,1.0,1.0,1.0,1.0,0.0,1,0.0
42,3826,"About to head into a Saturday night dinner shift . I ' m looking forward to being of service , not looking forward to the guests who don ' t know how to fine out and plan to treat me like their slave rather than their host .",2021-06-12 17:04:25,1,False,4.0,3.0,0.0,-2.0,48,0,0.7184,0.163,0.0,3.6875,2,0,0,17,5,2021-06-12 17:04:25,0,2.0,1.0,2.0,1.0,0.0,0,0.0
42,3827,"Energized , ready for my last shift of the week . Grateful that I have 2 days in a row off and that I have a job that pays as well as it does . Hopefully tonight will be smooth and by the numbers , that the kitchen performs well and that the guests are easy going .",2021-06-13 17:11:43,1,False,4.0,1.0,0.0,0.0,58,0,0.9485,0.312,0.0,3.586206896551724,3,0,0,17,6,2021-06-12 17:04:25,1,4.0,3.0,4.0,3.0,0.0,1,0.0
42,3828,I am off today and tomorrow . I spoke with my therapist for my weekly session which is always great because I get to unpack my mind which helps me find balance and a place of calm contentment . Tonight I plan to make dinner with my daughter and her husbsnd and open a nice bottle of wine and relax with all the dogs .,2021-06-14 17:02:42,1,False,4.0,1.0,0.0,0.0,65,0,0.9451,0.256,0.0,3.8923076923076922,9,0,0,17,0,2021-06-12 17:04:25,1,4.0,2.0,4.0,1.0,0.0,2,0.0
42,3829,I am having dinner with my family . The rest of this field will be jabbering .\ n ' Xxxxxxxxxxxxxxxxxxxxxxxxcxxxxxxxxxxcccccccccxxxgycdthxdibvdyic astonished sorority idiosyncrasies conscription PERSON auctions PERSON,2021-06-14 22:03:40,1,False,4.0,1.0,0.0,0.0,27,0,0.3818,0.106,0.0,7.074074074074074,2,0,0,22,0,2021-06-12 17:04:25,2,4.0,1.6666666666666667,4.0,1.0,0.0,3,0.0
43,3990,"Pretty good just turned 50 yesterday . I think I am running   on adrenalin . Lately I have been feeling a bit run down . When I go to work at the hotel to bartend sometimes I do feel like , I don ' t have the energy to deal with people being extra !",2021-06-08 12:08:16,1,False,0.0,1.0,4.0,1.0,55,0,0.8883,0.258,0.0,3.5090909090909093,6,1,0,12,1,2021-06-08 12:08:16,0,2.0,1.0,2.0,1.0,0.0,0,0.0
43,3991,"I feel a bit rundown . I go into work tonight , not feeling to excited about it . I just don ' t feel like dealing with hard to please people tonight . But , I will go in and put my best foot forward , because sometimes people just need their bartender to be on their game to listen to them .",2021-06-10 12:01:20,1,False,4.0,2.0,-1.0,0.0,64,0,0.8072,0.161,0.068,3.578125,5,0,0,12,3,2021-06-08 12:08:16,1,0.0,1.0,0.0,1.0,0.0,1,0.0
43,3992,"In the past 24 hours I have been feeling a bit tired and run down . Pulled a double so my body is feeling a bit worn down . And I am tired and sleepy , really feel like I just need to rest . Hoping I feel better tomorrow .",2021-06-12 12:30:48,1,False,3.0,2.0,0.0,0.0,51,0,0.3566,0.227,0.158,3.372549019607843,5,0,2,12,5,2021-06-08 12:08:16,4,2.0,1.5,4.0,2.0,2.8284271247461903,2,4.0
43,3993,I haven ' t been to work in a few days I ' ve been on vacation   so the drink count is because of the vacation . I really needed the getaway . Sometimes the work can be mentally and physically draining . But I do love being able to talk to people when they come through the bar .,2021-06-13 13:25:05,1,False,3.0,2.0,0.0,0.0,60,0,0.7783,0.11,0.0,3.6333333333333333,4,0,2,13,6,2021-06-08 12:08:16,5,2.3333333333333335,1.6666666666666667,3.0,2.0,2.081665999466133,3,3.5
44,4057,"Sunburned , Tired , Busy , Content , Happy",2021-06-11 14:09:06,1,True,4.0,1.0,-2.0,1.0,9,1,0.2023,0.385,0.302,3.7777777777777777,0,0,0,14,4,2021-06-11 14:09:06,0,2.0,1.0,2.0,1.0,0.0,0,0.0
44,4058,"Tired , Itchy , Sick , Neutral , Calm",2021-06-15 17:48:01,1,True,2.0,2.0,0.0,1.0,9,1,-0.7184,0.198,0.716,3.2222222222222223,0,0,0,17,1,2021-06-11 14:09:06,4,4.0,1.0,4.0,1.0,0.0,1,0.0
44,4059,"Stressed , Tired , Busy , Irritated , Overwhelmed",2021-06-17 13:05:42,1,True,2.0,3.0,1.0,-2.0,9,1,-0.7964,0.114,0.79,4.555555555555555,0,0,0,13,3,2021-06-11 14:09:06,5,3.0,1.5,2.0,2.0,1.4142135623730951,2,-2.0
44,4060,"Stressed , Tired , Content , Happy , Annoyed",2021-06-18 13:56:38,1,True,3.0,1.0,0.0,0.0,9,1,-0.4939,0.294,0.627,4.0,0,0,0,13,4,2021-06-11 14:09:06,6,2.6666666666666665,2.0,2.0,3.0,1.1547005383792515,3,-2.0
45,4572,"Stressed , Happy , Exhausted , Foggy , Drained",2021-05-04 12:38:00,1,True,0.0,1.0,0.0,0.0,9,1,-0.4019,0.306,0.612,4.222222222222222,0,0,0,12,1,2021-05-04 12:38:00,0,2.0,1.0,2.0,1.0,0.0,0,0.0
45,4573,"Nauseated , Tired , Stressed",2021-05-05 15:12:00,1,True,0.0,1.0,2.0,1.0,5,1,-0.6486,0.0,0.841,4.8,0,0,0,15,2,2021-05-04 12:38:00,1,0.0,1.0,0.0,1.0,0.0,1,0.0
45,4574,"Defeated , Loved , Spent",2021-05-06 13:20:36,1,True,2.0,2.0,1.0,0.0,5,1,0.2023,0.487,0.388,4.0,0,0,0,13,3,2021-05-04 12:38:00,2,0.0,1.0,0.0,1.0,0.0,2,0.0
45,4575,"Tired , Happy , Love , Motivated , Insightful",2021-05-07 12:14:50,1,True,3.0,2.0,-2.0,-1.0,9,1,0.8402,0.736,0.196,4.111111111111111,0,0,0,12,4,2021-05-04 12:38:00,2,0.6666666666666666,1.3333333333333333,2.0,2.0,1.1547005383792517,3,1.0
45,4576,"Exhausted , Stressed , Foggy , Loved",2021-05-08 12:28:39,1,True,1.0,1.0,0.0,2.0,7,1,0.0,0.398,0.5,4.285714285714286,0,0,0,12,5,2021-05-04 12:38:00,3,1.25,1.5,3.0,2.0,1.5,4,2.5
45,4577,"Happy , Sick , Tired , Stressed , Jittery",2021-05-09 22:32:52,1,True,1.0,3.0,3.0,-1.0,9,1,-0.5994,0.278,0.647,3.6666666666666665,0,0,0,22,6,2021-05-04 12:38:00,5,1.2,1.4,1.0,1.0,1.3038404810405297,5,2.0
45,4578,"Happy , Loved , Excited , Silly",2021-05-10 12:00:36,1,True,4.0,2.0,-4.0,-1.0,7,1,0.8779,1.0,0.0,3.5714285714285716,0,0,0,12,0,2021-05-04 12:38:00,5,1.1666666666666667,1.6666666666666667,1.0,3.0,1.1690451944500122,6,1.0
45,4579,"Stressed , Hopeless , Sick , Jittery , Exhausted",2021-05-12 22:40:30,1,True,0.0,1.0,2.0,1.0,9,1,-0.8807,0.0,0.918,4.444444444444445,0,0,0,22,2,2021-05-04 12:38:00,8,1.5714285714285714,1.7142857142857142,4.0,2.0,1.511857892036909,7,1.5833333333333335
45,4565,"Bloated , Foggy , Broke , Stressed , Picked on",2021-05-13 14:57:55,1,True,2.0,2.0,-1.0,-1.0,10,1,-0.6369,0.0,0.565,3.7,0,0,0,14,3,2021-05-04 12:38:00,9,1.375,1.625,0.0,1.0,1.5059406173077154,8,0.25
45,4566,"Angry , Sad , Annoyed , Stressed , Defeated",2021-05-14 19:34:05,1,True,1.0,1.0,1.0,1.0,9,1,-0.926,0.0,1.0,3.888888888888889,0,0,0,19,4,2021-05-04 12:38:00,10,1.4444444444444444,1.6666666666666667,2.0,2.0,1.4240006242195884,9,0.3500000000000001
45,4567,"Relieved , Annoyed , Angry , Unheard",2021-05-15 13:49:20,1,True,2.0,2.0,-1.0,-1.0,7,1,-0.5106,0.274,0.621,4.285714285714286,0,0,0,13,5,2021-05-04 12:38:00,11,1.4,1.6,1.0,1.0,1.349897115421106,10,0.40000000000000013
45,4568,"Fat , Disrnchanted , Unheard , Joking , Rushed",2021-05-16 19:32:58,1,True,1.0,1.0,3.0,0.0,9,1,0.2263,0.322,0.0,4.222222222222222,0,0,0,19,6,2021-05-04 12:38:00,12,1.4545454545454546,1.6363636363636365,2.0,2.0,1.2933395813657267,11,0.4666666666666668
45,4569,"Validated , Excited , Nervous , Anxious , Sweaty",2021-05-17 17:49:16,1,True,4.0,1.0,-2.0,2.0,9,1,0.0516,0.457,0.436,4.444444444444445,0,0,0,17,0,2021-05-04 12:38:00,13,1.4166666666666667,1.5833333333333333,1.0,1.0,1.2401124093721454,12,0.5
45,4570,"Sunny , Warm , Happy , Light , Ambitious",2021-05-18 17:57:31,1,True,2.0,3.0,-1.0,-2.0,9,1,0.8885,0.92,0.0,3.5555555555555554,0,0,0,17,1,2021-05-04 12:38:00,14,1.6153846153846154,1.5384615384615385,4.0,1.0,1.3867504905630728,13,0.8333333333333333
45,4571,"Annoyed , Discouraged , Loved",2021-05-21 16:41:53,1,True,1.0,1.0,1.0,1.0,5,1,-0.1027,0.424,0.576,5.0,0,0,0,16,4,2021-05-04 12:38:00,17,1.6428571428571428,1.6428571428571428,2.0,3.0,1.3363062095621219,14,0.1428571428571428
45,4593,Very stressed out about money and my bills . I feel very disenchanted . I feel tired and depressed and stuck and unsure what to do next . I feel uneasy about the future and uncertain about everything .   I don’t know how many words you are looking for here but it won’t let me send my feelings .,2022-01-25 11:06:44,2,False,2.0,2.0,2.0,-1.0,59,0,-0.8166,0.0,0.225,3.983050847457627,7,0,2,11,1,2021-05-04 12:38:00,265,1.6,1.6,1.0,1.0,1.2983506020002014,15,0.0535714285714286
45,4594,"I am feeling calm and relaxed .   Still stressed about money and jobs , but tomorrow is a new day .   Maybe I’ll take control of my life instead of letting it control me .   But we will see .    Also , why are these sentences so long ?   Sheesh . I keep adding on so it will accept my 200 characters . \n",2022-01-25 17:33:05,2,False,4.0,1.0,-4.0,0.0,64,0,0.7503,0.175,0.029,3.59375,5,0,2,17,1,2021-05-04 12:38:00,266,1.625,1.625,2.0,2.0,1.2583057392117916,16,0.5
45,4595,I am currently pretty tired .   I was cleaning my room and my entire metal rolling rack snapped into pieces .   And I don’t have enough clothes to warrant that .   Stupid cheap shit .   Now I have a giant mess in my room and not a spot to put it .,2022-01-25 20:02:34,2,False,0.0,1.0,1.0,0.0,52,0,-0.8481,0.062,0.24,3.6153846153846154,7,0,0,20,1,2021-05-04 12:38:00,266,1.7647058823529411,1.588235294117647,4.0,1.0,1.3476559169863187,17,0.7361111111111112
45,4596,I am feeling like it is super duper cold out and that probably means that I won’t have a lot of customers at the bar tonight .   But I hope I am wrong because I desperately need that cash . And I am going to keep my fingers crossed .,2022-01-26 10:03:21,2,False,1.0,1.0,0.0,0.0,50,0,-0.0644,0.183,0.148,3.64,7,0,0,10,2,2021-05-04 12:38:00,266,1.6666666666666667,1.5555555555555556,0.0,1.0,1.3719886811400708,18,0.4444444444444444
45,4597,I am currently at work and there is not a customer in sight .   This makes me feel super concerned as to whether or not I will be able to put gas in my car this evening when I leave work .   And that is stressful .,2022-01-26 15:15:37,2,False,1.0,1.0,0.0,0.0,47,0,0.1027,0.086,0.099,3.4893617021276597,5,0,0,15,2,2021-05-04 12:38:00,267,1.631578947368421,1.5263157894736843,1.0,1.0,1.3420765964144055,19,0.3555555555555556
45,4598,I am feeling pretty ok because all of my customers were very kind to me when tipping me .   That made me feel better .   I made everyone laugh which made me smile .   But it’s still difficult to think about money .,2022-01-26 21:08:31,2,False,1.0,1.0,0.0,0.0,43,0,0.7224,0.292,0.071,3.86046511627907,7,0,1,21,2,2021-05-04 12:38:00,267,1.6,1.5,1.0,1.0,1.3138933706635727,20,0.40000000000000013
45,4599,"I am currently feeling tired .   I went to bed and slept well until my dog , PERSON , decided it was playtime at five in the morning .   That was fun . Little bugger .   Haha .   I mean , he always gets his way . That’s how it’s supposed to be .",2022-01-27 10:22:26,2,False,1.0,1.0,-1.0,2.0,54,0,0.6929,0.198,0.06,3.4074074074074074,4,0,0,10,3,2021-05-04 12:38:00,267,1.5714285714285714,1.4761904761904763,1.0,1.0,1.2873006086935783,21,0.3272727272727274
45,4600,I am in a humongous fight with my fiancé .   He is incarcerated and has not called .   It is super stressful to have limits on times of important conversations .   It definitely has added so many layers of stress and frustration .   I love him .   But he can be a very evil human with his words .   I can too .   But not this time .,2022-01-27 20:01:21,2,False,0.0,3.0,2.0,-1.0,68,0,-0.7986,0.121,0.21,3.6911764705882355,4,0,2,20,3,2021-05-04 12:38:00,268,1.5454545454545454,1.4545454545454546,1.0,1.0,1.2621701918020376,22,0.18181818181818188
45,4601,I am feeling very nervous about driving in the snow .   It is about to be a blizzard and I drive an hour to get to work .   I am sitting here with a coworker bitching about the weather and we both are feeling ready to leave .,2022-01-28 15:05:58,2,False,2.0,2.0,-2.0,-1.0,48,0,-0.0498,0.122,0.126,3.625,3,0,1,15,4,2021-05-04 12:38:00,269,1.4782608695652173,1.5217391304347827,0.0,3.0,1.2745610730183763,23,0.045454545454545414
45,4602,"I am feeling very defeated .   Today work was busy for the servers but slow for me .   I ended up leaving in the middle of the snow storm .    I got home just fine , but I am just feeling very awful .    Nothing seems to be going right .",2022-01-28 20:45:45,2,False,0.0,1.0,0.0,0.0,51,0,-0.5324,0.109,0.139,3.4705882352941178,5,0,2,20,4,2021-05-04 12:38:00,269,1.5,1.5416666666666667,2.0,2.0,1.2510864843424485,24,0.16666666666666652
45,4603,I am feeling tired and cold .   Today is a blizzard and I was supposed to work a double .   So that means no money for me .   This is the fifth Saturday in a row something has happened to make it so that I was unable to work .   Sucks .,2022-01-29 11:48:07,2,False,0.0,1.0,2.0,2.0,52,0,-0.7479,0.032,0.17,3.4038461538461537,4,0,2,11,5,2021-05-04 12:38:00,269,1.44,1.52,0.0,1.0,1.260952021291849,25,0.04487179487179471
45,4604,Well it is still snowing so I am feeling a little bit homebound .   My neighbor came over on his four wheeler and plowed me out and I helped shoveling but the snow is over my knees so it was a bit taxing .   I feel accomplished though .   And now my dad doesn’t have to worry .,2022-01-29 16:14:22,2,False,2.0,3.0,-1.0,-2.0,58,0,0.2357,0.122,0.069,3.689655172413793,7,0,2,16,5,2021-05-04 12:38:00,270,1.3846153846153846,1.5,0.0,1.0,1.2673412508688597,26,-0.4615384615384617
45,4605,I am feeling exhausted .   I have been shoveling and making things with my neighbor for the majority of the day .   I am currently watching a new show and I think I may become obsessed .   So that’s fun .   A purpose is always fun .,2022-01-29 20:01:15,2,False,1.0,1.0,2.0,2.0,47,0,0.6659,0.202,0.098,3.7872340425531914,6,0,1,20,5,2021-05-04 12:38:00,270,1.4074074074074074,1.5555555555555556,2.0,3.0,1.248360748503636,27,-0.40109890109890123
45,4606,"I am feeling like I really need to get some things accomplished today .   I should have used yesterday , while being snowed in , as an excuse to do stuff .   But I did not .   So today I need to get my ass in gear .",2022-01-30 10:30:19,2,False,3.0,3.0,0.0,0.0,48,0,-0.3919,0.142,0.111,3.375,6,0,2,10,6,2021-05-04 12:38:00,270,1.3928571428571428,1.5357142857142858,1.0,1.0,1.227441956515157,28,-0.5
45,4607,"I am currently feeling extremely frustrated .   I am being accused of things that are not true , and then having to argue my way out of them being fact .   It is the weirdest situation .   I am literally arguing a version of me that is not actually real .    My fiancé thinks I am a heathen .   And that is just not ever going to be the truth .",2022-01-30 16:39:18,2,False,3.0,3.0,-2.0,-1.0,71,0,-0.8939,0.055,0.224,3.704225352112676,7,0,1,16,6,2021-05-04 12:38:00,271,1.4482758620689655,1.5862068965517242,3.0,3.0,1.2417213540816097,29,-0.3761904761904762
45,4608,I am feeling frustrated because my fiancé is still calling me out of my name .   It is impossible to defend oneself over nonsense that someone else is portraying as fact .   He’s an asshole .   And I feel like punching him in the probates .   But he’s in jail .   So I can’t .,2022-01-30 20:01:05,2,False,1.0,2.0,1.0,0.0,55,0,-0.2617,0.061,0.083,3.8545454545454545,6,0,1,20,6,2021-05-04 12:38:00,271,1.5,1.6333333333333333,3.0,3.0,1.2525835370311151,30,-0.20000000000000018
45,4609,I am feeling a little tired .   I could not sleep last night at all .   I think I finally fell asleep around 6 in the morning and got up at 8 : 30 .   Not all that ideal .   Today I am going to consign some clothes and hit the bank .,2022-01-31 10:35:59,2,False,2.0,2.0,-1.0,0.0,53,0,-0.5971,0.035,0.126,3.2641509433962264,5,0,0,10,0,2021-05-04 12:38:00,271,1.4838709677419355,1.6451612903225807,1.0,2.0,1.2348000578213862,31,-0.2250000000000001
45,4610,"I am feeling extremely defeated .    I drive almost an hour away to sell my brand new clothing , hoping to make maybe like $50 .    They took one hoodie , a pair of sweats and a jacket and gave me seven dollars and sixty three cents .   That’s not even enough to cover the gas it took one way !   Ugh .   I am so broke .",2022-01-31 15:15:15,2,False,1.0,2.0,-1.0,-1.0,68,0,-0.5828,0.104,0.147,3.5441176470588234,5,1,2,15,0,2021-05-04 12:38:00,272,1.5,1.65625,2.0,2.0,1.2181424250644648,32,-0.25
45,4611,"I am currently feeling defeated .   Like , not one thing can ever go my way .   I think that’s why I just am so defeatist - because - when I try my best - I am always always always disappointed .   I am such a positive human to the rest of the world - I wish that they could see how badly I truly struggle daily .",2022-01-31 20:41:52,2,False,0.0,1.0,0.0,0.0,68,0,0.3201,0.243,0.211,3.5294117647058822,10,0,1,20,0,2021-05-04 12:38:00,272,1.4848484848484849,1.6666666666666667,1.0,2.0,1.2021130386015109,33,-0.2720588235294117
45,4580,"I am feeling very tired today .   It is a rainy day and it’s melting the blizzard down to a manageable level , but it is foggy and the air is thick .   It is one of those chicken soup and a book type of days .   But I have to work .   Hopefully I make one million dollars .",2022-02-03 10:22:03,2,False,0.0,1.0,2.0,1.0,60,0,0.3723,0.092,0.062,3.433333333333333,3,0,1,10,3,2021-05-04 12:38:00,274,1.4411764705882353,1.6470588235294117,0.0,1.0,1.2108393400069135,34,-0.6470588235294117
45,4581,I am getting ready to walk into work .   It is still raining .   Apparently it is not supposed to stop until Saturday but turn into ice sleet and snow .   I hate winter .   Hopefully tonight will be lucrative .   Sayin a prayer to the bartender gods .,2022-02-03 15:14:54,2,False,2.0,2.0,-2.0,-1.0,49,0,-0.0788,0.141,0.106,3.938775510204082,2,0,0,15,3,2021-05-04 12:38:00,275,1.4,1.6285714285714286,0.0,1.0,1.2175191748701417,35,-0.7091503267973855
45,4582,I am feeling exhausted .   It was an ok night but the customers were so needy !   Hahah .   I am never satisfied .   My fiancé hasn’t called me all day - and the one time he did i had 4 customers sit and like 3 drink tickets come thru so I had to be brief and that sucked .   Waiting for him to call me back at present .   Just pulled into my driveway .   I’m beat .   All encompassing .,2022-02-03 22:04:06,2,False,0.0,1.0,3.0,0.0,82,0,-0.8448,0.078,0.169,3.5365853658536586,8,1,2,22,3,2021-05-04 12:38:00,275,1.4166666666666667,1.6388888888888888,2.0,2.0,1.2041594578792294,36,-0.5
45,4583,I am currently at work and I am feeling ok .   I really am ready to go home .   It is icky out and I only have two customers .   I guess it could be worse .   I could have none .   I am feeling ready to go .   I am feeling broke .   But tomorrow is another day .   Full \ nOf promise .   (Insert sarcasm here),2022-02-04 15:05:06,2,False,3.0,1.0,-3.0,2.0,68,0,0.4173,0.207,0.108,3.2941176470588234,8,0,1,15,4,2021-05-04 12:38:00,276,1.3783783783783783,1.6216216216216217,0.0,1.0,1.2099437854561526,37,-0.5614035087719298
45,4584,"I am about to have a video chat with my incarcerated fiancée .   He always uses leaving me as an option .   I am over it .   I am feeling sad , overwhelmed , empowered and totally fucking useless .   It’s an impossible situation all of a sudden - and it’s just him trying to make me feel like I am wrong…and me not agreeing .   \n \ nI feel like this is my daily journal entry and I should say : thank you for coming to my ted talk .   \nSo there .   I did .",2022-02-04 20:02:21,2,False,0.0,3.0,2.0,-1.0,97,0,-0.0791,0.118,0.098,3.5876288659793816,12,0,0,20,4,2021-05-04 12:38:00,276,1.4210526315789473,1.605263157894737,3.0,1.0,1.2221288238233785,38,-0.42105263157894735
45,4585,I am working a private event and it is very boring .   I picked up the night shift and I am hoping it will be busy and I will make a bunch of money .   I’m very optimistic because we have many reservations and it seems like we are about to be popping .,2022-02-05 15:16:14,2,False,2.0,2.0,-2.0,-1.0,54,0,0.6486,0.153,0.05,3.611111111111111,4,0,2,15,5,2021-05-04 12:38:00,277,1.3846153846153846,1.641025641025641,0.0,3.0,1.2272216077359162,39,-0.4815789473684211
45,4586,I   am feeling exhausted .   I worked 15 hours yesterday .   The restaurant was bought out during lunch for a private event which was super boring .   But the . We opened up to the public again at dinner time .   We were so busy it was ridiculous .   I felt super accomplished last night after we were busy and came home and counted my tips and felt even better .,2022-02-06 10:20:40,2,False,0.0,1.0,2.0,0.0,71,0,0.9022,0.222,0.088,3.9577464788732395,4,0,1,10,6,2021-05-04 12:38:00,277,1.4,1.65,2.0,2.0,1.2152872405003998,40,-0.40000000000000013
45,4587,I am feeling tired .   I am feeling hungry .   I am feeling cold .   I am feeling like I hate winter .   I am feeling like I need to clean my room today because I m living in a messy room and it is driving me crazy .,2022-02-07 10:18:30,2,False,2.0,1.0,0.0,1.0,49,0,-0.0772,0.312,0.236,3.2653061224489797,10,0,0,10,0,2021-05-04 12:38:00,278,1.3658536585365855,1.6341463414634145,0.0,1.0,1.2197560731756085,41,-0.4571428571428573
45,4588,It is a really crummy day so I am just beat .   I am so not a winter person .   I have seasonal affective disorder so the lack of sun makes me depressed and dull .   How many more weeks until summer ?   Because I am feeling like it can be that time any time now .,2022-02-07 16:02:31,2,False,2.0,2.0,-2.0,-1.0,57,0,-0.8062,0.072,0.204,3.491228070175439,5,0,4,16,0,2021-05-04 12:38:00,279,1.380952380952381,1.619047619047619,2.0,1.0,1.2087562838615071,42,-0.38095238095238093
45,4589,It’s been a long day .   I have spent the majority waiting in other people .   Which becomes frustrating when their technology malfunctions and you have to spend three hours waiting for a mic o soft teams meeting because you don’t know how to troubleshoot .,2022-02-07 21:17:59,2,False,0.0,1.0,0.0,0.0,46,0,-0.2732,0.043,0.07,4.521739130434782,1,0,0,21,0,2021-05-04 12:38:00,279,1.3953488372093024,1.627906976744186,2.0,2.0,1.1980049861514992,43,-0.3441558441558441
45,4590,I am very tired and would like to take a nap .   I am going to spend today cleaning my room once I get some motivation .   Haha .   I have been saying this for Months . One of these days though .   Will today be the day ?,2022-02-08 11:03:47,2,False,0.0,1.0,0.0,2.0,49,0,0.5729,0.175,0.071,3.36734693877551,5,0,1,11,1,2021-05-04 12:38:00,279,1.3636363636363635,1.6136363636363635,0.0,1.0,1.20253432172475,44,-0.36363636363636354
45,4591,My bank account went negative overnight .   Unsure how .   I am feeling very defeated after having an awesome Saturday shift .   I don’t even go out so I am unsure what has happened .   I guess creditors were trying continuously to hit my account ?   Unsure .   But I’m back to being broke .   Again .,2022-02-08 16:04:28,2,False,0.0,3.0,1.0,-2.0,57,0,-0.7956,0.071,0.24,4.052631578947368,6,0,2,16,1,2021-05-04 12:38:00,280,1.3333333333333333,1.6,0.0,1.0,1.2060453783110545,45,-0.41501976284584985
45,4592,I am just pretty tired .   Ran around to all sorts of banks .   Fucking ORG   I am still so pissed about .   What bank charges you to cash their checks ?   And eight   mother fucking dollars ?    I think that is absolutely criminal .   And I will be getting that mi why PERSON  . Watch me work .,2022-02-08 20:15:40,2,False,1.0,1.0,0.0,0.0,59,0,-0.9046,0.054,0.242,3.711864406779661,5,0,2,20,1,2021-05-04 12:38:00,280,1.3043478260869565,1.6304347826086956,0.0,3.0,1.2086643724448038,46,-0.34782608695652173
46,4724,"Excited , Wore out , Driven",2021-03-30 15:10:59,1,True,4.0,3.0,0.0,0.0,6,1,0.34,0.444,0.0,3.6666666666666665,0,0,0,15,1,2021-03-30 15:10:59,0,2.0,1.0,2.0,1.0,0.0,0,0.0
46,4725,"Awake , Fun , Happy , Drowsy",2021-03-31 15:48:35,1,True,4.0,3.0,0.0,0.0,7,1,0.7906,0.778,0.0,3.142857142857143,0,0,0,15,2,2021-03-30 15:10:59,1,4.0,3.0,4.0,3.0,0.0,1,0.0
46,4726,"Tired , Intense , Content , Happy , Wore out",2021-04-02 14:26:01,1,True,4.0,3.0,0.0,-1.0,10,1,0.2732,0.459,0.266,3.5,0,0,0,14,4,2021-03-30 15:10:59,2,4.0,3.0,4.0,3.0,0.0,2,0.0
46,4727,"Excited , Tired , Happy",2021-04-03 12:05:49,1,True,4.0,2.0,0.0,0.0,5,1,0.4939,0.678,0.322,3.8,0,0,0,12,5,2021-03-30 15:10:59,3,4.0,3.0,4.0,3.0,0.0,3,0.0
46,4728,"Content , Happy , Excited , Calm , Relieved",2021-04-04 16:20:14,1,True,4.0,2.0,-1.0,0.0,9,1,0.875,0.917,0.0,3.888888888888889,0,0,0,16,6,2021-03-30 15:10:59,5,4.0,2.75,4.0,2.0,0.0,4,0.0
46,4729,"Bored , Happy , Full , Tired",2021-04-05 12:23:02,1,True,3.0,2.0,1.0,-1.0,7,1,-0.0772,0.381,0.515,3.142857142857143,0,0,0,12,0,2021-03-30 15:10:59,5,4.0,2.6,4.0,2.0,0.0,5,0.0
46,4730,"Excited , Bored , Bummed out , Tired",2021-04-06 16:16:49,1,True,4.0,1.0,0.0,0.0,8,1,-0.3818,0.255,0.532,3.625,0,0,0,16,1,2021-03-30 15:10:59,7,3.8333333333333335,2.5,3.0,2.0,0.408248290463863,6,-0.3333333333333335
47,4762,Didn’t sleep well so I’m pretty groggy and sleepy . Bloated and dehydrated from the alcohol which makes me feel worse about myself usually . I’m not feeling as bad as sometimes though . Not as nauseous as normal .,2021-06-08 12:39:36,1,False,0.0,1.0,2.0,2.0,40,0,0.607,0.192,0.102,4.35,2,0,1,12,1,2021-06-08 12:39:36,0,2.0,1.0,2.0,1.0,0.0,0,0.0
47,4763,"A little nauseous but energetic . I cleaned for 3-4 hours and got a good workout from that which helped . Overall , I’m feeling ok besides nausea which is a common occurrence for me . The cleaning chemicals may have also contributed ?",2021-06-08 17:24:02,1,False,2.0,3.0,1.0,-2.0,44,0,0.8969,0.277,0.0,4.340909090909091,2,0,0,17,1,2021-06-08 12:39:36,0,0.0,1.0,0.0,1.0,0.0,1,0.0
47,4764,I am feeling ok this morning . I didn’t sleep well per usual and woke up a few times and got about 6 hours total which is actually a good number for me but it was interrupted so nor the most restful . I had a migraine last night and starting to feel like it might creep in again .,2021-06-10 12:03:39,1,False,3.0,1.0,-1.0,1.0,60,0,0.2405,0.184,0.099,3.683333333333333,4,0,1,12,3,2021-06-08 12:39:36,1,1.0,2.0,2.0,3.0,1.4142135623730951,2,2.0
47,4765,Feeling okay . Have been working on a project since 9am this morning so my back hurts lol . I have thought about having a drink already which I’m trying to keep myself busy and wait until at least 5pm .,2021-06-10 17:31:42,1,False,2.0,2.0,-1.0,-1.0,41,0,0.2111,0.153,0.083,3.951219512195122,3,0,1,17,3,2021-06-08 12:39:36,2,1.6666666666666667,1.6666666666666667,3.0,1.0,1.5275252316519468,3,2.5
47,4766,I had a glass of wine at 5pm and then ended up taking a nap an hour and a half later and just woke up so I’m feeling a little tired still . Don’t feel like having another glass of wine at the moment but maybe after dinner ?,2021-06-10 22:01:55,1,False,1.0,1.0,1.0,1.0,49,0,0.0863,0.071,0.041,3.5714285714285716,1,0,1,22,3,2021-06-08 12:39:36,2,1.75,1.75,2.0,2.0,1.2583057392117916,4,1.5
47,4767,Feeling pretty good . I don’t think I woke up once during the night and finally woke up at 9 : 30am which is later than normal so I got some solid sleep and I definitely needed it ! Feel relaxed this morning .,2021-06-11 12:05:36,1,False,2.0,2.0,0.0,0.0,44,0,0.9281,0.351,0.0,3.772727272727273,4,1,1,12,4,2021-06-08 12:39:36,2,1.6,1.6,1.0,1.0,1.140175425099138,5,1.0
50,4979,Slightly overwhelmed with responsibility and uncertainty around the future . Overall relatively confident in my ability to tackle those responsibilities and face those uncertainties with a few bouts of less confidence here and there .,2021-06-08 14:10:56,1,False,2.0,3.0,-1.0,0.0,35,0,0.5594,0.211,0.146,5.714285714285714,1,0,0,14,1,2021-06-08 14:10:56,0,2.0,1.0,2.0,1.0,0.0,0,0.0
50,4980,Like there’s not enough time in the day to accomplish everything I need to do . Like something important is going to fall through the cracks . I should note that these feelings have little to nothing to do with my employment .,2021-06-09 16:17:00,1,False,1.0,3.0,0.0,-1.0,43,0,0.8225,0.22,0.0,4.27906976744186,3,0,0,16,2,2021-06-08 14:10:56,1,2.0,3.0,2.0,3.0,0.0,1,0.0
50,4981,I am feeling simultaneously melancholy for a chapter in my life that is closing and excited in anticipation of a new one that is opening soon . The sadness is outweighing the excitement at the moment only because the new chapter hasn’t quite started yet .,2021-06-10 21:13:40,1,False,1.0,2.0,0.0,-1.0,46,0,0.1779,0.172,0.118,4.565217391304348,2,0,0,21,3,2021-06-08 14:10:56,2,1.5,3.0,1.0,3.0,0.7071067811865476,2,-1.0
50,4982,"I’m heading into my weekend after working 60 hours the last 6 days , so I slept in and am feeling lazy . I’ll spend the afternoon getting myself back to normal . Not sure what else to say , here’s 200 characters .",2021-06-11 13:41:59,1,False,1.0,1.0,2.0,0.0,44,0,-0.4519,0.038,0.112,3.8636363636363638,3,0,1,13,4,2021-06-08 14:10:56,2,1.3333333333333333,2.6666666666666665,1.0,2.0,0.5773502691896257,3,-1.0
50,4983,I’ve been feeling pretty peaceful and at ease . I’m in the middle of three days off from work and even though I have lots of other responsibilities at the moment they don’t feel terribly overwhelming and I feel confident in taking them on .,2021-06-12 17:19:52,1,False,3.0,1.0,1.0,1.0,45,0,0.8402,0.261,0.069,4.355555555555555,2,0,0,17,5,2021-06-08 14:10:56,4,1.25,2.25,1.0,1.0,0.5,4,-0.5
50,4984,I have been feeling lighthearted and happy . I spent time with friends during one of my days off and got caught up on some chores and other life responsibilities . That’s about it . Here’s 200 characters .,2021-06-13 12:46:57,1,False,4.0,2.0,0.0,1.0,39,0,0.8779,0.277,0.0,4.282051282051282,3,0,0,12,6,2021-06-08 14:10:56,4,1.6,2.0,3.0,1.0,0.8944271909999159,5,0.16666666666666674
50,4985,I’m starting a new project and meeting new people in a new place so I’m feeling excited and anticipatory and ready to have some fun and make some friends . Here’s some more characters to get to 200 characters .,2021-06-14 12:36:30,1,False,4.0,3.0,0.0,0.0,40,0,0.907,0.301,0.0,4.275,0,0,1,12,0,2021-06-08 14:10:56,5,2.0,2.0,4.0,2.0,1.2649110640673518,6,1.3333333333333333
50,4986,I’m feeling excited about the work I’m starting out with . I’m meeting some new people and getting to know them and enjoying the anticipation of fun things to do . Here’s 200 characters to satisfy the character requirement .,2021-06-15 20:46:09,1,False,4.0,3.0,-3.0,0.0,40,0,0.9186,0.326,0.0,4.625,0,0,0,20,1,2021-06-08 14:10:56,7,2.2857142857142856,2.142857142857143,4.0,3.0,1.3801311186847083,7,1.6666666666666667
50,4978,"Yesterday I was feeling overwhelmed and not confident . Today I’m feeling a little better . Still slightly overwhelmed and like there’s not enough time in the day , but less insecure about it right now . I can’t believe that wasn’t 200 characters but here you go .",2021-06-18 15:47:46,1,False,1.0,3.0,2.0,0.0,49,0,-0.2389,0.176,0.11,4.408163265306122,2,0,0,15,4,2021-06-08 14:10:56,10,2.5,2.25,4.0,3.0,1.4142135623730951,8,2.5
50,4990,"Wired , Excited , Anticipatory",2022-02-10 15:30:07,2,True,3.0,3.0,0.0,-2.0,5,1,0.34,0.545,0.0,5.2,0,0,0,15,3,2021-06-08 14:10:56,247,2.3333333333333335,2.3333333333333335,1.0,3.0,1.4142135623730951,9,1.9500000000000002
50,4991,"Bored , Calm , Peaceful",2022-02-10 21:45:33,2,True,3.0,1.0,1.0,0.0,5,1,0.5267,0.724,0.276,3.8,0,0,0,21,3,2021-06-08 14:10:56,247,2.4,2.4,3.0,3.0,1.349897115421106,10,1.6
50,4992,"Lazy , Calm , Lethargic",2022-02-11 11:39:17,2,True,4.0,1.0,-1.0,2.0,5,1,-0.34,0.329,0.671,3.8,0,0,0,11,4,2021-06-08 14:10:56,247,2.4545454545454546,2.272727272727273,3.0,1.0,1.2933395813657267,11,1.5666666666666664
50,4993,"Excited , Ready , Unprepared",2022-02-11 17:29:13,2,True,3.0,3.0,-2.0,0.0,5,1,0.5994,0.831,0.0,4.8,0,0,0,17,4,2021-06-08 14:10:56,248,2.5833333333333335,2.1666666666666665,4.0,1.0,1.3113721705515067,12,1.1666666666666665
50,4994,"Anxious , Waiting , Nervous",2022-02-11 20:11:32,2,True,1.0,3.0,3.0,-2.0,5,1,-0.4767,0.0,0.804,4.6,0,0,0,20,4,2021-06-08 14:10:56,248,2.6153846153846154,2.230769230769231,3.0,3.0,1.2608503439122305,13,1.1428571428571428
50,4995,"Sleepy , Calm , Peaceful",2022-02-12 11:45:28,2,True,4.0,1.0,-2.0,1.0,5,1,0.6705,0.846,0.0,4.0,0,0,0,11,5,2021-06-08 14:10:56,248,2.5,2.2857142857142856,1.0,3.0,1.286019499792345,14,0.4285714285714288
50,4996,"Meh , Bored , Lazy",2022-02-12 15:05:27,2,True,2.0,2.0,1.0,1.0,5,1,-0.5994,0.0,1.0,2.8,0,0,0,15,5,2021-06-08 14:10:56,249,2.6,2.2,4.0,1.0,1.2983506020002016,15,0.5892857142857144
50,4997,"Energized , Ready , Excited",2022-02-12 20:36:45,2,True,3.0,3.0,1.0,0.0,5,1,0.802,1.0,0.0,4.6,0,0,0,20,5,2021-06-08 14:10:56,249,2.5625,2.1875,2.0,2.0,1.2632629707758134,16,0.125
50,4998,"Buzzed , Excited , Anticipatory",2022-02-13 16:03:16,2,True,4.0,3.0,0.0,0.0,5,1,0.34,0.545,0.0,5.4,0,0,0,16,6,2021-06-08 14:10:56,250,2.588235294117647,2.235294117647059,3.0,3.0,1.227743027337753,17,0.16666666666666652
51,5046,"Achy , Tired , Anxious",2021-06-08 12:04:38,1,True,2.0,2.0,0.0,0.0,5,1,-0.5994,0.0,0.831,3.6,0,0,0,12,1,2021-06-08 12:04:38,0,2.0,1.0,2.0,1.0,0.0,0,0.0
51,5047,"Content , Tired , Anxious",2021-06-10 12:33:53,1,True,2.0,2.0,-2.0,0.0,5,1,-0.5994,0.0,0.831,4.2,0,0,0,12,3,2021-06-08 12:04:38,2,2.0,2.0,2.0,2.0,0.0,1,0.0
51,5048,"Upset , Confused , Angry",2021-06-11 12:00:57,1,True,0.0,2.0,0.0,0.0,5,1,-0.802,0.0,1.0,4.0,0,0,0,12,4,2021-06-08 12:04:38,2,2.0,2.0,2.0,2.0,0.0,2,0.0
52,5135,"Ill , Anxious , Sad , Overwhelmed , Scared",2021-06-09 12:05:43,1,True,0.0,1.0,0.0,0.0,9,1,-0.8625,0.1,0.9,3.7777777777777777,0,0,0,12,2,2021-06-09 12:05:43,0,2.0,1.0,2.0,1.0,0.0,0,0.0
52,5136,"Sick , Tired , Nervous , Stressed , Fearful",2021-06-10 12:01:54,1,True,0.0,1.0,2.0,1.0,9,1,-0.9169,0.0,1.0,3.888888888888889,0,0,0,12,3,2021-06-09 12:05:43,0,0.0,1.0,0.0,1.0,0.0,1,0.0
52,5137,"Tired , Uncomfortable , Lightheaded , Anxious , Dull",2021-06-11 15:02:57,1,True,2.0,2.0,0.0,0.0,9,1,-0.8481,0.0,0.911,4.888888888888889,0,0,0,15,4,2021-06-09 12:05:43,2,0.0,1.0,0.0,1.0,0.0,2,0.0
52,5138,"Lonely , Depressed , Stressed , Anxious , Bored",2021-06-12 12:04:12,1,True,2.0,2.0,0.0,1.0,9,1,-0.8834,0.0,1.0,4.333333333333333,0,0,0,12,5,2021-06-09 12:05:43,2,0.6666666666666666,1.3333333333333333,2.0,2.0,1.1547005383792517,3,1.0
52,5139,"Surprised , Happy , Content , Special , Confused",2021-06-13 12:45:07,1,True,2.0,3.0,2.0,-1.0,9,1,0.7184,0.716,0.198,4.444444444444445,0,0,0,12,6,2021-06-09 12:05:43,4,1.0,1.5,2.0,2.0,1.1547005383792515,4,2.0
52,5140,"Surprised , Happy , Loved , Anxious , Wired",2021-06-14 12:18:57,1,True,4.0,2.0,-1.0,0.0,9,1,0.8176,0.76,0.16,3.888888888888889,0,0,0,12,0,2021-06-09 12:05:43,5,1.2,1.8,2.0,3.0,1.0954451150103324,5,2.0
52,5141,"Apprehensive , Grateful , Talkative , Tired , Dehydrated",2021-06-15 12:48:12,1,True,3.0,2.0,-3.0,-1.0,9,1,0.0258,0.337,0.326,5.333333333333333,0,0,0,12,1,2021-06-09 12:05:43,6,1.6666666666666667,1.8333333333333333,4.0,2.0,1.505545305418162,6,2.0
52,5142,"Tired , Dehydrated , Sluggish , Sick , Numb",2021-06-16 12:07:39,1,True,0.0,1.0,3.0,2.0,9,1,-0.8834,0.0,0.919,3.888888888888889,0,0,0,12,2,2021-06-09 12:05:43,7,1.8571428571428572,1.8571428571428572,3.0,2.0,1.4638501094227998,7,2.0833333333333335
52,5134,"Stressed , Happy , Excited , Talkative , Content",2021-06-18 12:21:01,1,True,3.0,3.0,0.0,0.0,9,1,0.5719,0.581,0.229,4.444444444444445,0,0,0,12,4,2021-06-09 12:05:43,9,1.625,1.75,0.0,1.0,1.5059406173077154,8,1.25
54,2035,"cool , hopeful , eager , excited , remoseful",2024-10-09 12:00:48,7,True,4.0,3.0,0.0,-1.0,9,1,0.8591,0.913,0.0,4.0,0,0,0,12,2,2024-10-09 12:00:48,0,2.0,1.0,2.0,1.0,0.0,0,0.0
54,2076,"i feel very refreshed right now and I am also happy , calm and also have a wonderful day \ nI also feel very calm and also excited \ nI feel contempted and having a great day with no stress \nI feel enthusiast",2024-10-09 17:00:58,7,False,4.0,2.0,0.0,1.0,43,0,0.9432,0.396,0.094,3.883720930232558,2,0,2,17,2,2024-10-09 12:00:48,0,4.0,3.0,4.0,3.0,0.0,1,0.0
54,2376,"Cool , Calm , Happy , Excited , Feel good",2024-10-10 12:21:45,7,True,4.0,3.0,0.0,-2.0,10,1,0.9118,0.932,0.0,3.2,0,0,0,12,3,2024-10-09 12:00:48,1,4.0,2.5,4.0,2.0,0.0,2,0.0
54,2448,"Active , Happy , Delighted , Calm , Enthusiast",2024-10-10 17:06:31,7,True,4.0,1.0,-1.0,2.0,9,1,0.926,1.0,0.0,4.222222222222222,0,0,0,17,3,2024-10-09 12:00:48,1,4.0,2.6666666666666665,4.0,3.0,0.0,3,0.0
54,2526,How I am feeling currently I feel excited and happy at the moment and doing things that will make me happy and distancing myself from any thing that ' s gonna spoil or disrupt feeling currently \nI do not feel emotionally drained,2024-10-10 22:57:50,7,False,3.0,3.0,0.0,-2.0,42,0,0.9171,0.318,0.0,4.476190476190476,4,0,0,22,3,2024-10-09 12:00:48,1,4.0,2.25,4.0,1.0,0.0,4,0.0
54,2654,"I’m content , my mind is clear , and I’m able to focus on the present rather than worrying about the future or dwelling on the past . so I m satisfied with what I have and I m also happy never allowing anything bothering me",2024-10-11 17:51:11,7,False,3.0,1.0,1.0,1.0,46,0,0.869,0.277,0.05,3.869565217391304,5,0,1,17,4,2024-10-09 12:00:48,2,3.8,2.4,3.0,3.0,0.4472135954999579,5,-0.3333333333333335
54,2941,"Calm , Happy , Enthusiast , Good , Cool",2024-10-12 12:31:58,7,True,4.0,2.0,-1.0,-1.0,9,1,0.9136,1.0,0.0,3.4444444444444446,0,0,0,12,5,2024-10-09 12:00:48,3,3.6666666666666665,2.1666666666666665,3.0,1.0,0.5163977794943222,6,-0.6666666666666665
54,3036,"Cool , Happy , Calm , Active , Lively",2024-10-12 17:28:22,7,True,3.0,1.0,1.0,0.0,9,1,0.9169,1.0,0.0,3.2222222222222223,0,0,0,17,5,2024-10-09 12:00:48,3,3.7142857142857144,2.142857142857143,4.0,2.0,0.4879500364742666,7,-0.5
54,3135,"Enthusiasts , Active , Lively , Energies , Feel good",2024-10-13 12:55:04,7,True,4.0,1.0,-2.0,1.0,10,1,0.8957,0.928,0.0,4.3,0,0,0,12,6,2024-10-09 12:00:48,4,3.625,2.0,3.0,1.0,0.5175491695067657,8,-0.75
54,3435,I really feel neutral and not really active because a friend got me angry and instead of apologizing he stood on his words and made me feel bad like I was the one who orchestrated the whole negative drama,2024-10-13 22:54:50,7,False,2.0,2.0,0.0,0.0,39,0,-0.808,0.121,0.29,4.256410256410256,4,0,2,22,6,2024-10-09 12:00:48,4,3.6666666666666665,1.8888888888888888,4.0,1.0,0.5,9,-0.6000000000000001
56,4630,At the moment I feel good . I ' m working my current job ORG  and FAC stadium later . So I am anticipating being tired later . This morning the trains have been running smoothly so I have no complaints . Today is very cold and I ' m underdressed so I am concerned about possibly catching a cold . But later on I am going to get a long sleeve shirt . I had oatmeal for breakfast I am starting to get hungry . Currently in between trains trying to figure out what to eat .,2024-10-15 12:05:53,7,False,4.0,3.0,-1.0,-2.0,98,0,-0.4061,0.025,0.072,3.795918367346939,10,0,4,12,1,2024-10-15 12:05:53,0,2.0,1.0,2.0,1.0,0.0,0,0.0
56,4653,Right now I am feeling ok . I ended up not going to work at FAC stadium due to the fact of having bad foot pain . Right now I am currently eating dinner having pasta . I am a big ORG fan so I might watch the game and have a beer or 2 . Today was not terrible but it was an early start at 5am which make me feel more exhausted I am not a morning person .,2024-10-15 22:53:30,7,False,3.0,1.0,-3.0,0.0,81,0,-0.5876,0.086,0.11,3.3703703703703702,7,0,1,22,1,2024-10-15 12:05:53,0,4.0,3.0,4.0,3.0,0.0,1,0.0
56,4660,"Sleepy , Tired , Sore , Content , Hopefull",2024-10-16 12:04:10,7,True,0.0,1.0,3.0,1.0,9,1,-0.6597,0.0,0.643,3.7777777777777777,0,0,0,12,2,2024-10-15 12:05:53,0,3.5,2.0,3.0,1.0,0.7071067811865476,2,-1.0
56,4671,"Happy , Relaxed , Calm , Energetic , Determined",2024-10-16 17:02:52,7,True,3.0,2.0,-2.0,-1.0,9,1,0.926,1.0,0.0,4.333333333333333,0,0,0,17,2,2024-10-15 12:05:53,1,2.3333333333333335,1.6666666666666667,0.0,1.0,2.081665999466133,3,-2.5
56,4682,"Today was a good day overall . I got a chance to sleep in late which most of the time I have to wake up early . ORG won last night had about 3 beers watching the game . This morning was a slow start but now I feel okay . I have 1 more train left and then I go home back to GPE  . This commute is starting to wear on me I ' ve lived there almost a year and work in GPE  at ORG . It ' s frustrating at times when I work 12 hours then have to add 3 to 4 hours additional travel time to go to GPE  . I ' m married me and my wife disagree on the timeline to move and often causes arguments . Sometimes going ""home "" is not something I look forward too .",2024-10-16 22:37:59,7,False,1.0,1.0,2.0,1.0,147,0,-0.6858,0.064,0.085,3.3945578231292517,12,0,0,22,2,2024-10-15 12:05:53,1,2.5,1.75,3.0,2.0,1.7320508075688772,4,-2.0
56,4693,"Happy , Relaxed , Calm , Hungry , Eager",2024-10-17 12:12:11,7,True,3.0,2.0,-1.0,0.0,9,1,0.8934,0.921,0.0,3.4444444444444446,0,0,0,12,3,2024-10-15 12:05:53,2,2.2,1.6,1.0,1.0,1.6431676725154984,5,-2.166666666666667
56,4704,"Calm , Relaxed , Fatigue , Grateful , Happy",2024-10-17 22:30:42,7,True,2.0,2.0,1.0,0.0,9,1,0.8807,0.859,0.141,3.888888888888889,0,0,0,22,3,2024-10-15 12:05:53,2,2.3333333333333335,1.6666666666666667,3.0,2.0,1.5055453054181622,6,0.0
56,4715,"Well rested , Relaxed , Happy , Calm , Eager",2024-10-19 12:21:18,7,True,3.0,2.0,0.0,0.0,10,1,0.9153,0.932,0.0,3.5,0,0,0,12,5,2024-10-15 12:05:53,4,2.2857142857142856,1.7142857142857142,2.0,2.0,1.3801311186847083,7,-0.08333333333333348
56,4739,Right now I ' m working at FAC  in GPE . There is a steeplechase event so far the weather is nice it ' s calm . I feel relaxed today in a good mood .   Still feel energetic . Most of the work is later with the event ending around 4   it ' s going to be a rush later so I am preparing myself for it .,2024-10-19 17:55:02,7,False,3.0,2.0,1.0,0.0,69,0,0.9201,0.235,0.0,3.2753623188405796,4,0,2,17,5,2024-10-15 12:05:53,4,2.375,1.75,3.0,2.0,1.3024701806293193,8,-0.25
56,4750,Today I ' m off from work . I am very happy the ORG won last night and are now in the 2024 World Series . Since I work at ORG stadium I will \ nBe able to work my first World Series game . I am very excited for that . I did have a beer to celebrate this morning I did wake up feeling fatigued but very happy .,2024-10-20 12:59:19,7,False,4.0,2.0,0.0,0.0,71,0,0.9199,0.241,0.026,3.3661971830985915,8,0,3,12,6,2024-10-15 12:05:53,5,2.4444444444444446,1.7777777777777777,3.0,2.0,1.2360330811826103,9,-0.10000000000000009
57,11,"Calm , Excited , Happy , Calm , Calm",2024-10-26 12:00:25,7,True,3.0,1.0,-1.0,0.0,9,1,0.9001,1.0,0.0,3.111111111111111,0,0,0,12,5,2024-10-26 12:00:25,0,2.0,1.0,2.0,1.0,0.0,0,0.0
57,205,"When I came home I felt invigorated after a good gym workout . I cooked and ate lunch . Post meal and shower , I am feeling calm , sleepy and relaxed . I am going to a Halloween party tonight so I am also excited . However , I am anticipating being tired after the party is over .",2024-10-26 17:00:22,7,False,2.0,1.0,0.0,1.0,60,0,0.9308,0.349,0.051,3.683333333333333,7,0,1,17,5,2024-10-26 12:00:25,0,3.0,1.0,3.0,1.0,0.0,1,0.0
57,216,"Anticipating , Tired , Excited , Happy , Calm",2024-10-26 22:00:27,7,True,2.0,2.0,-2.0,-1.0,9,1,0.6705,0.683,0.236,4.111111111111111,0,0,0,22,5,2024-10-26 12:00:25,0,2.5,1.0,2.0,1.0,0.7071067811865476,2,-1.0
57,227,"tired , sleepy , calm , tired , sleepy",2024-10-27 12:06:58,7,True,0.0,1.0,2.0,1.0,9,1,-0.5423,0.228,0.574,3.3333333333333335,0,0,0,12,6,2024-10-26 12:00:25,1,2.3333333333333335,1.3333333333333333,2.0,2.0,0.5773502691896258,3,-1.0
57,238,"I am feeling somewhat tired currently because last night my friends and I went out to a halloween party and came back home late . However , I am also feeling full after a good lunch and productive post cleaning .",2024-10-27 17:12:00,7,False,2.0,2.0,0.0,-1.0,41,0,0.796,0.283,0.063,4.195121951219512,4,0,0,17,6,2024-10-26 12:00:25,1,1.75,1.25,0.0,1.0,1.2583057392117916,4,-1.5
57,259,"tired , calm , free , happy , chill",2024-10-27 22:01:50,7,True,2.0,1.0,-1.0,0.0,9,1,0.7506,0.705,0.22,3.0,0,0,0,22,6,2024-10-26 12:00:25,1,1.8,1.4,2.0,2.0,1.0954451150103321,5,-1.1666666666666667
57,270,I am feeling somewhat tired . I woke up early this morning so I could get some work done before heading to lectures . I am feeling motivated to get a workout in later . I am looking forward to getting through the week so I can enjoy the weekend events .,2024-10-28 12:05:42,7,False,1.0,1.0,0.0,0.0,52,0,0.707,0.197,0.054,3.8846153846153846,6,0,2,12,0,2024-10-26 12:00:25,2,1.8333333333333333,1.3333333333333333,2.0,1.0,0.983192080250175,6,-1.0000000000000002
57,289,I am feeling tired but happy that I have gotten through my lectures and quiz and have come home . I am feeling motivated to finish my assignment so that I can take a break and possibly nap . I am somewhat distracted thinking about cooking dinner in some time .,2024-10-28 17:00:20,7,False,1.0,1.0,2.0,0.0,51,0,0.8146,0.229,0.088,4.117647058823529,7,0,1,17,0,2024-10-26 12:00:25,2,1.7142857142857142,1.2857142857142858,1.0,1.0,0.9511897312113419,7,-1.0833333333333335
57,302,"calm , full , tired , calm , full",2024-10-28 22:19:40,7,True,3.0,1.0,-1.0,0.0,9,1,0.1779,0.484,0.305,2.7777777777777777,0,0,0,22,0,2024-10-26 12:00:25,2,1.625,1.25,1.0,1.0,0.9161253813129043,8,-0.25
57,303,"tired , anticipating , happy , calm , calm",2024-10-29 12:00:13,7,True,2.0,1.0,-1.0,0.0,9,1,0.6597,0.68,0.238,3.7777777777777777,0,0,0,12,1,2024-10-26 12:00:25,2,1.7777777777777777,1.2222222222222223,3.0,1.0,0.9718253158075502,9,0.050000000000000044
57,357,"tired , anticipating , full , tired , anticipating",2024-10-29 17:05:53,7,True,1.0,1.0,1.0,0.0,9,1,-0.7003,0.0,0.659,4.666666666666667,0,0,0,17,1,2024-10-26 12:00:25,3,1.8,1.2,2.0,1.0,0.9189365834726815,10,0.0
57,372,I am currently tired . I am doing a night shift at the hospital . I am anticipating the night ahead . I am feeling full from dinner . I had some popcorn which made me happy . I am somewhat uncomfortable because it is hot here .,2024-10-29 22:00:18,7,False,2.0,1.0,-2.0,0.0,48,0,-0.0018,0.126,0.126,3.75,7,0,0,22,1,2024-10-26 12:00:25,3,1.7272727272727273,1.1818181818181819,1.0,1.0,0.904534033733291,11,-0.1333333333333333
57,374,"Tired , Calm , Exhausted , Tired , Calm",2024-10-30 12:53:53,7,True,0.0,1.0,2.0,0.0,9,1,-0.5719,0.357,0.643,3.4444444444444446,0,0,0,12,2,2024-10-26 12:00:25,4,1.75,1.1666666666666667,2.0,1.0,0.8660254037844386,12,-0.16666666666666652
57,375,"tired , calm , content , tired , calm",2024-10-30 17:00:15,7,True,2.0,1.0,-1.0,0.0,9,1,-0.296,0.404,0.509,3.2222222222222223,0,0,0,17,2,2024-10-26 12:00:25,4,1.6153846153846154,1.1538461538461537,0.0,1.0,0.9607689228305227,13,-0.40476190476190466
57,383,I am feeling tired on my night shift at the hospital . I am full from my dinner . I am calm and content . I am anticipating the night ahead and the assignments I need to complete . I am looking forward to my anniversary tomorrow .,2024-10-30 22:05:01,7,False,1.0,1.0,1.0,0.0,48,0,-0.0258,0.093,0.071,3.8125,9,0,0,22,2,2024-10-26 12:00:25,4,1.6428571428571428,1.1428571428571428,2.0,1.0,0.928782731664065,14,-0.1428571428571428
57,399,"tired , hungry , calm , tired , calm",2024-10-31 12:00:56,7,True,2.0,1.0,0.0,1.0,9,1,-0.296,0.404,0.509,3.111111111111111,0,0,0,12,3,2024-10-26 12:00:25,5,1.6,1.1333333333333333,1.0,1.0,0.9102589898327995,15,-0.2142857142857142
57,417,I am currently feeling slightly tired and anticipating the rest of the day . In a little while I have to head out to my night shift . I am feeling calm . I feel full from lunch . I am happy because today is my dating anniversary .,2024-10-31 17:39:10,7,False,2.0,2.0,0.0,-1.0,49,0,0.659,0.202,0.058,3.7142857142857144,7,0,0,17,3,2024-10-26 12:00:25,5,1.625,1.125,2.0,1.0,0.8850612031567836,16,0.0
57,428,"tired , calm , content , tired , calm",2024-10-31 22:00:19,7,True,2.0,1.0,0.0,0.0,9,1,-0.296,0.404,0.509,3.2222222222222223,0,0,0,22,3,2024-10-26 12:00:25,5,1.6470588235294117,1.1764705882352942,2.0,2.0,0.8617697249402124,17,0.04166666666666674
57,564,"tired , calm , content , tired , focused",2024-11-01 12:00:18,7,True,2.0,1.0,0.0,1.0,9,1,-0.2263,0.419,0.496,3.5555555555555554,0,0,0,12,4,2024-10-26 12:00:25,5,1.6666666666666667,1.1666666666666667,2.0,1.0,0.8401680504168059,18,-0.2222222222222221
57,578,"Hungry , Content , Calm , Content , Calm",2024-11-01 17:19:59,7,True,2.0,2.0,1.0,0.0,9,1,0.5574,0.605,0.0,3.5555555555555554,0,0,0,17,4,2024-10-26 12:00:25,6,1.6842105263157894,1.1578947368421053,2.0,1.0,0.8200698871944031,19,-0.1777777777777776
57,589,I am feeling calm and content . I am looking forward to the weekend and visiting my mom back home . I am happy because we had dinner together and had some ice cream . I am somewhat tired from the week . I am glad I don’t have to go back for more nights .,2024-11-01 22:31:47,7,False,3.0,2.0,1.0,-1.0,56,0,0.7841,0.198,0.049,3.5535714285714284,7,0,0,22,4,2024-10-26 12:00:25,6,1.7,1.2,2.0,2.0,0.8013147091860318,20,-0.19999999999999996
57,600,I am feeling calm and content after going out for dinner with my family . We also stopped to get some dessert after dinner . I am feeling peaceful and determined to get some studying done tonight . I am looking forward to tomorrow .,2024-11-02 22:00:22,7,False,4.0,1.0,-1.0,0.0,45,0,0.7906,0.243,0.042,4.177777777777778,4,0,0,22,5,2024-10-26 12:00:25,7,1.7619047619047619,1.2380952380952381,3.0,2.0,0.8309489698388165,21,-0.07272727272727275
57,623,"Callm , Content , Peaceful , Calm , Content",2024-11-03 12:00:24,7,True,3.0,1.0,-2.0,0.0,9,1,0.6705,0.647,0.0,3.888888888888889,0,0,0,12,6,2024-10-26 12:00:25,7,1.8636363636363635,1.2272727272727273,4.0,1.0,0.940893928815244,22,0.2727272727272727
57,634,I am feeling tired and slightly sluggish . I am also feeling accomplished because I have completed my prep for the coming week . I am feeling good because I have also caught up on some studying as well as housework . I am looking forward to going to bed to rest soon .,2024-11-03 22:00:43,7,False,1.0,1.0,1.0,1.0,54,0,0.624,0.231,0.099,3.9814814814814814,7,0,0,22,6,2024-10-26 12:00:25,8,1.9130434782608696,1.2173913043478262,3.0,1.0,0.9493080483968246,23,0.3560606060606062
57,645,I am feeling neutral and slightly tired . I did not sleep well last night because I slept on the couch . My partner is sick and I am hoping not to get sick . I am feeling motivated to get some studying done today for my exam coming up .,2024-11-04 12:09:25,7,False,2.0,2.0,-1.0,-1.0,51,0,-0.4975,0.164,0.205,3.6470588235294117,7,0,0,12,0,2024-10-26 12:00:25,9,1.875,1.2083333333333333,1.0,1.0,0.9469631093315001,24,0.25
57,646,I am feeling tired after getting home from a long day of lectures . I am anticipating more studying now that I am home . I am looking forward to getting some laundry folded and making dinner later . I am anticipating my day tomorrow on a new unit .,2024-11-04 17:34:59,7,False,1.0,1.0,1.0,0.0,50,0,-0.34,0.036,0.07,3.98,6,0,0,17,0,2024-10-26 12:00:25,9,1.88,1.24,2.0,2.0,0.9273618495495703,25,0.25
57,647,"Calm , Content , Tired , Calm , Content",2024-11-04 22:00:24,7,True,2.0,1.0,0.0,0.0,9,1,0.1779,0.484,0.305,3.4444444444444446,0,0,0,22,0,2024-10-26 12:00:25,9,1.8461538461538463,1.2307692307692308,1.0,1.0,0.9248700532424085,26,0.4615384615384617
57,648,I am currently feeling tired . I woke up very early for my shift at the hospital and did not have a good night ' s sleep . I am looking forward to see my family tonight in order to celebrate my birthday . I am happy they live nearby and will be able to visit .,2024-11-05 12:02:46,7,False,2.0,1.0,0.0,0.0,57,0,0.5565,0.161,0.096,3.5789473684210527,7,0,1,12,1,2024-10-26 12:00:25,10,1.8518518518518519,1.2222222222222223,2.0,1.0,0.9073928715621604,27,0.4560439560439562
57,649,I am feeling tired because I have been on shift since 6am . I am looking forward to go home soon and head out so I can vote . I am excited and happy my family is coming to see me tonight . We are going to celebrate my birthday .,2024-11-05 17:00:20,7,False,2.0,1.0,2.0,1.0,51,0,0.8126,0.221,0.057,3.4901960784313726,8,0,1,17,1,2024-10-26 12:00:25,10,1.8571428571428572,1.2142857142857142,2.0,1.0,0.8908708063747479,28,0.4285714285714288
57,650,"I am feeling very happy because my family came to celebrate my birthday with me . They brought me cake , flowers and gifts . I am anticipating going in for my early shift tomorrow . I am somewhat nervous to give a presentation .",2024-11-05 22:31:40,7,False,4.0,2.0,-2.0,-1.0,45,0,0.8119,0.214,0.042,4.088888888888889,8,0,1,22,1,2024-10-26 12:00:25,10,1.8620689655172413,1.206896551724138,2.0,1.0,0.8752198879234572,29,0.4238095238095241
57,659,I am feeling tired . I got to my shift very early in the morning and am looking forward to going home . I am anticipating a presentation during the middle of the day today . I am looking forward to being done with it and getting back to studies .,2024-11-06 12:20:34,7,False,2.0,1.0,0.0,0.0,51,0,-0.34,0.034,0.065,3.843137254901961,5,0,1,12,2,2024-10-26 12:00:25,11,1.9333333333333333,1.2333333333333334,4.0,2.0,0.9444331755018487,30,0.6666666666666665
57,670,I am feeling tired and ready to go home . I am anticipating my turn to present at work . I am looking forward to getting home and getting some housework done . I have a lot of work to do once I am able to leave . I am looking forward to the weekend .,2024-11-06 17:00:24,7,False,2.0,1.0,1.0,0.0,56,0,-0.0258,0.083,0.085,3.482142857142857,7,0,0,17,2,2024-10-26 12:00:25,11,1.935483870967742,1.2258064516129032,2.0,1.0,0.9286364150720394,31,0.6499999999999999
57,681,I am feeling tired now that I am home from a long day at work . I am full from a delicious dinner . I am anticipating my day tomorrow because I have a big case in the morning and this will be my last day on the unit . I am looking forward to being done .,2024-11-06 22:00:27,7,False,3.0,1.0,-2.0,0.0,58,0,0.3182,0.104,0.058,3.396551724137931,8,0,0,22,2,2024-10-26 12:00:25,11,1.9375,1.21875,2.0,1.0,0.9136068187983487,32,0.625
57,685,I am feeling somewhat out of sorts . I have been working really early and long hours this month . I am looking forward to being done with this rotation . I am happy that I will get to go out this weekend to celebrate my birthday . I am curious as to where we are going .,2024-11-07 17:01:13,7,False,1.0,1.0,1.0,0.0,58,0,0.8807,0.207,0.0,3.6724137931034484,7,0,1,17,3,2024-10-26 12:00:25,12,1.9696969696969697,1.2121212121212122,3.0,1.0,0.9180430438182244,33,0.6691176470588234
57,686,"Calm , Tired , Calm , Tired , Calm",2024-11-07 22:02:53,7,True,2.0,1.0,0.0,1.0,9,1,0.0258,0.543,0.457,2.888888888888889,0,0,0,22,3,2024-10-26 12:00:25,12,1.9411764705882353,1.2058823529411764,1.0,1.0,0.9191951838952686,34,0.5882352941176472
57,687,"Calm , Content , Rested , Calm , Content",2024-11-08 12:02:11,7,True,2.0,2.0,1.0,0.0,9,1,0.5574,0.605,0.0,3.5555555555555554,0,0,0,12,4,2024-10-26 12:00:25,13,1.9428571428571428,1.2,2.0,1.0,0.9056313086609201,35,0.5751633986928106
57,688,"calm , content , happy , calm , content",2024-11-08 17:00:33,7,True,3.0,2.0,0.0,0.0,9,1,0.8074,0.806,0.0,3.4444444444444446,0,0,0,17,4,2024-10-26 12:00:25,13,1.9444444444444444,1.2222222222222223,2.0,2.0,0.892650769800484,36,0.5555555555555556
58,1477,I feel more energized than few hours ago but I still need to recoup from last night ' s overnight shift . I feel more balanced and less anxious . Having today ' s off is what I needed the most . Let ' s hope that the remaining of the day will help become more relaxed .,2024-07-20 17:38:34,7,False,1.0,1.0,2.0,0.0,58,0,0.9299,0.266,0.037,3.6551724137931036,4,0,0,17,5,2024-07-20 17:38:34,0,2.0,1.0,2.0,1.0,0.0,0,0.0
58,1484,"Happy , Wellrested , Focused , Determined , Optimistic",2024-07-21 12:04:40,7,True,3.0,1.0,-1.0,1.0,9,1,0.875,0.917,0.0,5.111111111111111,0,0,0,12,6,2024-07-20 17:38:34,0,1.0,1.0,1.0,1.0,0.0,1,0.0
58,1485,"Neutral , Determined , Wellrested , Optimistic , Satisfied",2024-07-21 17:08:46,7,True,2.0,2.0,0.0,0.0,9,1,0.7579,0.789,0.0,5.555555555555555,0,0,0,17,6,2024-07-20 17:38:34,0,2.0,1.0,3.0,1.0,1.4142135623730951,2,2.0
58,1486,"Wellrested , Fine , Optimistic , Relaxed , Engaging",2024-07-22 12:42:25,7,True,2.0,2.0,0.0,0.0,9,1,0.8271,0.907,0.0,4.777777777777778,0,0,0,12,0,2024-07-20 17:38:34,1,2.0,1.3333333333333333,2.0,2.0,1.0,3,1.5
58,1498,"Neutral , Optimistic , Focused , Wellprepared , Courageous",2024-07-22 17:01:31,7,True,2.0,2.0,1.0,0.0,9,1,0.8074,0.806,0.0,5.555555555555555,0,0,0,17,0,2024-07-20 17:38:34,1,2.0,1.5,2.0,2.0,0.816496580927726,4,0.0
58,1509,"Accomplished , Proud , Happy , Content , At peace",2024-07-22 22:00:32,7,True,3.0,2.0,-1.0,0.0,10,1,0.9217,0.868,0.0,4.0,0,0,0,22,0,2024-07-20 17:38:34,2,2.0,1.6,2.0,2.0,0.7071067811865476,5,0.0
58,1520,"I just woke up . I feel good , refreshed , well-rested and optimistic . As soon as I finish this survey , I will start my day and I know it will be a great one . I don ' t feel bothered or distraughted .   Good   and peaceful things will come my way today . I am so sure of that .",2024-07-23 12:01:28,7,False,2.0,2.0,0.0,0.0,64,0,0.9441,0.313,0.039,3.328125,9,0,1,12,1,2024-07-20 17:38:34,2,2.1666666666666665,1.6666666666666667,3.0,2.0,0.752772652709081,6,0.3333333333333335
58,1570,"I will start my shift at work in 30 minutes . I feel relaxed and optimistic . I am sipping on my favorite non-alcoholic drink while waiting for my time to start . I need to be further relaxed . I feel good , not nervous at all .",2024-07-23 17:01:08,7,False,2.0,2.0,-1.0,-1.0,49,0,0.9373,0.339,0.0,3.673469387755102,8,0,0,17,1,2024-07-20 17:38:34,2,2.142857142857143,1.7142857142857142,2.0,2.0,0.6900655593423541,7,0.25
58,1581,"Lethargic , Tired , Unmotivated , Sluggish , Unfocused",2024-07-23 22:02:26,7,True,1.0,1.0,0.0,0.0,9,1,-0.8979,0.0,1.0,5.111111111111111,0,0,0,22,1,2024-07-20 17:38:34,3,2.125,1.75,2.0,2.0,0.6408699444616557,8,0.25
58,1592,"I feel sluggish after waking up as I haven ' t slept well last night . Before that , work was not bad , but I felt unsatisfied and wondered why I was there . I thought I would ' ve conquered the day . Ultimately , it wasn ' t the case . I hope that today will be better .",2024-07-24 12:28:03,7,False,1.0,1.0,1.0,1.0,62,0,0.698,0.213,0.103,3.3870967741935485,7,0,0,12,2,2024-07-20 17:38:34,3,2.0,1.6666666666666667,1.0,1.0,0.7071067811865476,9,0.0
58,1778,"Fine , Neutral , Prepared , Optimistic , Focused",2024-07-24 17:06:15,7,True,2.0,2.0,0.0,0.0,9,1,0.765,0.896,0.0,4.444444444444445,0,0,0,17,2,2024-07-20 17:38:34,3,1.9,1.6,1.0,1.0,0.7378647873726218,10,-0.19999999999999996
58,1797,"Neutral , Focused , Animated , Optimistic , Social",2024-07-24 22:02:34,7,True,2.0,2.0,0.0,0.0,9,1,0.5994,0.62,0.0,4.666666666666667,0,0,0,22,2,2024-07-20 17:38:34,4,1.9090909090909092,1.6363636363636365,2.0,2.0,0.7006490497453707,11,-0.16666666666666674
58,1819,"Neutral , Relaxed , Fine , Optimistic , Great",2024-07-25 12:29:35,7,True,2.0,2.0,0.0,0.0,9,1,0.886,0.919,0.0,4.111111111111111,0,0,0,12,3,2024-07-20 17:38:34,4,1.9166666666666667,1.6666666666666667,2.0,2.0,0.6685579234215215,12,-0.4999999999999998
58,1829,"Neutral , Fine , Optimistic , Lethargic , Confident",2024-07-25 17:03:44,7,True,2.0,2.0,0.0,0.0,9,1,0.6249,0.695,0.21,4.777777777777778,0,0,0,17,3,2024-07-20 17:38:34,4,1.9230769230769231,1.6923076923076923,2.0,2.0,0.6405126152203486,13,-0.45238095238095233
58,1840,"Neutral , Wellrested , Calm , Optimistic , Fine",2024-07-25 22:33:45,7,True,2.0,2.0,0.0,0.0,9,1,0.6597,0.762,0.0,4.333333333333333,0,0,0,22,3,2024-07-20 17:38:34,5,1.9285714285714286,1.7142857142857142,2.0,2.0,0.6157279262148818,14,-0.4285714285714286
58,1851,"I woke up a little bit lethargic but , as soon as I got ready to start my day , I felt better but not great . I just feel fine . I just hope that my day will be better and I will experience more exciting things through it .",2024-07-26 12:03:25,7,False,2.0,2.0,0.0,0.0,51,0,0.9504,0.371,0.101,3.392156862745098,8,0,0,12,4,2024-07-20 17:38:34,5,1.9333333333333333,1.7333333333333334,2.0,2.0,0.5936168397046636,15,-0.3928571428571428
58,1862,"I feel neutral . I am on lunch right now . I had a good shift so far . The customers , drivers and affiliates didn ' t bother at all and I was willing to help them . I feel good . I hope that the rest of my shift and overall day goes as smoothly as possible .",2024-07-26 22:02:48,7,False,2.0,2.0,0.0,0.0,60,0,0.8402,0.216,0.045,3.3333333333333335,7,0,1,22,4,2024-07-20 17:38:34,6,1.9375,1.75,2.0,2.0,0.5737304826019501,16,-0.375
58,1873,"Neutral , Restored , Fine , Optimistic , Wellprepared",2024-07-27 12:06:17,7,True,2.0,2.0,-1.0,1.0,9,1,0.6705,0.765,0.0,5.0,0,0,0,12,5,2024-07-20 17:38:34,6,1.9411764705882353,1.7647058823529411,2.0,2.0,0.5557189302262113,17,-0.3472222222222223
58,1884,"I feel a little jittery . Intrusive thoughts about my life and how myself on the next 15 years got me somewhat scared . I realize that I don ' t like as how my life is so far : my health , my job , my finances , my dating life (which is non-existent) , the city and country I currently live in . I know that this feeling is a call to change but there are too many options and I don ' t know where to start . I hope those thoughts dissipate as my day goes by .",2024-07-27 17:01:06,7,False,1.0,3.0,1.0,-1.0,102,0,0.626,0.083,0.022,3.5098039215686274,16,0,1,17,5,2024-07-20 17:38:34,6,1.9444444444444444,1.7777777777777777,2.0,2.0,0.5393048054696105,18,-0.11111111111111116
58,1895,I feel neutral . I am actually feeling better than the last few hours . Chitchatting with my colleagues made me feel better and less anxious . I feel more confident about the future . I hope that the remainder of my shift will go as smoothly as possible .,2024-07-27 22:20:44,7,False,2.0,2.0,0.0,0.0,50,0,0.8998,0.272,0.034,4.12,7,0,0,22,5,2024-07-20 17:38:34,7,1.894736842105263,1.8421052631578947,1.0,3.0,0.5671308728156005,19,-0.19999999999999996
58,1910,"OK , Fine , Optimistic , Focus , Refreshed",2024-07-28 17:25:18,7,True,2.0,2.0,0.0,0.0,9,1,0.7213,0.779,0.0,3.7777777777777777,0,0,0,17,6,2024-07-20 17:38:34,7,1.9,1.85,2.0,2.0,0.5525062514530825,20,0.0
58,1921,"OK , Fine , Industrious , Focused , Optimistic",2024-07-28 22:04:41,7,True,2.0,2.0,0.0,0.0,9,1,0.824,0.906,0.0,4.222222222222222,0,0,0,22,6,2024-07-20 17:38:34,8,1.9047619047619047,1.8571428571428572,2.0,2.0,0.5389584311207966,21,0.00909090909090926
58,1928,"Ok , Focused , Wellrested , Optimistic , Fine",2024-07-29 12:01:15,7,True,2.0,2.0,0.0,0.0,9,1,0.7845,0.899,0.0,4.111111111111111,0,0,0,12,0,2024-07-20 17:38:34,8,1.9090909090909092,1.8636363636363635,2.0,2.0,0.5263613559678152,22,0.0
58,1932,"Ok , Focused , Determined , Optimistic , Fine",2024-07-29 17:09:25,7,True,2.0,2.0,1.0,0.0,9,1,0.8519,1.0,0.0,4.111111111111111,0,0,0,17,0,2024-07-20 17:38:34,8,1.9130434782608696,1.8695652173913044,2.0,2.0,0.5146087196961899,23,0.007575757575757569
58,1943,"Happy , Satiated , Focused , Determined , Optimistic",2024-07-29 22:26:45,7,True,3.0,2.0,1.0,-1.0,9,1,0.875,0.917,0.0,4.888888888888889,0,0,0,22,0,2024-07-20 17:38:34,9,1.9166666666666667,1.875,2.0,2.0,0.5036101551853349,24,0.0
58,1954,"I just woke up and I am feeling refreshed and well-rested . I am optimistic about how my day will be . I feel calm , not stressed . I am bursting with enthusiasm . As soon as I am done with this survey , I will get ready and prepare for my day at work later on .",2024-07-30 12:00:41,7,False,4.0,1.0,-2.0,1.0,59,0,0.8894,0.258,0.0,3.457627118644068,9,0,0,12,1,2024-07-20 17:38:34,9,1.96,1.88,3.0,2.0,0.5385164807134504,25,0.08333333333333326
58,1969,"I am starting my shift in a few minutes . I feel satiated and prepared . I feel relaxed right now . I am just waiting patiently for my shift to start . I am thinking about what I will do my next day off . Probably , doing some house cleaning and go to the movies , or go to the park .",2024-07-30 17:39:09,7,False,2.0,2.0,0.0,0.0,64,0,0.6249,0.098,0.0,3.453125,9,0,0,17,1,2024-07-20 17:38:34,10,2.0384615384615383,1.8461538461538463,4.0,1.0,0.6621642835894568,26,0.23076923076923062
58,1980,"I am on my lunch break and I feel good . No stress , no anxiety . I will eat a good lunch and take a nice walk outside . I am not worried about the rest of my shift . So far , nobody is bothering me and work is going smoothy . I will feel focused and ready .",2024-07-30 22:01:17,7,False,2.0,2.0,0.0,0.0,61,0,0.6234,0.251,0.185,3.2459016393442623,8,0,1,22,1,2024-07-20 17:38:34,10,2.037037037037037,1.8518518518518519,2.0,2.0,0.6493476893409429,27,0.21978021978021967
58,1991,"Ok , Fine , Wellrested , Determined , Focused",2024-07-31 12:07:42,7,True,2.0,2.0,1.0,0.0,9,1,0.7906,0.9,0.0,4.111111111111111,0,0,0,12,2,2024-07-20 17:38:34,10,2.0357142857142856,1.8571428571428572,2.0,2.0,0.6372477195601849,28,0.2142857142857142
58,2002,"Upbeat , Happy , Satiated , Excited , Optimistic",2024-07-31 17:04:24,7,True,3.0,2.0,0.0,0.0,9,1,0.8126,0.808,0.0,4.444444444444445,0,0,0,17,2,2024-07-20 17:38:34,10,2.0344827586206895,1.8620689655172413,2.0,2.0,0.6257999806356235,29,0.2047619047619047
58,2013,"Ok , Accomplished , Relieved , Happy , Proud",2024-07-31 22:02:55,7,True,3.0,2.0,0.0,0.0,9,1,0.926,1.0,0.0,4.0,0,0,0,22,2,2024-07-20 17:38:34,11,2.066666666666667,1.8666666666666667,3.0,2.0,0.639683829949492,30,0.26666666666666683
58,2024,"I just woke up , feeling content . Today is my day off . I get some reprieve from work and will enjoy myself . I will start my day , knowing it would be great and full of positive experiences . I cannot wait to take on that day and , hopefully , it would remain that way all day .",2024-08-01 12:09:55,7,False,3.0,2.0,-2.0,-1.0,62,0,0.9337,0.255,0.0,3.532258064516129,7,0,0,12,3,2024-07-20 17:38:34,11,2.096774193548387,1.8709677419354838,3.0,2.0,0.6508885572649857,31,0.31666666666666665
58,2036,"Tired , Accomplished , Proud , Satisfied , Happy",2024-08-01 17:00:39,7,True,1.0,1.0,1.0,1.0,9,1,0.8625,0.812,0.188,4.444444444444445,0,0,0,17,3,2024-07-20 17:38:34,11,2.125,1.875,3.0,2.0,0.6599120175960898,32,0.375
58,2041,"I am right now relaxing , watching online content on ORG . I feel fine , no stress and no anxiety . U feel accomplished before I was productive throughout the day by doing groceries and house chores . I know that tomorrow is going to be around .",2024-08-01 22:12:11,7,False,2.0,2.0,-1.0,-1.0,49,0,0.0,0.165,0.186,4.020408163265306,4,0,0,22,3,2024-07-20 17:38:34,12,2.090909090909091,1.8484848484848484,1.0,1.0,0.6784005252999681,33,0.2977941176470589
58,2042,"Hot , Sluggish , Disgusting , Thirsty , Lethargic",2024-08-02 12:01:34,7,True,1.0,1.0,1.0,1.0,9,1,-0.8074,0.0,0.806,4.555555555555555,0,0,0,12,4,2024-07-20 17:38:34,12,2.088235294117647,1.8529411764705883,2.0,2.0,0.6682245611851775,34,0.2941176470588236
58,2043,"Fine , Focused , Determined , Optimistic , Ready",2024-08-02 17:01:47,7,True,2.0,2.0,1.0,-1.0,9,1,0.8625,1.0,0.0,4.444444444444445,0,0,0,17,4,2024-07-20 17:38:34,12,2.057142857142857,1.8285714285714285,1.0,1.0,0.683539970123403,35,0.22549019607843124
58,2044,"I just finished lunch at work . It was a very good meal . I got more than I have ordered . I felt lucky and content about the outcome . Now , I am just relaxing until my lunch break is over . I feel happy . I hope that my level of happiness stays throughout the reminder of my shift tonight .",2024-08-02 22:37:14,7,False,3.0,1.0,0.0,0.0,64,0,0.9606,0.316,0.0,3.578125,10,0,1,22,4,2024-07-20 17:38:34,13,2.0555555555555554,1.8333333333333333,2.0,2.0,0.6737716630790093,36,0.2222222222222221
59,2045,"A combination of exhausted and a bit of anger . The anger mostly eaten up by the exhaustion in way that is not uncommon for me to feel . Maybe a bit stressed but the exhaustion usually muddles that too , so it ' s hard too gauge .",2024-08-06 12:31:01,7,False,0.0,1.0,1.0,0.0,49,0,-0.9036,0.0,0.315,3.7142857142857144,1,0,1,12,1,2024-08-06 12:31:01,0,2.0,1.0,2.0,1.0,0.0,0,0.0
59,2053,"Lethargic , Tired , Sleep , Bored , Sad",2024-08-06 17:09:02,7,True,1.0,1.0,0.0,0.0,9,1,-0.8519,0.0,0.912,3.4444444444444446,0,0,0,17,1,2024-08-06 12:31:01,0,0.0,1.0,0.0,1.0,0.0,1,0.0
59,2064,"Revitalized in a sense , I guess the feeling that I feel the strongest is being disconnected from myself in a sort of energizing way . A bit of satisification at the back of the disconnect but also all of that doesn ' t feel right in a sense so there ' s a bit of this ""taintedness "" behind everything .",2024-08-06 21:06:03,7,False,1.0,1.0,0.0,0.0,62,0,0.4684,0.103,0.0,3.903225806451613,3,0,1,21,1,2024-08-06 12:31:01,0,0.5,1.0,1.0,1.0,0.7071067811865476,2,1.0
59,2074,"A deep exhaustion is what I feel right now with a hint of this sort of aimlessness ? There are literally and more metaphorically a lot of avenues to go down but I feel like I ' ve been spun around emotionally too much for any ""direction "" to feel right .",2024-08-07 12:42:21,7,False,1.0,1.0,1.0,1.0,52,0,0.3612,0.072,0.039,3.9038461538461537,3,0,0,12,2,2024-08-06 12:31:01,1,0.6666666666666666,1.0,1.0,1.0,0.5773502691896258,3,1.0
59,2075,"Numb , Gray , Lukewarm , Bored , Out of focus",2024-08-08 17:01:42,7,True,2.0,2.0,1.0,-1.0,11,1,-0.5423,0.0,0.474,3.1818181818181817,0,0,0,17,3,2024-08-06 12:31:01,2,0.75,1.0,1.0,1.0,0.5,4,0.5
59,2077,"I don ' t feel like I ' m actually feeling much , sort of as if I ' m on most total auto-pilot and I ' m in the passenger ' s side . Out of tone I guess in a sense but I don ' t know , it ' s sort of nice in a sense . It ' s hard to really quantify .",2024-08-10 22:00:42,7,False,3.0,1.0,0.0,0.0,68,0,0.5662,0.146,0.037,2.6911764705882355,6,0,1,22,5,2024-08-06 12:31:01,4,1.0,1.2,2.0,2.0,0.7071067811865476,5,0.8333333333333333
59,2299,"I just feel like I ' m riding a soft wave that ' ll take me where I need to be eventually which isn ' t great but isn ' t bad . There ' s a steady light calm in me , something that comes around often but not forever .",2024-08-12 12:51:31,7,False,3.0,1.0,-3.0,0.0,52,0,0.128,0.169,0.11,3.1923076923076925,5,0,0,12,0,2024-08-06 12:31:01,6,1.3333333333333333,1.1666666666666667,3.0,1.0,1.0327955589886446,6,1.3333333333333335
59,2310,"Tired , Exhausted , Sluggish , Drained , Dulled",2024-08-13 12:29:11,7,True,0.0,1.0,1.0,0.0,9,1,-0.9022,0.0,1.0,4.333333333333333,0,0,0,12,1,2024-08-06 12:31:01,6,1.5714285714285714,1.1428571428571428,3.0,1.0,1.1338934190276817,7,1.5833333333333335
59,2321,"Tired , Calm , Relaxed , Drained , Dull",2024-08-13 17:47:19,7,True,1.0,1.0,0.0,0.0,9,1,-0.3818,0.404,0.596,3.4444444444444446,0,0,0,17,1,2024-08-06 12:31:01,7,1.375,1.125,0.0,1.0,1.1877349391654208,8,1.25
60,2412,"Relaxed , Peaceful , Connected , Happy , Fulfilled",2024-07-19 12:00:19,7,True,4.0,1.0,0.0,0.0,9,1,0.9169,0.928,0.0,4.666666666666667,0,0,0,12,4,2024-07-19 12:00:19,0,2.0,1.0,2.0,1.0,0.0,0,0.0
60,2413,"Happy , Content , Satisfied , Full , Excited",2024-07-19 17:01:01,7,True,4.0,1.0,0.0,0.0,9,1,0.836,0.817,0.0,4.0,0,0,0,17,4,2024-07-19 12:00:19,0,4.0,1.0,4.0,1.0,0.0,1,0.0
60,2414,"Happy , Rested , Confided , Rested , Fabulous s",2024-07-19 22:03:31,7,True,4.0,1.0,0.0,0.0,10,1,0.7964,0.703,0.0,3.8,0,0,0,22,4,2024-07-19 12:00:19,0,4.0,1.0,4.0,1.0,0.0,2,0.0
60,2415,"Satisfied , Excited , Rested , Happy , Busy",2024-07-20 12:00:33,7,True,4.0,1.0,0.0,0.0,9,1,0.836,0.817,0.0,3.888888888888889,0,0,0,12,5,2024-07-19 12:00:19,1,4.0,1.0,4.0,1.0,0.0,3,0.0
60,2416,I am currently feeling great   just went car shopping with my daughter   PERSON to work   feeling accomplished   so happy to have spent quality time with her   made me proud to have my college grad picking out her new car,2024-07-20 17:06:15,7,False,4.0,1.0,0.0,0.0,39,0,0.9441,0.348,0.0,4.435897435897436,4,0,1,17,5,2024-07-19 12:00:19,1,4.0,1.0,4.0,1.0,0.0,4,0.0
60,2426,"Full , Satisfied , Happy , Calm , Loved",2024-07-20 22:05:06,7,True,4.0,1.0,0.0,0.0,9,1,0.9136,0.927,0.0,3.4444444444444446,0,0,0,22,5,2024-07-19 12:00:19,1,4.0,1.0,4.0,1.0,0.0,5,0.0
60,2437,Feeling calm contend and relaxed   happy Sunday y favorite day of the week   \nSunday funday is what I call it   maybe church later   yoga ? A walk in the park   ready to set my to do list for this coming week   food shopping and preparations to be done,2024-07-21 12:00:20,7,False,4.0,1.0,0.0,0.0,48,0,0.9371,0.32,0.0,4.041666666666667,2,0,0,12,6,2024-07-19 12:00:19,2,4.0,1.0,4.0,1.0,0.0,6,0.0
60,2449,Currently feeling great and full   took a ride into GPE to have Our favorite mushroom truffle pizza    It’s so delicious makes me feel grateful and happy    So full thou    Beyond delicious and totally Sunday funday,2024-07-21 17:01:23,7,False,4.0,1.0,0.0,0.0,35,0,0.9771,0.479,0.0,4.857142857142857,1,0,2,17,6,2024-07-19 12:00:19,2,4.0,1.0,4.0,1.0,0.0,7,0.0
60,2460,"Hungry , Satisfied , Fulfilled , Tired , Excited",2024-07-21 22:32:01,7,True,4.0,1.0,0.0,0.0,9,1,0.6249,0.672,0.244,4.444444444444445,0,0,0,22,6,2024-07-19 12:00:19,2,4.0,1.0,4.0,1.0,0.0,8,0.0
60,2471,I am current feeling accomplished   it’s Monday morning   already went to yoga and the local bagel store for   Monday bagels and Lox cream cheese \nJust quoted car insurance for my daughters new car that we were able to find on Saturday   it’s already a good day,2024-07-22 12:01:02,7,False,4.0,1.0,0.0,0.0,46,0,0.743,0.151,0.0,4.543478260869565,2,0,0,12,0,2024-07-19 12:00:19,3,4.0,1.0,4.0,1.0,0.0,9,0.0
60,2482,8 pm   feeling tired but accomplished   went into the city for work back on GPE    pretty long day   making schedule for tomorrow and already see long day ahead \nAt least 2 yoga classes   brunch meeting with a client and lots of errands in between    Hoping to also solidify a rental deal,2024-07-22 22:07:36,7,False,4.0,1.0,0.0,0.0,51,0,0.9032,0.23,0.034,4.411764705882353,0,0,0,22,0,2024-07-19 12:00:19,3,4.0,1.0,4.0,1.0,0.0,10,0.0
60,2484,"Fulfilled , Content , Happy , Satisfied , Relaxed",2024-07-23 12:00:48,7,True,4.0,1.0,0.0,0.0,9,1,0.91,0.926,0.0,4.555555555555555,0,0,0,12,1,2024-07-19 12:00:19,4,4.0,1.0,4.0,1.0,0.0,11,0.0
60,2501,Hi ! Currently feeling accomplished banking with my 19 year old to transfer all paperwork credit cards etc in his name since   he will be moving back to ORG in GPE in a few weeks   Lots to be done with my twins before school begins again,2024-07-23 17:00:39,7,False,4.0,1.0,0.0,0.0,46,0,0.7424,0.151,0.0,4.086956521739131,2,1,0,17,1,2024-07-19 12:00:19,4,4.0,1.0,4.0,1.0,0.0,12,0.0
60,2512,Currently feeling content and ready to wind down taco today   dinner all done dusted cleaned   relaxing watching ORG vs Yankees and reading a book   making list for tomorrow’s agenda —-lots to be done,2024-07-23 22:02:44,7,False,4.0,1.0,0.0,0.0,33,0,0.7351,0.199,0.0,4.909090909090909,0,0,0,22,1,2024-07-19 12:00:19,4,4.0,1.0,4.0,1.0,0.0,13,0.0
60,2523,"Relaxed , Excited , Accomplished , Expectant , Satisfied",2024-07-24 12:00:30,7,True,4.0,1.0,0.0,0.0,9,1,0.8834,0.919,0.0,5.333333333333333,0,0,0,12,2,2024-07-19 12:00:19,5,4.0,1.0,4.0,1.0,0.0,14,0.0
60,2524,Currently feeling accomplished   beach yoga at 6 am today   solidified my daughters car deal   picking up tomorrow and a few other work things to be finished   zoom call at 5 for 2 hours and maybe sunset yoga at the beach tomorrow    Feeling great !,2024-07-24 17:00:38,7,False,4.0,1.0,0.0,0.0,44,0,0.8516,0.227,0.0,4.431818181818182,1,1,0,17,2,2024-07-19 12:00:19,5,4.0,1.0,4.0,1.0,0.0,15,0.0
60,2525,"Relaxed , Tired , Fulfilled , Calm , Exercised",2024-07-24 22:23:42,7,True,4.0,1.0,0.0,0.0,9,1,0.6597,0.68,0.238,4.222222222222222,0,0,0,22,2,2024-07-19 12:00:19,5,4.0,1.0,4.0,1.0,0.0,16,0.0
60,2527,Happy Thursday ! Feeling great   yoga class done already   just went to to bank got certified check to pick up my daughters new car today   super excited for her   a good day so far   no complaints so far !!! Cloudy overcast but humid as can be —,2024-07-25 12:05:24,7,False,4.0,1.0,0.0,0.0,47,0,0.827,0.253,0.07,4.042553191489362,1,4,2,12,3,2024-07-19 12:00:19,6,4.0,1.0,4.0,1.0,0.0,17,0.0
60,2537,Feeling so very excited   at ORG right now getting my daughter’s car   picking it up right now ! It’s beautiful   she is happy I am happy I am so excited for her   beyond excited !!!! \nOnce we leave here will go and get some food with get to celebrate her new beautiful car,2024-07-25 17:00:40,7,False,4.0,1.0,0.0,0.0,53,0,0.9838,0.425,0.017,4.037735849056604,3,5,3,17,3,2024-07-19 12:00:19,6,4.0,1.0,4.0,1.0,0.0,18,0.0
60,2566,"Relaxed , Happy , Fulfilled , Calm , Thoughtful",2024-07-25 22:01:05,7,True,4.0,1.0,0.0,0.0,9,1,0.9274,1.0,0.0,4.333333333333333,0,0,0,22,3,2024-07-19 12:00:19,6,4.0,1.0,4.0,1.0,0.0,19,0.0
60,2577,Hi happy Friday ! Feeling content and fulfilled . Just did an hour of Pilates so my body s feeling great sore but worked out .   Feeling great . And it’s Friday . Work n food shopping to be done and excited about a beautiful weekend coming up . Enjoy all !,2024-07-26 12:00:23,7,False,4.0,1.0,0.0,0.0,52,0,0.9807,0.479,0.028,3.9038461538461537,1,2,1,12,4,2024-07-19 12:00:19,7,4.0,1.0,4.0,1.0,0.0,20,0.0
61,2970,"Happy , Smile , Tired , Angry , Sad",2024-08-03 17:00:36,7,True,3.0,2.0,1.0,1.0,9,1,-0.4767,0.4,0.6,3.0,0,0,0,17,5,2024-08-03 17:00:36,0,2.0,1.0,2.0,1.0,0.0,0,0.0
61,2981,Right now I ' m feeling great . Was able to get some choir done such as cleaning and ordering food for my self . As right now I ' m feeling great I was able to clean up the entire living room and feeling very positive about it,2024-08-03 22:00:26,7,False,4.0,3.0,-2.0,0.0,49,0,0.9538,0.369,0.0,3.63265306122449,4,0,1,22,5,2024-08-03 17:00:36,0,3.0,2.0,3.0,2.0,0.0,1,0.0
61,2992,Having just woke up and starting my day I will be \nHave a positive attitude towards life and cleaning and taking care . Today I plan to knock out and clean the refrigerator and try and clean a little bit more I have a positive and have a great attitude,2024-08-04 12:06:39,7,False,2.0,3.0,-2.0,-2.0,50,0,0.9633,0.356,0.0,4.08,4,0,0,12,6,2024-08-03 17:00:36,0,3.5,2.5,4.0,3.0,0.7071067811865476,2,1.0
61,3003,"Tired , Anger , Relaxed , Focus , Determine",2024-08-04 17:15:19,7,True,0.0,1.0,4.0,0.0,9,1,-0.5267,0.271,0.559,3.888888888888889,0,0,0,17,6,2024-08-03 17:00:36,1,3.0,2.6666666666666665,2.0,3.0,1.0,3,0.0
61,3014,Have them woken up I was able to cook breakfast shower as well as I ' m getting a little running so I ' m going to get a few happy stuff I guess I ' m told you about the house I was such as and what they don ' t maintenance to fix the gas line and then do some shopping around the house,2024-08-05 17:26:35,7,False,4.0,1.0,0.0,0.0,66,0,0.7003,0.108,0.0,3.3484848484848486,6,0,1,17,0,2024-08-03 17:00:36,2,2.25,2.25,0.0,1.0,1.707825127659933,4,-2.5
61,3025,"Happy , Excited , Proud , Sad , Anger",2024-08-07 12:22:51,7,True,4.0,1.0,0.0,0.0,9,1,0.34,0.575,0.425,3.2222222222222223,0,0,0,12,2,2024-08-03 17:00:36,3,2.6,2.0,4.0,1.0,1.6733200530681511,5,-1.5
61,3037,"Sad , Upset , Frustration , Scared , Worry",2024-08-07 17:00:24,7,True,4.0,1.0,0.0,0.0,9,1,-0.9274,0.0,1.0,3.7777777777777777,0,0,0,17,2,2024-08-03 17:00:36,3,2.8333333333333335,1.8333333333333333,4.0,1.0,1.602081978759722,6,-0.3333333333333335
61,3043,"Tired , Worried , Scared , Happy , Fear",2024-08-07 22:07:05,7,True,4.0,1.0,0.0,0.0,9,1,-0.7579,0.248,0.752,3.4444444444444446,0,0,0,22,2,2024-08-03 17:00:36,4,3.0,1.7142857142857142,4.0,1.0,1.5275252316519468,7,0.0
61,3047,"Sad , Tired , Hungry , Happy , Excited",2024-08-10 17:00:25,7,True,4.0,1.0,0.0,0.0,9,1,0.0258,0.466,0.458,3.3333333333333335,0,0,0,17,5,2024-08-03 17:00:36,6,3.125,1.625,4.0,1.0,1.4577379737113252,8,1.75
61,3058,Right now I ' m feeling content calm and hungry so in a few minutes I will cook me a big meal I relax with some music and then also get service for items done around the house such as cleaning and cooking stuff,2024-08-10 22:02:02,7,False,4.0,1.0,0.0,0.0,44,0,0.6908,0.165,0.0,3.7954545454545454,4,0,1,22,5,2024-08-03 17:00:36,7,3.2222222222222223,1.5555555555555556,4.0,1.0,1.3944333775567925,9,1.75
62,3179,"In a few words ,... it ' s Election Day , so I ' m excited about voting . I ' m a bit concerned about the country and how everyone else is voting .   I ' m happy about getting to and through my 53rd birthday (the 1st) safe and sound .   I ' m content with life and where I am . I ' m feeling blessed to have made it this far .",2024-11-05 12:02:19,7,False,4.0,1.0,0.0,0.0,76,0,0.9339,0.251,0.0,3.25,7,0,1,12,1,2024-11-05 12:02:19,0,2.0,1.0,2.0,1.0,0.0,0,0.0
62,3190,"I did this earlier- no problem with redoing it ,... firstly , I am excited about today , my first Election Day as a voter . At the same time , I ' m a bit concerned about the country , both now and the immediate after of today .   I ' m also flummoxed over the loss of moral fiber in our country .   As for my individual life , I ' m grateful over getting to and through another birthday healthy and still here . I ' m appreciative for the people God has kept in my life all these years . And I ' m in rapt anticipation about what the rest of my year .",2024-11-05 17:07:11,7,False,4.0,1.0,0.0,0.0,119,0,0.7906,0.148,0.07,3.6134453781512605,11,0,0,17,1,2024-11-05 12:02:19,0,4.0,1.0,4.0,1.0,0.0,1,0.0
62,3193,"I don ' t have 200 words . I ' m very relaxed and content .   I ' m sitting here watching the early election results , and I ' m actually enthused over what we ' re seeing .   As far as my individual life goes , I ' m also very happy .   As I said earlier , I just had my 53rd birthday .   I feel blessed by being here and in pretty good health .",2024-11-05 22:26:03,7,False,4.0,1.0,-1.0,1.0,79,0,0.9661,0.313,0.0,3.2911392405063293,10,0,2,22,1,2024-11-05 12:02:19,0,4.0,1.0,4.0,1.0,0.0,2,0.0
62,3196,"Happy , Peaceful , Relaxed , Grateful , Content",2024-11-06 12:00:49,7,True,3.0,2.0,0.0,-1.0,9,1,0.9201,0.929,0.0,4.333333333333333,0,0,0,12,2,2024-11-05 12:02:19,0,4.0,1.0,4.0,1.0,0.0,3,0.0
62,3207,"I ' m in some physical pain right now-my knee gets sore every so often ,.. besides that , though , I ' m relaxed and contemplative today .   I was thinking back over 2024 so far and was very thankful for the first eleven months . I also found myself a bit anxious to see how the rest of the year will play out .   I was planning a trip down south for Christmas out earlier , and I ' m always excited for that",2024-11-06 17:01:36,7,False,3.0,1.0,1.0,0.0,86,0,0.6361,0.152,0.099,3.7093023255813953,7,0,3,17,2,2024-11-05 12:02:19,1,3.75,1.25,3.0,2.0,0.5,4,-0.5
62,3424,"Calm , Satisfied , Happy , Peaceful , Expectant",2024-11-06 22:19:47,7,True,4.0,1.0,0.0,0.0,9,1,0.9001,0.923,0.0,4.333333333333333,0,0,0,22,2,2024-11-05 12:02:19,1,3.6,1.2,3.0,1.0,0.5477225575051661,5,-0.6666666666666665
62,3436,"I ' m sorry I haven ' t given you your 200 word minimum once . I don ' t have 200 words to give you .   My feelings each day have been the same .   I ' m grateful for life , content with where and how it ' s going ,... I   can revisit a feeling from a couple of days ago .   The election is over and the country ' s selection is PERSON . I ' m not very happy about it . I believe , with plenty of proof provided by the man himself ; that our country is in grave danger of mass division . I can ' t let that change me , though .",2024-11-07 12:14:08,7,False,4.0,1.0,0.0,0.0,122,0,-0.7197,0.048,0.113,3.262295081967213,10,0,1,12,3,2024-11-05 12:02:19,2,3.6666666666666665,1.1666666666666667,4.0,1.0,0.5163977794943222,6,-0.6666666666666665
62,3447,"Once again , I don ' t have 200 words . I ' m grateful for another full day . I am still hurting some because of my knee , but I ' m at peace .   I am also very calm and cool . Lastly , I ' m very proud of my daughter and the woman she ' s becoming .",2024-11-07 22:00:46,7,False,4.0,1.0,0.0,0.0,63,0,0.9533,0.342,0.035,2.9523809523809526,8,0,2,22,3,2024-11-05 12:02:19,2,3.7142857142857144,1.1428571428571428,4.0,1.0,0.48795003647426655,7,-0.5
62,3458,"I ' m feeling good today . I have a doctor ' s appointment today , normal check up stuff , and I always enjoy my time at this office because of how friendly the girls are . I know these visits can cause stress for some people .   I ' m grateful to be alive to make the trips in the first place .",2024-11-08 12:15:11,7,False,4.0,1.0,0.0,0.0,65,0,0.9118,0.277,0.047,3.523076923076923,6,0,0,12,4,2024-11-05 12:02:19,3,3.75,1.125,4.0,1.0,0.4629100498862757,8,0.0
62,3465,"Calm , Cool , Collected , Chill , Content",2024-11-08 17:01:15,7,True,4.0,1.0,0.0,0.0,9,1,0.5574,0.605,0.0,3.6666666666666665,0,0,0,17,4,2024-11-05 12:02:19,3,3.7777777777777777,1.1111111111111112,4.0,1.0,0.4409585518440984,9,0.04999999999999982
62,3471,"I was just thinking back to where life had me two years ago .    I was incarcerated .   I didn ' t know what the next day held- November 2nd , 2022-and I was just happy to be alive . Fast forward to now ,... I ' m home . I ' m with my family .   I get to sleep in my bed and make my own food .   I am so very happy to be home .   Freedom should never be taken for granted .    Life is so much better when you ' re free .",2024-11-08 22:10:11,7,False,4.0,1.0,0.0,0.0,98,0,0.9708,0.256,0.0,3.1530612244897958,12,0,3,22,4,2024-11-05 12:02:19,3,3.8,1.1,4.0,1.0,0.4216370213557839,10,0.3999999999999999
62,3481,"Serene , Calm , Relaxed , Chill , Well",2024-11-09 12:03:20,7,True,4.0,1.0,0.0,0.0,9,1,0.8625,0.914,0.0,3.3333333333333335,0,0,0,12,5,2024-11-05 12:02:19,4,3.8181818181818183,1.0909090909090908,4.0,1.0,0.4045199174779452,11,0.3999999999999999
62,3492,"Happy , Relaxed , Contemplative , Calm , Focused",2024-11-09 17:01:23,7,True,4.0,1.0,0.0,0.0,9,1,0.8957,0.922,0.0,4.444444444444445,0,0,0,17,5,2024-11-05 12:02:19,4,3.8333333333333335,1.0833333333333333,4.0,1.0,0.38924947208076144,12,0.3333333333333335
62,3503,"So , I only need 200 letters , not words ,... I   was confused as to why you were asking for thar many words . Anyhow , nothing has changed with regards to how I have been feeling all week .   Blessed , content , grateful , relaxed ,... the same feelings I started this off with a couple days ago have remained .",2024-11-09 22:06:40,7,False,4.0,1.0,0.0,0.0,64,0,0.8519,0.197,0.039,3.828125,4,0,1,22,5,2024-11-05 12:02:19,4,3.8461538461538463,1.0769230769230769,4.0,1.0,0.37553380809940534,13,0.3333333333333335
62,3514,"Grateful , Happy , Relaxed , Content , Blissful",2024-11-10 12:02:41,7,True,4.0,1.0,0.0,0.0,9,1,0.93,0.932,0.0,4.333333333333333,0,0,0,12,6,2024-11-05 12:02:19,5,3.857142857142857,1.0714285714285714,4.0,1.0,0.3631365196012815,14,0.2857142857142856
62,3525,"I ' m feeling well . I was hurting physically the other day because of my knee- that ' s done . My knee pain was the only hurt I ' ve dealt with in the past week .   Again , I ' m blessed   and grateful for it .   I ' m content   as well",2024-11-10 17:01:35,7,False,4.0,1.0,0.0,0.0,56,0,0.296,0.247,0.184,3.107142857142857,7,0,0,17,6,2024-11-05 12:02:19,5,3.8666666666666667,1.0666666666666667,4.0,1.0,0.35186577527449836,15,0.2857142857142856
62,3541,"Happy , Relaxed , Calm , Chill , Composed",2024-11-10 22:02:46,7,True,4.0,1.0,0.0,0.0,9,1,0.8481,0.821,0.0,3.6666666666666665,0,0,0,22,6,2024-11-05 12:02:19,5,3.875,1.0625,4.0,1.0,0.3415650255319866,16,0.25
62,3552,"Relaxed , Calm , Collected , Cool , Grateful",2024-11-11 12:26:17,7,True,4.0,1.0,0.0,0.0,9,1,0.8689,0.915,0.0,4.0,0,0,0,12,0,2024-11-05 12:02:19,6,3.8823529411764706,1.0588235294117647,4.0,1.0,0.3321055820775357,17,0.25
62,3563,"Happy , Grateful , Peaceful , Blessed , Serene",2024-11-11 17:01:09,7,True,4.0,1.0,0.0,0.0,9,1,0.9501,1.0,0.0,4.222222222222222,0,0,0,17,0,2024-11-05 12:02:19,6,3.888888888888889,1.0555555555555556,4.0,1.0,0.3233808333817773,18,0.22222222222222232
62,3574,"I ' m happy .   I ' m actually happy about how I ' m physically feeling . My shoulder isn ' t hurting as bad as it usually is . My knee has stopped hurting altogether .   Right now , I feel whole physically , like I felt at age 25 . I am grateful for that .",2024-11-11 22:07:23,7,False,4.0,1.0,0.0,0.0,59,0,0.5574,0.271,0.203,3.305084745762712,8,0,0,22,0,2024-11-05 12:02:19,6,3.8947368421052633,1.0526315789473684,4.0,1.0,0.3153017676423058,19,0.22222222222222232
62,3585,"I was walking downstairs to my kitchen earlier and had to stop for a moment just to thank God for freedom of motion ,... do you know how many of us just automatically assume we should be able to go up and down stairs and turn our bodies to the left or right ? Do you know how many people woke up this morning and can ' t do that AT ALL ? Just something to consider ,.. I ' m grateful .",2024-11-12 12:24:30,7,False,4.0,1.0,0.0,0.0,83,0,0.8738,0.148,0.027,3.6506024096385543,3,0,0,12,1,2024-11-05 12:02:19,7,3.9,1.05,4.0,1.0,0.3077935056255462,20,0.20000000000000018
62,3596,"Grateful , Happy , Calm , Relaxed , Peaceful",2024-11-12 17:03:04,7,True,4.0,1.0,0.0,0.0,9,1,0.9371,1.0,0.0,4.0,0,0,0,17,1,2024-11-05 12:02:19,7,3.9047619047619047,1.0476190476190477,4.0,1.0,0.30079260375911915,21,0.20000000000000018
62,3606,"Content , Calm , Relaxed , Complete , Comfortable",2024-11-12 22:11:11,7,True,4.0,1.0,0.0,0.0,9,1,0.8316,0.815,0.0,4.555555555555555,0,0,0,22,1,2024-11-05 12:02:19,7,3.909090909090909,1.0454545454545454,4.0,1.0,0.29424494316824984,22,0.18181818181818166
62,3617,I ' m feeling good today .   I ' m on my way to a focus group that I set up for myself yesterday .   I ' m feeling good about it because I was able to tell these people about their lack of professionalism in past dealings with them and not lose my cool,2024-11-13 12:02:32,7,False,4.0,1.0,-4.0,0.0,55,0,0.7,0.224,0.086,3.5272727272727273,8,0,0,12,2,2024-11-05 12:02:19,8,3.9130434782608696,1.0434782608695652,4.0,1.0,0.28810406552003043,23,0.18181818181818166
62,3628,"Had a long day . Traveled from home up to GPE  for a meeting that lasted four hours . Got a ORG up there and that ride was an hour .   After the meeting ended , I waited almost another hour for my ORG back , and that ride was during rush hour traffic out of GPE  , so that took   another hour and a half .   All in all , the day was good",2024-11-13 22:07:45,7,False,0.0,1.0,4.0,0.0,75,0,0.4404,0.045,0.0,3.4,2,0,1,22,2,2024-11-05 12:02:19,8,3.9166666666666665,1.0416666666666667,4.0,1.0,0.28232985128663995,24,0.16666666666666652
62,3639,"I ' m well rested from my busy day yesterday . I have another day like that next week but I ' m down for that every so often .   I feel accomplished today .   I ' m relaxed and chill . I ' m also in planning mode , with a couple of focus groups ahead .",2024-11-14 12:37:11,7,False,4.0,1.0,0.0,0.0,58,0,0.8967,0.264,0.0,3.293103448275862,7,0,1,12,3,2024-11-05 12:02:19,9,3.76,1.04,0.0,1.0,0.8306623862918076,25,-0.14102564102564097
62,3645,"Relaxed , Calm , Contemplative , Cool , Serene",2024-11-14 17:15:52,7,True,4.0,1.0,0.0,0.0,9,1,0.8689,0.915,0.0,4.222222222222222,0,0,0,17,3,2024-11-05 12:02:19,9,3.769230769230769,1.0384615384615385,4.0,1.0,0.815239464584109,26,-0.15384615384615374
62,3653,"Relaxed , Calm , Aged , Happy , Accomplished",2024-11-14 22:04:07,7,True,4.0,1.0,0.0,0.0,9,1,0.9022,0.924,0.0,4.0,0,0,0,22,3,2024-11-05 12:02:19,9,3.7777777777777777,1.037037037037037,4.0,1.0,0.8006407690254357,27,-0.13186813186813184
62,3664,"Peaceful , Grateful , Relaxed , Thoughtful , Relaxed",2024-11-15 12:01:07,7,True,4.0,1.0,0.0,0.0,9,1,0.9349,1.0,0.0,4.888888888888889,0,0,0,12,4,2024-11-05 12:02:19,9,3.7857142857142856,1.0357142857142858,4.0,1.0,0.7867957924694432,28,-0.1428571428571428
62,3675,"Calm , Relaxed , Chill , Anticipatory , Thoughtful",2024-11-15 17:16:47,7,True,4.0,1.0,0.0,0.0,9,1,0.7964,0.802,0.0,4.666666666666667,0,0,0,17,4,2024-11-05 12:02:19,10,3.793103448275862,1.0344827586206897,4.0,1.0,0.7736421443326913,29,-0.12380952380952381
62,3686,"Well Rested , Calm , Collected , Grateful , Alive",2024-11-16 12:40:26,7,True,4.0,1.0,0.0,0.0,10,1,0.8402,0.833,0.0,4.0,0,0,0,12,5,2024-11-05 12:02:19,11,3.8,1.0333333333333334,4.0,1.0,0.7611243951073873,30,-0.1333333333333333
62,3697,"Relaxed , Calm , Grateful , Reflective , Chill",2024-11-16 22:03:09,7,True,4.0,1.0,0.0,0.0,9,1,0.8176,0.81,0.0,4.222222222222222,0,0,0,22,5,2024-11-05 12:02:19,11,3.806451612903226,1.032258064516129,4.0,1.0,0.7491931143441224,31,-0.1166666666666667
62,3703,"It ' s church day , another Sunday that I ' m blessed to see . I ' m acutely aware that there are lots of people who were here yesterday and aren ' t today . They can ' t say good morning .   They didn ' t even get a chance to say goodbye .   Very blessed to be here",2024-11-17 12:01:42,7,False,4.0,1.0,0.0,0.0,62,0,0.9136,0.25,0.0,3.2419354838709675,2,0,1,12,6,2024-11-05 12:02:19,11,3.8125,1.03125,4.0,1.0,0.7378040652569471,32,-0.125
62,3704,"Calm , Collected , Relaxed , Grateful , Sleepy",2024-11-17 17:01:53,7,True,4.0,1.0,0.0,0.0,9,1,0.8176,0.81,0.0,4.222222222222222,0,0,0,17,6,2024-11-05 12:02:19,12,3.8181818181818183,1.0303030303030303,4.0,1.0,0.7269175268963398,33,-0.11029411764705888
62,3705,"Well rested , Thoughtful , Grateful , Hopeful , Confident",2024-11-18 12:01:59,7,True,4.0,1.0,0.0,0.0,10,1,0.9217,0.934,0.0,4.8,0,0,0,12,0,2024-11-05 12:02:19,12,3.823529411764706,1.0294117647058822,4.0,1.0,0.7164977208318386,34,-0.11764705882352944
62,3714,"I ' m cool ,.. watching the ORG play right now is extremely upsetting and embarrassing , but that ' s their problem .. It does irritate me as a ORG fan , but I am just a fan .   As far as how I ' m doing individually , I had a great day .   I was able to get a couple of clinical trials set up , and I make good money from those .",2024-11-18 22:47:02,7,False,4.0,1.0,0.0,0.0,77,0,0.8111,0.253,0.153,3.2467532467532467,7,0,1,22,0,2024-11-05 12:02:19,13,3.8285714285714287,1.0285714285714285,4.0,1.0,0.7065123239304082,35,-0.10457516339869288
63,4654,"Happy , Active , Cool , Energetic , Fine",2024-11-12 12:05:40,7,True,3.0,2.0,-1.0,1.0,9,1,0.9081,1.0,0.0,3.5555555555555554,0,0,0,12,1,2024-11-12 12:05:40,0,2.0,1.0,2.0,1.0,0.0,0,0.0
63,4655,"Active , Cool , Calm , Reserved , Fine",2024-11-12 17:10:01,7,True,2.0,3.0,1.0,0.0,9,1,0.7964,0.901,0.0,3.3333333333333335,0,0,0,17,1,2024-11-12 12:05:40,0,3.0,2.0,3.0,2.0,0.0,1,0.0
63,4656,"Calm , Cool , Neutral , Reserved , Fine",2024-11-12 22:09:54,7,True,3.0,3.0,0.0,-1.0,9,1,0.6597,0.762,0.0,3.4444444444444446,0,0,0,22,1,2024-11-12 12:05:40,0,2.5,2.5,2.0,3.0,0.7071067811865476,2,-1.0
63,4657,"Happy , Cool , Active , Fantastic , Fine",2024-11-13 12:08:50,7,True,3.0,2.0,-1.0,1.0,9,1,0.9201,1.0,0.0,3.5555555555555554,0,0,0,12,2,2024-11-12 12:05:40,1,2.6666666666666665,2.6666666666666665,3.0,3.0,0.5773502691896258,3,-0.5
63,4658,"Right now , I’d say I’m feeling really happy . It’s been a good day—everything seems to be falling into place , and I’m surrounded by people who make me feel supported . I’ve been able to do things that bring me joy , like spending time with friends , enjoying a favorite hobby , or just relaxing . It’s one of those moments where I feel content with where I am , and I’m grateful for the little things .",2024-11-13 17:06:26,7,False,2.0,3.0,1.0,-1.0,81,0,0.9836,0.366,0.018,4.0,4,0,1,17,2,2024-11-12 12:05:40,1,2.75,2.5,3.0,2.0,0.5,4,0.5
63,4659,"Happy , Cool , Delightful , Reserved , Active",2024-11-13 22:02:43,7,True,3.0,2.0,-1.0,0.0,9,1,0.91,0.926,0.0,4.111111111111111,0,0,0,22,2,2024-11-12 12:05:40,1,2.6,2.6,2.0,3.0,0.5477225575051661,5,0.16666666666666652
63,4661,"Calm , Warmth , Lightheaded , Anxious , Cool",2024-11-14 12:01:08,7,True,2.0,2.0,1.0,1.0,9,1,0.6808,0.717,0.189,4.0,0,0,0,12,3,2024-11-12 12:05:40,1,2.6666666666666665,2.5,3.0,2.0,0.5163977794943222,6,0.0
63,4662,"I am feeling somewhat lively today . There ' s a bit of energy in the air , and even though it’s been a busy morning , I’m staying upbeat . It’s one of those days where I’m motivated to get things done , but also taking moments to enjoy the little things around me .",2024-11-14 17:15:33,7,False,3.0,3.0,0.0,0.0,56,0,0.8361,0.214,0.0,3.767857142857143,2,0,0,17,3,2024-11-12 12:05:40,2,2.5714285714285716,2.4285714285714284,2.0,2.0,0.5345224838248488,7,-0.16666666666666652
63,4663,"Right now , I’d say I’m feeling really happy . It’s been a good day—everything seems to be falling into place , and I’m surrounded by people who make me feel supported . I’ve been able to do things that bring me joy , like spending time with friends , enjoying a favorite hobby , or just relaxing . It’s one of those moments where I feel content with where I am , and I’m grateful for the little things .  ",2024-11-14 22:06:09,7,False,3.0,3.0,1.0,-2.0,81,0,0.9836,0.366,0.018,4.0,4,0,1,22,3,2024-11-12 12:05:40,2,2.625,2.5,3.0,3.0,0.5175491695067657,8,-0.25
63,4664,"I am currently feeling a sense of calm and focus . It ' s one of those moments when everything feels balanced , and I can approach things with a clear mind . There’s also a subtle excitement beneath the calm , as I know there’s always something new to learn and discover , whether through conversations or experiences . It’s a quiet contentment , mixed with a bit of curiosity about what comes next .",2024-11-15 12:15:35,7,False,4.0,1.0,-2.0,2.0,76,0,0.9081,0.217,0.0,4.276315789473684,3,0,0,12,4,2024-11-12 12:05:40,3,2.6666666666666665,2.5555555555555554,3.0,3.0,0.5,9,-0.1499999999999999
63,4665,"Active , Happy , Cool , Amazing , Reserved",2024-11-15 22:15:06,7,True,2.0,3.0,0.0,0.0,9,1,0.91,0.926,0.0,3.7777777777777777,0,0,0,22,4,2024-11-12 12:05:40,3,2.8,2.4,4.0,1.0,0.6324555320336759,10,0.3999999999999999
63,4666,"I am feeling somewhat lively today . There ' s a bit of energy in the air , and even though it’s been a busy morning , I’m staying upbeat . It’s one of those days where I’m motivated to get things done , but also taking moments to enjoy the little things around me .",2024-11-16 12:08:06,7,False,2.0,3.0,1.0,0.0,56,0,0.8361,0.214,0.0,3.767857142857143,2,0,0,12,5,2024-11-12 12:05:40,4,2.727272727272727,2.4545454545454546,2.0,3.0,0.6466697906828632,11,0.2333333333333334
63,4667,"Happy , Calm , Relaxed , Cool , Coordinated",2024-11-16 22:10:56,7,True,3.0,3.0,-1.0,0.0,9,1,0.8885,0.92,0.0,3.888888888888889,0,0,0,22,5,2024-11-12 12:05:40,4,2.6666666666666665,2.5,2.0,3.0,0.6513389472789296,12,0.0
63,4668,"I am feeling somewhat lively today . There ' s a bit of energy in the air , and even though it’s been a busy morning , I’m staying upbeat . It’s one of those days where I’m motivated to get things done , but also taking moments to enjoy the little things around me .",2024-11-17 12:03:03,7,False,2.0,3.0,1.0,-1.0,56,0,0.8361,0.214,0.0,3.767857142857143,2,0,0,12,6,2024-11-12 12:05:40,4,2.6923076923076925,2.5384615384615383,3.0,3.0,0.6304251719561151,13,0.047619047619047894
63,4669,"Active , Cool , Happy , Reserved , Demure",2024-11-17 17:14:16,7,True,3.0,2.0,0.0,0.0,9,1,0.8271,0.813,0.0,3.6666666666666665,0,0,0,17,6,2024-11-12 12:05:40,5,2.642857142857143,2.5714285714285716,2.0,3.0,0.633323693776651,14,0.1428571428571428
63,4670,"Happy , Cool , Satisfied , Reserved , Active",2024-11-17 22:17:09,7,True,3.0,2.0,-1.0,1.0,9,1,0.8885,0.92,0.0,4.0,0,0,0,22,6,2024-11-12 12:05:40,5,2.6666666666666665,2.533333333333333,3.0,2.0,0.6172133998483678,15,0.17857142857142838
63,4672,"Active , Cool , Happy , Amazed , Qualified",2024-11-18 22:03:52,7,True,2.0,3.0,2.0,-2.0,9,1,0.8979,0.922,0.0,3.7777777777777777,0,0,0,22,0,2024-11-12 12:05:40,6,2.6875,2.5,3.0,2.0,0.6020797289396148,16,0.125
63,4673,"Right now , I feel somewhat calm , though there ' s a quiet sense of restlessness beneath the surface . While I’m not feeling particularly stressed , there’s a slight undercurrent of anticipation as I work through tasks and think about upcoming challenges .",2024-11-19 12:33:00,7,False,4.0,1.0,0.0,0.0,45,0,0.3378,0.181,0.093,4.733333333333333,2,0,0,12,1,2024-11-12 12:05:40,7,2.6470588235294117,2.5294117647058822,2.0,3.0,0.6063390625908325,17,0.04166666666666652
63,4674,"Cool , Calm , Reserved , Relaxed , Good",2024-11-19 17:40:12,7,True,4.0,1.0,-1.0,1.0,9,1,0.8658,0.915,0.0,3.4444444444444446,0,0,0,17,1,2024-11-12 12:05:40,7,2.7222222222222223,2.4444444444444446,4.0,1.0,0.6691131580686884,18,0.11111111111111116
63,4675,"Happy , Cool , Reserved , Good , Calm",2024-11-19 22:01:58,7,True,3.0,2.0,-1.0,1.0,9,1,0.8807,0.918,0.0,3.2222222222222223,0,0,0,22,1,2024-11-12 12:05:40,7,2.789473684210526,2.3684210526315788,4.0,1.0,0.7132825035177587,19,0.2333333333333334
63,4676,"Right now , I feel somewhat calm , though there ' s a quiet sense of restlessness beneath the surface . While I’m not feeling particularly stressed , there’s a slight undercurrent of anticipation as I work through tasks and think about upcoming challenges .",2024-11-20 12:50:52,7,False,2.0,3.0,2.0,-1.0,45,0,0.3378,0.181,0.093,4.733333333333333,2,0,0,12,2,2024-11-12 12:05:40,8,2.8,2.35,3.0,2.0,0.6958523739384594,20,0.0
63,4677,"Right now , I feel somewhat calm , though there ' s a quiet sense of restlessness beneath the surface . While I’m not feeling particularly stressed , there’s a slight undercurrent of anticipation as I work through tasks and think about upcoming challenges .",2024-11-20 17:35:58,7,False,4.0,2.0,0.0,-1.0,45,0,0.3378,0.181,0.093,4.733333333333333,2,0,0,17,2,2024-11-12 12:05:40,8,2.761904761904762,2.380952380952381,2.0,3.0,0.7003400534570262,21,-0.07272727272727275
63,4678,"Calm , Cool , Reserved , Fine , Amazed",2024-11-20 22:03:50,7,True,4.0,1.0,0.0,1.0,9,1,0.8225,0.906,0.0,3.3333333333333335,0,0,0,22,2,2024-11-12 12:05:40,8,2.8181818181818183,2.3636363636363638,4.0,2.0,0.7326639999321223,22,0.1818181818181821
63,4679,"I am currently feeling very happy , and it’s a wonderful sense of contentment that’s filling me up . Everything around me seems to be falling into place , and I’m enjoying the little things , like a good conversation or a moment of peace . There’s a kind of calm joy in knowing that I’m in a good place right now , mentally and emotionally .",2024-11-21 12:03:30,7,False,4.0,2.0,0.0,0.0,67,0,0.9823,0.422,0.021,4.104477611940299,3,0,1,12,3,2024-11-12 12:05:40,8,2.869565217391304,2.3043478260869565,4.0,1.0,0.7570485649179112,23,0.27272727272727293
63,4680,"I am currently feeling very happy , and it’s a wonderful sense of contentment that’s filling me up . Everything around me seems to be falling into place , and I’m enjoying the little things , like a good conversation or a moment of peace . There’s a kind of calm joy in knowing that I’m in a good place right now , mentally and emotionally .",2024-11-21 17:52:46,7,False,4.0,2.0,0.0,0.0,67,0,0.9823,0.422,0.021,4.104477611940299,3,0,1,17,3,2024-11-12 12:05:40,9,2.9166666666666665,2.2916666666666665,4.0,2.0,0.7755316082290384,24,0.5
63,4681,"Happy , Cool , Active , Fine , Reserved",2024-11-21 22:11:13,7,True,4.0,2.0,0.0,1.0,9,1,0.8591,0.913,0.0,3.4444444444444446,0,0,0,22,3,2024-11-12 12:05:40,9,2.96,2.28,4.0,2.0,0.7895146188218007,25,0.5641025641025643
63,4683,"Enthusiastic , Excited , Lively , Relaxed , Serene",2024-11-22 12:11:32,7,True,4.0,3.0,0.0,-1.0,9,1,0.9287,1.0,0.0,4.666666666666667,0,0,0,12,4,2024-11-12 12:05:40,10,3.0,2.269230769230769,4.0,2.0,0.8,26,0.615384615384615
63,4684,"I am currently feeling very happy , and it’s a wonderful sense of contentment that’s filling me up . Everything around me seems to be falling into place , and I’m enjoying the little things , like a good conversation or a moment of peace . There’s a kind of calm joy in knowing that I’m in a good place right now , mentally and emotionally .",2024-11-23 12:15:11,7,False,4.0,2.0,0.0,0.0,67,0,0.9823,0.422,0.021,4.104477611940299,3,0,1,12,5,2024-11-12 12:05:40,11,3.037037037037037,2.2962962962962963,4.0,3.0,0.8077262236808042,27,0.6648351648351647
63,4685,"I am currently feeling very happy , and it’s a wonderful sense of contentment that’s filling me up . Everything around me seems to be falling into place , and I’m enjoying the little things , like a good conversation or a moment of peace . There’s a kind of calm joy in knowing that I’m in a good place right now , mentally and emotionally .",2024-11-23 17:58:46,7,False,4.0,2.0,0.0,0.0,67,0,0.9823,0.422,0.021,4.104477611940299,3,0,1,17,5,2024-11-12 12:05:40,11,3.0714285714285716,2.2857142857142856,4.0,2.0,0.8132500607904444,28,0.8571428571428572
63,4686,"Happy , Active , Cool , Fine , Reserved",2024-11-23 22:24:00,7,True,4.0,2.0,0.0,0.0,9,1,0.8591,0.913,0.0,3.4444444444444446,0,0,0,22,5,2024-11-12 12:05:40,11,3.103448275862069,2.2758620689655173,4.0,2.0,0.8169991950602302,29,0.8904761904761904
63,4687,"Active , Happy , Excited , Cool , Reserved",2024-11-24 17:23:54,7,True,4.0,2.0,0.0,0.0,9,1,0.8779,0.917,0.0,3.7777777777777777,0,0,0,17,6,2024-11-12 12:05:40,12,3.1333333333333333,2.2666666666666666,4.0,2.0,0.8193072487266861,30,0.9333333333333336
63,4688,"Right now , I’m feeling incredibly upbeat and content . There’s a sense of warmth and positivity that fills me , making everything feel brighter and more enjoyable . It’s as if the little moments in life have become more meaningful , and I find myself smiling at even the simplest things .\ n \ nIn this happy mood , everything around me seems to sparkle with possibility . I feel a sense of gratitude for the good things in my life , no matter how small .",2024-11-25 12:27:56,7,False,4.0,2.0,0.0,0.0,88,0,0.9826,0.351,0.023,4.193181818181818,6,0,0,12,0,2024-11-12 12:05:40,13,3.161290322580645,2.2580645161290325,4.0,2.0,0.8204378584450456,31,0.9583333333333335
64,4689,"Calm , Thoughtful , Extra , Generous , Happy",2024-08-10 17:07:48,7,True,2.0,1.0,0.0,1.0,9,1,0.8979,0.922,0.0,4.0,0,0,0,17,5,2024-08-10 17:07:48,0,2.0,1.0,2.0,1.0,0.0,0,0.0
64,4690,"I’m feel just normal , not too sad not too happy \nJust placing my emotions in one place actually \nI’m hungry at the same time tired too \nI feel like having burgers but my mouth is very sort and I don’t o know how to sort that out",2024-08-10 22:06:01,7,False,2.0,2.0,2.0,-1.0,48,0,-0.1083,0.073,0.081,3.8541666666666665,3,0,1,22,5,2024-08-10 17:07:48,0,2.0,1.0,2.0,1.0,0.0,1,0.0
64,4691,"I’m peaceful and calm , PERSON really have nothin bothering me actually , I’m abit lonely but then I need company and also I want to go out too \nBut I feel not bad but happy and restful \nI want to see my partner and talk about things and eat good food",2024-08-11 12:13:36,7,False,4.0,1.0,-1.0,2.0,52,0,0.8337,0.282,0.123,3.8846153846153846,5,0,1,12,6,2024-08-10 17:07:48,0,2.0,1.5,2.0,2.0,0.0,2,0.0
64,4692,"Bored , In between happiness , Not so happy , PERSON , PERSON",2024-08-11 17:00:48,7,True,3.0,3.0,1.0,-2.0,13,1,-0.1815,0.241,0.356,3.769230769230769,0,0,1,17,6,2024-08-10 17:07:48,0,2.6666666666666665,1.3333333333333333,4.0,1.0,1.1547005383792515,3,1.0
64,4694,"I’m calm not doing To much , I’m tired and I want to get a lot of things done and all of that and you know I want to be able to help myself , work is kinda tiring and everomw is just there full rough and calm \nI’m just in a particular posture",2024-08-12 12:01:18,7,False,4.0,1.0,-2.0,1.0,54,0,0.6124,0.181,0.053,3.5185185185185186,3,0,0,12,0,2024-08-10 17:07:48,1,2.75,1.75,3.0,3.0,0.9574271077563381,4,1.5
64,4695,"Good , Relaxed , Not troubled , Focused , Happy",2024-08-12 22:05:00,7,True,2.0,2.0,2.0,0.0,10,1,0.5264,0.581,0.351,3.8,0,0,0,22,0,2024-08-10 17:07:48,2,3.0,1.6,4.0,1.0,1.0,5,1.6666666666666665
64,4696,"I’m very happy and energized and all of that , I was able to witness something beautiful in my presence and it really motivated me that young people are able to share there experiences and be happy about it and all .\nI’m happy because there was no fear towards sharing this information with me",2024-08-13 12:02:08,7,False,4.0,2.0,0.0,1.0,54,0,0.973,0.369,0.072,4.462962962962963,4,0,2,12,1,2024-08-10 17:07:48,2,2.8333333333333335,1.6666666666666667,2.0,2.0,0.983192080250175,6,0.3333333333333335
64,4697,"I’m lively not doing to much , leaving by the moment sharing word with family and loved one practically having nice moments and all that is let \nMemories are made a lot of things are inclusive and all of that \nI’m just you know everywhere doing everything",2024-08-13 17:25:30,7,False,4.0,3.0,-1.0,-2.0,47,0,0.9081,0.232,0.0,4.48936170212766,0,0,0,17,1,2024-08-10 17:07:48,3,3.0,1.7142857142857142,4.0,2.0,1.0,7,0.5833333333333335
64,4698,"In pain , Relaxed , Stressed , Sleepy , Feverish",2024-08-13 22:00:58,7,True,3.0,1.0,0.0,0.0,10,1,-0.3612,0.269,0.479,3.9,0,0,0,22,1,2024-08-10 17:07:48,3,3.125,1.875,4.0,3.0,0.9910312089651149,8,0.75
64,4699,"I’m abit contented , not doing anything serious , just there at aparticular location not doing anything , just thanking God for everything expecially daily involvement and activities and all of that \nI’m just somewhat contented Because I got food to eat and all bed to rest on",2024-08-14 12:54:03,7,False,3.0,1.0,-1.0,1.0,48,0,0.7288,0.169,0.0,4.791666666666667,1,0,0,12,2,2024-08-10 17:07:48,3,3.111111111111111,1.7777777777777777,3.0,1.0,0.927960727138337,9,0.6499999999999999
64,4700,"I feel okay actually , I feel better \nI feel calm , I feel like a bunch of joy , I feel like things will be fine , I feel it’s a matter of time , I feel I miss my family \n , I’m in a very cheerful mood and place and all of that I’m in between happiness and I like how it’s going and all that happening is joyful",2024-08-14 17:13:28,7,False,2.0,2.0,0.0,0.0,72,0,0.9817,0.428,0.021,3.361111111111111,9,0,1,17,2,2024-08-10 17:07:48,4,3.1,1.7,3.0,1.0,0.8755950357709131,10,0.20000000000000018
64,4701,"I’m a natural because everything is stressful but then I’m neutral , I have to deal with both gappy and sad things are happening you know I’m just a natural I can’t really say how I feel at the moment \nThings are just some type of way I can’t really say tho",2024-08-14 22:03:03,7,False,2.0,2.0,-2.0,-1.0,52,0,-0.3182,0.096,0.12,3.980769230769231,4,0,2,22,2,2024-08-10 17:07:48,4,3.0,1.7272727272727273,2.0,2.0,0.8944271909999159,11,0.0
64,4702,I’m abit tired and all of that \nI have a lot to do and a lot of emotions attached at the moment \nBeen feeling abit stressed out and unhappy life just stressing me and all of that \nA lot of drama has been happening lately,2024-08-15 12:02:18,7,False,0.0,1.0,4.0,0.0,45,0,-0.8442,0.03,0.212,3.977777777777778,1,0,0,12,3,2024-08-10 17:07:48,4,2.9166666666666665,1.75,2.0,2.0,0.90033663737852,12,0.16666666666666652
64,4703,"I’m calm because I have a nap all day ,barely had anything to eat it’s just calm that I’m able to take a nap out of others , so I’m calm and trying to regain strength and all of that .\nA lot of drama but then been having on hell of a day so a nap was the best thing and it came through too",2024-08-16 12:36:29,7,False,4.0,1.0,0.0,1.0,65,0,0.5346,0.178,0.089,3.476923076923077,1,0,2,12,4,2024-08-10 17:07:48,5,2.6923076923076925,1.6923076923076923,0.0,1.0,1.1821319289469756,13,-0.26190476190476186
64,4705,"Lively , Happy , Cheerful , Joy filled , Beautiful",2024-08-16 17:01:38,7,True,4.0,2.0,-3.0,0.0,10,1,0.9571,0.947,0.0,4.1,0,0,0,17,4,2024-08-10 17:07:48,5,2.7857142857142856,1.6428571428571428,4.0,1.0,1.1883130530663677,14,-0.4285714285714284
64,4706,"I’m very sad because I got things to do , but I’m in pains I feel very low at this point \nI feel no one is going to help isn’t coming to my aid \nI feel very stressed out \nMy tooth hurts \nAnd I’m not getting enough sleep and all that’s to be said but then I can’t do nothing about it \nIt will pass",2024-08-16 22:00:36,7,False,1.0,2.0,1.0,1.0,65,0,-0.9425,0.046,0.253,3.646153846153846,4,0,3,22,4,2024-08-10 17:07:48,6,2.8666666666666667,1.6666666666666667,4.0,2.0,1.1872336794093272,15,-0.25
64,4707,"I’m very active \nI’m hyper , I have a good day going on \nIt’s been enjoyable and alll of that \nI’m having sense of relief and I’m very calm \nI feel happy and strong too \nI’m able to do what I want \nI’m really strong and hyper \nHad a very rough week but I’m practically very strong rn",2024-08-17 12:01:13,7,False,2.0,3.0,2.0,-2.0,58,0,0.9516,0.338,0.0,4.017241379310345,2,0,5,12,5,2024-08-10 17:07:48,6,2.75,1.6875,1.0,2.0,1.2382783747337807,16,-0.75
64,4708,"Restful , Excited , Stressed , Abit worried , Nervous",2024-08-17 22:00:41,7,True,4.0,1.0,0.0,0.0,10,1,-0.2023,0.389,0.532,4.4,0,0,0,22,5,2024-08-10 17:07:48,7,2.7058823529411766,1.7647058823529411,2.0,3.0,1.212678125181665,17,-0.7916666666666665
64,4709,I’m less stressed very happy and contented and the fact that it’s Sunday is a whole new vibe also \nThings have been turning fine on my ends and life seems fair \nI’m feeling calm and thoughtful at the same time it’s not easy but I’m at it I guess,2024-08-18 12:06:11,7,False,4.0,1.0,0.0,0.0,49,0,0.6898,0.225,0.061,4.061224489795919,2,0,1,12,6,2024-08-10 17:07:48,7,2.7777777777777777,1.7222222222222223,4.0,1.0,1.2153699778283713,18,-0.6666666666666665
66,4774,"Presently I’m radiating vibrant energy , my jovial spirit vivacious and zestful . An exhilarating euphoria coursed through me , rendering me absolutely radiant with an enthusiastic likeness that I could barely be contained .",2024-07-26 17:39:49,7,False,3.0,1.0,-1.0,0.0,35,0,0.9764,0.558,0.0,5.428571428571429,4,0,1,17,4,2024-07-26 17:39:49,0,2.0,1.0,2.0,1.0,0.0,0,0.0
66,4775,"My overall emotional state can best be described as quite . There is a serene , tranquil quality to how I am feeling right now , a sense of calmness and composure that permeates my inner experience . \nI find myself content to simply exist in this calm , grounded manner .",2024-07-27 12:07:57,7,False,2.0,1.0,1.0,1.0,52,0,0.9336,0.322,0.0,4.25,4,0,0,12,5,2024-07-26 17:39:49,0,3.0,1.0,3.0,1.0,0.0,1,0.0
66,4776,"Joyful , Blissful , Delighted , Cheerful , Elated",2024-07-27 17:06:10,7,True,3.0,2.0,1.0,0.0,9,1,0.9628,1.0,0.0,4.555555555555555,0,0,0,17,5,2024-07-26 17:39:49,0,2.5,1.0,2.0,1.0,0.7071067811865476,2,-1.0
66,4778,"Delighted , Blissful , Exuberant , Jubilant , Joyful",2024-07-27 22:04:52,7,True,4.0,2.0,-4.0,-1.0,9,1,0.9633,1.0,0.0,4.888888888888889,0,0,0,22,5,2024-07-26 17:39:49,1,2.6666666666666665,1.3333333333333333,3.0,2.0,0.5773502691896258,3,-0.5
66,4779,"Drained , Sluggish , Exhausted , Fatigued , Listlessly",2024-07-28 12:01:45,7,True,0.0,1.0,1.0,0.0,9,1,-0.8442,0.0,0.91,5.111111111111111,0,0,0,12,6,2024-07-26 17:39:49,1,3.0,1.5,4.0,2.0,0.816496580927726,4,1.0
66,4780,"I felt very very tired . All my energy was completely gone . My whole body felt heavy and slow . Even lifting my arms or legs took massive effort because I’m so drain right now . I’m tired down to my bones , making my muscles feel weak and lifeless .",2024-07-28 17:07:40,7,False,1.0,1.0,-1.0,0.0,52,0,-0.8291,0.04,0.186,3.826923076923077,6,0,3,17,6,2024-07-26 17:39:49,1,2.4,1.4,0.0,1.0,1.51657508881031,5,-0.16666666666666652
66,4781,"Depleted , Enervated , Spent , Worn out , Sapped",2024-07-29 12:30:25,7,True,0.0,1.0,0.0,0.0,10,1,-0.296,0.0,0.306,3.9,0,0,0,12,0,2024-07-26 17:39:49,2,2.1666666666666665,1.3333333333333333,1.0,1.0,1.4719601443879744,6,-0.9999999999999998
66,4782,"Presently I’m feeling tired and week . The tiredness made me feel lifeless , like a empty husk just going through the motions . All my liveliness and spark is been completely sap away by the overwhelming fatigue . My only desire right now is to take alcohol fall and fall into a deep sleep to hopefully recharge my drain mind and body .",2024-07-29 17:21:25,7,False,0.0,1.0,2.0,0.0,64,0,0.7351,0.203,0.098,4.265625,4,0,0,17,0,2024-07-26 17:39:49,2,1.8571428571428572,1.2857142857142858,0.0,1.0,1.5735915849388864,7,-1.4166666666666665
66,4783,"Calm , Muted , Peaceful , Serene , Still",2024-07-30 12:02:12,7,True,2.0,1.0,2.0,1.0,9,1,0.8176,0.81,0.0,3.5555555555555554,0,0,0,12,1,2024-07-26 17:39:49,3,1.625,1.25,0.0,1.0,1.5979898086569353,8,-2.75
66,4784,"Joyful , Blissful , Cheerful , Elated , Delighted",2024-07-31 17:20:38,7,True,4.0,2.0,0.0,0.0,9,1,0.9628,1.0,0.0,4.555555555555555,0,0,0,17,2,2024-07-26 17:39:49,4,1.6666666666666667,1.2222222222222223,2.0,1.0,1.4999999999999998,9,-2.4
67,4796,"Calm , Happy , Relaxed , N/a , N/a",2024-11-02 17:36:49,7,True,2.0,2.0,2.0,-1.0,9,1,0.8481,0.821,0.0,2.888888888888889,0,0,0,17,5,2024-11-02 17:36:49,0,2.0,1.0,2.0,1.0,0.0,0,0.0
67,4797,I ' m feeling excited because I am playing some video games . I am later going to eat some food outside . Then later I might be on my phone and play some more video games . Then be on the phone and then sleep,2024-11-02 22:17:52,7,False,4.0,1.0,-2.0,1.0,46,0,0.7269,0.197,0.0,3.5434782608695654,5,0,0,22,5,2024-11-02 17:36:49,0,2.0,2.0,2.0,2.0,0.0,1,0.0
67,4798,"Good , Happy , Calm , Excited , Thinking",2024-11-03 17:55:40,7,True,2.0,2.0,2.0,-1.0,9,1,0.8834,0.919,0.0,3.5555555555555554,0,0,0,17,6,2024-11-02 17:36:49,1,3.0,1.5,4.0,1.0,1.4142135623730951,2,2.0
67,4799,"Calm , Content , Happy , Relaxed , Thinking",2024-11-03 22:15:08,7,True,4.0,1.0,-2.0,2.0,9,1,0.8481,0.821,0.0,3.888888888888889,0,0,0,22,6,2024-11-02 17:36:49,1,2.6666666666666665,1.6666666666666667,2.0,2.0,1.1547005383792515,3,1.0
67,4800,"Calm , Happy , Normal , Relaxed , Neutral",2024-11-04 17:33:33,7,True,2.0,3.0,0.0,-1.0,9,1,0.8481,0.821,0.0,3.6666666666666665,0,0,0,17,0,2024-11-02 17:36:49,1,3.0,1.5,4.0,1.0,1.1547005383792515,4,0.0
67,4801,"I currently feel neutral . I don ' t feel happy or sad i just feel normal . I went outside for a little while went to buy groceries , did some exercise for 30 minutes . I will later eat something quick and take a quick shower and rest",2024-11-04 22:12:21,7,False,2.0,2.0,0.0,-1.0,50,0,0.1531,0.089,0.074,3.7,5,0,0,22,0,2024-11-02 17:36:49,2,2.8,1.8,2.0,3.0,1.0954451150103321,5,-0.3333333333333335
67,4802,"Calm , Sleepy , Tired , Relaxed , Not active",2024-11-05 22:17:46,7,True,2.0,1.0,-1.0,0.0,10,1,0.088,0.435,0.407,3.5,0,0,0,22,1,2024-11-02 17:36:49,3,2.6666666666666665,1.8333333333333333,2.0,2.0,1.0327955589886446,6,0.0
67,4803,I currently feel tired since I had to wake up early in the morning to get some blood work and tests done . I feel kind of dizzy since they took five tubes of blood . But it ' s normal for the blood tests since I am checking if I have any type of sickness or just in general my health but nothing serious . I just have to eat something and drink plenty of water,2024-11-07 12:50:50,7,False,1.0,1.0,1.0,1.0,77,0,-0.299,0.02,0.052,3.688311688311688,7,0,0,12,3,2024-11-02 17:36:49,4,2.5714285714285716,1.7142857142857142,2.0,1.0,0.9759000729485333,7,-0.16666666666666652
67,4805,I am currently feeling tired because I slept late . I will later do some chores and do some exercise and go outside and run for a little bit to get some cardio in . Later I will do some side gigs and earn some extra cash,2024-11-08 12:00:30,7,False,2.0,2.0,0.0,0.0,47,0,-0.34,0.035,0.068,3.702127659574468,4,0,0,12,4,2024-11-02 17:36:49,5,2.375,1.625,1.0,1.0,1.0606601717798212,8,-1.25
68,4816,"Stable , Normal , Neutral , Hungry , Apathetic",2024-11-15 17:00:53,7,True,2.0,2.0,1.0,-1.0,9,1,0.0,0.297,0.297,4.222222222222222,0,0,0,17,4,2024-11-15 17:00:53,0,2.0,1.0,2.0,1.0,0.0,0,0.0
68,4817,"Content , Ease , Stable , Calm , Mellow",2024-11-15 22:01:25,7,True,3.0,1.0,-1.0,1.0,9,1,0.7184,0.778,0.0,3.4444444444444446,0,0,0,22,4,2024-11-15 17:00:53,0,2.0,2.0,2.0,2.0,0.0,1,0.0
68,4818,"Hungry , Reserved , Tired , Neutral , Present",2024-11-16 17:00:37,7,True,2.0,2.0,0.0,0.0,9,1,-0.4404,0.0,0.42,4.111111111111111,0,0,0,17,5,2024-11-15 17:00:53,0,2.5,1.5,3.0,1.0,0.7071067811865476,2,1.0
68,4819,"Neutral , Stagnant , Disappointed , Still , Longing",2024-11-16 22:00:39,7,True,2.0,2.0,1.0,0.0,9,1,-0.4939,0.0,0.583,4.777777777777778,0,0,0,22,5,2024-11-15 17:00:53,1,2.3333333333333335,1.6666666666666667,2.0,2.0,0.5773502691896258,3,0.5
68,4820,"I am currently feeling quite pleased with myself in not only achieving my goal to out to shop today , but also because I procured a successful haul of stop I set out to buy and pleasant surprise finds . I also enjoyed the fresh tepid air on my walk . Had a good time listening to some upbeat songs , too .",2024-11-17 22:09:11,7,False,3.0,2.0,0.0,-1.0,63,0,0.9753,0.37,0.039,3.857142857142857,7,0,0,22,6,2024-11-15 17:00:53,2,2.25,1.75,2.0,2.0,0.5,4,-0.5
68,4824,"Cotent , Stable , Normal , Bookish , Ready",2024-11-22 22:14:46,7,True,3.0,1.0,-1.0,1.0,9,1,0.5719,0.61,0.0,3.7777777777777777,0,0,0,22,4,2024-11-15 17:00:53,7,2.4,1.8,3.0,2.0,0.5477225575051661,5,-0.16666666666666652
68,4825,"Quiet , Neutral , Reserved , Hungry , Lazy",2024-11-23 17:16:05,7,True,2.0,2.0,0.0,-1.0,9,1,-0.3612,0.0,0.385,3.7777777777777777,0,0,0,17,5,2024-11-15 17:00:53,8,2.5,1.6666666666666667,3.0,1.0,0.5477225575051661,6,0.33333333333333304
68,4826,I am currently feeling tired and a bit off-kilter because I got a late wake up today . I feel as though I ' m late even though I not late to anything . I feel residual frustration over not having made it to take the first survey of the day . I ' m also a little hungry and resigned that I have to make the food still . But I ' m alright with it being a quiet morning .,2024-11-24 17:14:54,7,False,2.0,1.0,0.0,0.0,82,0,-0.1576,0.06,0.086,3.5,9,0,0,17,6,2024-11-15 17:00:53,9,2.4285714285714284,1.7142857142857142,2.0,2.0,0.5345224838248488,7,0.16666666666666652
71,4960,"I feel good . Very calm also . Maybe somewhat tired emotionally . I ' m not angry , just not completely excited . I feel exhausted mentally . Sometimes maybe tensed too . Like a cold feeling within , maybe sadness . But definitely not completely happy . It ' s just majorly a feeling of exhaustion and emotional distress and most likely physical tiredness .",2024-08-29 12:00:46,7,False,4.0,3.0,-3.0,-1.0,67,0,-0.8192,0.232,0.313,4.343283582089552,3,0,1,12,3,2024-08-29 12:00:46,0,2.0,1.0,2.0,1.0,0.0,0,0.0
71,4961,"Sad , Heartbroken , Empty , Tired , Anger",2024-08-29 17:03:35,7,True,1.0,2.0,0.0,0.0,9,1,-0.9413,0.0,1.0,3.6666666666666665,0,0,0,17,3,2024-08-29 12:00:46,0,4.0,3.0,4.0,3.0,0.0,1,0.0
71,4962,"Sleepy , Tired , Sad , Anger , Empty",2024-08-29 22:11:16,7,True,1.0,2.0,3.0,0.0,9,1,-0.8885,0.0,0.92,3.111111111111111,0,0,0,22,3,2024-08-29 12:00:46,0,2.5,2.5,1.0,2.0,2.1213203435596424,2,-3.0
71,4963,"Happy , Fulfilled , Calm , Excited , Elevated",2024-08-30 12:03:49,7,True,4.0,2.0,0.0,-1.0,9,1,0.8807,0.918,0.0,4.111111111111111,0,0,0,12,4,2024-08-29 12:00:46,1,2.0,2.3333333333333335,1.0,2.0,1.7320508075688772,3,-3.0
71,4964,"Calm , Tired , Happy , Relaxed , Tired",2024-08-30 22:41:09,7,True,4.0,1.0,-4.0,1.0,9,1,0.5267,0.613,0.387,3.3333333333333335,0,0,0,22,4,2024-08-29 12:00:46,1,2.5,2.25,4.0,2.0,1.7320508075688772,4,0.0
71,4965,"I feel tired . I feel extremely sad . I feel heartbroken . I feel empty . I feel like I ' m always causing problems . I feel unhappy . I feel really down , and emotionally unsatisfied . I feel left out . \nI feel not enough . I feel like I don ' t belong . I feel used , and I feel angry a lot . I ' m so angry",2024-08-31 12:00:44,7,False,0.0,2.0,0.0,0.0,75,0,-0.97,0.08,0.44,3.1466666666666665,14,0,3,12,5,2024-08-29 12:00:46,1,2.8,2.0,4.0,1.0,1.6431676725154984,5,0.5
71,4966,"This Sadness feels like a heavy , hollow ache in the chest , weighing you down . Emptiness , hopelessness , and longing mix with a sense of loss , making everyday tasks feel overwhelming and pointless . Tears , sighs , and silence accompany the emotional pain .",2024-08-31 17:00:43,7,False,0.0,2.0,2.0,-1.0,49,0,-0.9432,0.079,0.404,4.346938775510204,0,0,0,17,5,2024-08-29 12:00:46,2,2.3333333333333335,2.0,0.0,2.0,1.8618986725025255,6,0.6666666666666665
71,4967,"Sleepy , Tired , Exhausted , Sober , Calm",2024-09-01 12:04:32,7,True,2.0,1.0,0.0,1.0,9,1,-0.4767,0.237,0.557,3.6666666666666665,0,0,0,12,6,2024-08-29 12:00:46,3,2.0,2.0,0.0,2.0,1.9148542155126762,7,0.0
71,4968,"Normal , Unbothered , Numb , Quiet , Calm",2024-09-01 17:00:38,7,True,2.0,2.0,0.0,0.0,9,1,-0.0258,0.299,0.312,3.6666666666666665,0,0,0,17,6,2024-08-29 12:00:46,3,2.0,1.875,2.0,1.0,1.7728105208558367,8,-1.0
71,4969,"Sleepy , Tired , Neutral , Numb , Calm",2024-09-01 22:05:54,7,True,2.0,2.0,0.0,1.0,9,1,-0.4588,0.24,0.552,3.3333333333333335,0,0,0,22,6,2024-08-29 12:00:46,3,2.0,1.8888888888888888,2.0,2.0,1.6583123951777,9,-0.8999999999999999
71,4970,"Active , Aware , Alive , Eager , Enthusiastic",2024-09-02 12:35:45,7,True,2.0,3.0,0.0,-1.0,9,1,0.875,0.917,0.0,4.111111111111111,0,0,0,12,0,2024-08-29 12:00:46,4,2.0,1.9,2.0,2.0,1.5634719199411433,10,-1.5999999999999999
71,4971,"Alive , Chill , Calm , Relaxed , Focused",2024-09-02 17:05:44,7,True,2.0,2.0,0.0,-1.0,9,1,0.8658,0.915,0.0,3.5555555555555554,0,0,0,17,0,2024-08-29 12:00:46,4,2.0,2.0,2.0,3.0,1.4832396974191326,11,-1.4666666666666666
71,4972,"Silent , Calm , Relaxed , Focused , Sleepy",2024-09-03 17:41:13,7,True,2.0,1.0,0.0,0.0,9,1,0.7964,0.802,0.0,3.7777777777777777,0,0,0,17,1,2024-08-29 12:00:46,5,2.0,2.0,2.0,2.0,1.4142135623730951,12,-0.6666666666666667
72,4973,"Tired , Stress , Concerned , Happy , Motivated",2024-09-19 12:04:03,7,True,2.0,2.0,-1.0,-1.0,9,1,0.25,0.5,0.425,4.222222222222222,0,0,0,12,3,2024-09-19 12:04:03,0,2.0,1.0,2.0,1.0,0.0,0,0.0
72,4974,"Tired , Concerned , Focused , Determined , Lackluster",2024-09-24 17:22:36,7,True,1.0,1.0,2.0,2.0,9,1,0.2732,0.505,0.293,5.0,0,0,0,17,1,2024-09-19 12:04:03,5,2.0,2.0,2.0,2.0,0.0,1,0.0
72,4975,"Happy , Relaxed , Focused , Full , Inquisitive",2024-09-25 12:08:34,7,True,3.0,3.0,0.0,-2.0,9,1,0.8807,0.918,0.0,4.222222222222222,0,0,0,12,2,2024-09-19 12:04:03,6,1.5,1.5,1.0,1.0,0.7071067811865476,2,-1.0
72,4976,I am jet lagged and happy to be home .   My cat is also very happy to have me home .     Although I am sluggish I feel good and motivated for a productive weekend .    Hopefully to enjoy some Fall activities and drinks,2024-09-27 17:13:57,7,False,3.0,1.0,0.0,0.0,43,0,0.936,0.369,0.094,3.883720930232558,5,0,1,17,4,2024-09-19 12:04:03,8,2.0,2.0,3.0,3.0,1.0,3,0.0
72,4977,I feel great .   Got a good sleep and got in some walking .    Have not had any alcohol since Saturday night .    Perfect fall weather .   Xcxxxxxxxxxxxxxxxxxxxxxxxxxxxxxxccccccccccccc \ n \ nXxxxxxxxxxccccccccccccccccccccccccc,2024-09-28 12:33:12,7,False,3.0,1.0,0.0,0.0,32,0,0.8934,0.349,0.0,5.8125,1,0,0,12,5,2024-09-19 12:04:03,9,2.25,1.75,3.0,1.0,0.9574271077563381,4,1.5
73,5013,"Active , Excited , Hoped , Enthusiastic , Brave",2024-10-08 22:01:56,7,True,2.0,3.0,0.0,0.0,9,1,0.9231,1.0,0.0,4.333333333333333,0,0,0,22,1,2024-10-08 22:01:56,0,2.0,1.0,2.0,1.0,0.0,0,0.0
73,5014,"I feel down , as though feeling feverish , for some reasons I feel it ' s because of the anxiety and overall stress I ' ve had recently ,\ nIn the past week I ' ve had more to drink but less food , that too may be part of the reasons",2024-10-09 12:01:57,7,False,2.0,3.0,-2.0,-2.0,53,0,-0.25,0.029,0.075,3.4150943396226414,4,0,0,12,2,2024-10-08 22:01:56,0,2.0,3.0,2.0,3.0,0.0,1,0.0
73,5015,"I ' m alright , \nIt ' s been a hectic day , I ' ve had a few drinks and as well tried to be active but I feel weak , this is something I ' ve felt these past few days \nI ' d like to be more active so hoping to be strong as soon as possible",2024-10-09 17:05:08,7,False,0.0,1.0,2.0,2.0,60,0,0.9495,0.357,0.064,3.033333333333333,4,0,1,17,2,2024-10-08 22:01:56,0,2.0,3.0,2.0,3.0,0.0,2,0.0
73,5016,"Active , Hopeful , Excited , Energized , Glad",2024-10-10 12:16:14,7,True,2.0,3.0,0.0,-1.0,9,1,0.9287,1.0,0.0,4.111111111111111,0,0,0,12,3,2024-10-08 22:01:56,1,1.3333333333333333,2.3333333333333335,0.0,1.0,1.1547005383792517,3,-1.0
73,5017,"Neutral , Happy , Hopeful , Thoughtful , Okay",2024-10-10 17:05:52,7,True,2.0,2.0,0.0,0.0,9,1,0.8885,0.92,0.0,4.111111111111111,0,0,0,17,3,2024-10-08 22:01:56,1,1.5,2.5,2.0,3.0,1.0,4,-1.0
73,5018,I am currently feeling alright \ nA hectic day but am ok \ nHad a few drinks \nAmong other things I feel tired \ nI feel stressed and nervous \ nUncertain about some things but I believe everything will be fine \nI am currently feeling alright \ nA hectic day but am ok \ nHad a few drinks \nAmong other things I feel tired \ nI feel stressed and nervous \ nUncertain about some things but I believe everything will be fine,2024-10-10 22:01:32,7,False,2.0,2.0,0.0,0.0,82,0,-0.7351,0.191,0.215,4.170731707317073,5,0,0,22,3,2024-10-08 22:01:56,1,1.6,2.4,2.0,2.0,0.8944271909999159,5,-0.6666666666666667
73,5019,"I ' m alright , today is better than the previous day \ nEverything seems good \ nI ' m available to my emotions \ nI recognize myself and take my feelings into account \nI ' m alright , today is better than the previous day \ nEverything seems good \ nI ' m available to my emotions \ nI recognize myself and take my feelings into account",2024-10-11 12:03:39,7,False,2.0,2.0,-1.0,-1.0,68,0,0.9274,0.257,0.0,4.0,7,0,0,12,4,2024-10-08 22:01:56,2,1.6666666666666667,2.3333333333333335,2.0,2.0,0.816496580927726,6,0.6666666666666667
73,5020,"Stressed , Sluggish , Tired , Exhausted , Weak",2024-10-11 17:01:01,7,True,1.0,1.0,1.0,1.0,9,1,-0.9081,0.0,1.0,4.222222222222222,0,0,0,17,4,2024-10-08 22:01:56,2,1.7142857142857142,2.2857142857142856,2.0,2.0,0.7559289460184545,7,0.6666666666666667
73,5021,"Neutral , Okay , Hopeful , Edgy , Happy",2024-10-11 22:56:18,7,True,2.0,2.0,0.0,0.0,9,1,0.836,0.817,0.0,3.4444444444444446,0,0,0,22,4,2024-10-08 22:01:56,3,1.625,2.125,1.0,1.0,0.7440238091428449,8,0.25
74,5030,"Lacking motivation to study , and feeling really nervous about my mid term on Friday . I’m not prepared enough and I’m stressing about it . Feeling very tired , and I just want a nap , but I know I can’t . There is so much work to do , and college is really different from high school",2024-09-28 22:14:16,7,False,1.0,3.0,0.0,-2.0,59,0,-0.3666,0.102,0.132,3.830508474576271,4,0,4,22,5,2024-09-28 22:14:16,0,2.0,1.0,2.0,1.0,0.0,0,0.0
74,5031,"Tired , Anxious , Stressed , Gloomy , Confused",2024-09-30 12:22:17,7,True,1.0,1.0,1.0,1.0,9,1,-0.8481,0.0,1.0,4.222222222222222,0,0,0,12,0,2024-09-28 22:14:16,1,1.0,3.0,1.0,3.0,0.0,1,0.0
74,5032,"Tired , Relieved , Stressfree , Energetic , Joyful",2024-09-30 17:11:48,7,True,2.0,2.0,0.0,1.0,9,1,0.7579,0.707,0.218,4.666666666666667,0,0,0,17,0,2024-09-28 22:14:16,1,1.0,2.0,1.0,1.0,0.0,2,0.0
74,5033,"Energized , Moody , Tired , Stressed , Focused",2024-09-30 22:09:16,7,True,2.0,3.0,1.0,-1.0,9,1,-0.2263,0.431,0.569,4.222222222222222,0,0,0,22,0,2024-09-28 22:14:16,1,1.3333333333333333,2.0,2.0,2.0,0.5773502691896257,3,0.5
74,5034,"Currently feeling really active . Just got home from a light day of classes , but I know I have a lot more work to catch up on . Still a bit stressed about my mid term on Friday , but I looked over some questions and began to understand the concepts more , so I’m not too worried at the same time . Overall , pretty active . Played some sports with my friends today , and it really cheered me up .",2024-10-01 17:00:19,7,False,3.0,2.0,0.0,0.0,84,0,0.9716,0.295,0.035,3.738095238095238,6,0,3,17,1,2024-09-28 22:14:16,2,1.5,2.25,2.0,3.0,0.5773502691896257,4,1.0
75,5039,i am pretty happy as the end of the work day is quickly approaching . in about 8 minutes my day will be complete . i accomplished most of my identified task and feel pretty happy about the completion of my work . i am prepared for tomorrow,2024-10-17 17:11:52,7,False,4.0,2.0,-3.0,-1.0,48,0,0.9559,0.347,0.0,4.0,6,0,0,17,3,2024-10-17 17:11:52,0,2.0,1.0,2.0,1.0,0.0,0,0.0
75,5040,"tired , sleepy , exhausted , fatigue , bored",2024-10-17 22:00:49,7,True,1.0,1.0,0.0,0.0,9,1,-0.8176,0.0,0.905,4.0,0,0,0,22,3,2024-10-17 17:11:52,0,4.0,2.0,4.0,2.0,0.0,1,0.0
75,5041,"I had an extremely \ nbusy morning . i met with 3 families . teaching teams and leaders . the conversations were intense , in depth and overwhelming .   i was focused on helping them find solutions to complex issues",2024-10-18 12:59:19,7,False,1.0,1.0,2.0,0.0,40,0,0.7003,0.231,0.0,4.35,3,0,1,12,4,2024-10-17 17:11:52,0,2.5,1.5,1.0,1.0,2.1213203435596424,2,-3.0
75,5042,i am feeling more content . i am more relaxed and able to focus . i had lunch therefore not at sluggish as i was earlier .   i am \ nsitting and resting at this time and excited about the weekend and relaxing,2024-10-18 17:00:48,7,False,3.0,1.0,-3.0,0.0,43,0,0.8968,0.307,0.0,3.813953488372093,5,0,0,17,4,2024-10-17 17:11:52,0,2.0,1.3333333333333333,1.0,1.0,1.7320508075688772,3,-3.0
75,5043,i am currently tired . i had a long day as i had a private work case . i had to observe an interaction between a father and child for close to two hours .   i feel a need to take a bath and relax .   i am currently not home and have another few hours before i am \ nable to rest .,2024-10-18 22:05:53,7,False,0.0,1.0,0.0,0.0,64,0,0.0,0.058,0.058,3.328125,7,0,0,22,4,2024-10-17 17:11:52,1,2.25,1.25,3.0,1.0,1.5,4,-0.5
75,5044,"tired , exhausted , stressed , annoyed , frustrated",2024-10-19 12:00:23,7,True,0.0,1.0,3.0,0.0,9,1,-0.9153,0.0,1.0,4.777777777777778,0,0,0,12,5,2024-10-17 17:11:52,1,1.8,1.2,0.0,1.0,1.6431676725154984,5,-1.1666666666666667
75,5052,"i am actually feeling content in the moment . i had the opportunity to visit ORG      . during the visit i was able to decompress , enjoy the moment and and appreciate the time . i noticed so many families engaged in activities . i worked in a clay project and it was calm and relaxing",2024-10-19 17:43:14,7,False,3.0,1.0,-1.0,0.0,56,0,0.949,0.329,0.0,4.017857142857143,5,0,1,17,5,2024-10-17 17:11:52,2,1.5,1.1666666666666667,0.0,1.0,1.6431676725154984,6,-1.0
75,5053,I am currently feeling tired at the present moment . I had an eventful day at the museum/ working and observing . Due to the need to be alert- fully engaged and interactive I am tired .   I am in bed relaxing and hope to be sleep in the next few hours .,2024-10-19 22:06:52,7,False,2.0,1.0,1.0,0.0,53,0,0.7178,0.226,0.102,3.7547169811320753,4,0,0,22,5,2024-10-17 17:11:52,2,1.7142857142857142,1.1428571428571428,3.0,1.0,1.6035674514745464,7,-0.5
75,5054,i am pretty relaxed at the current time i am sitting on the bed completing surveys / working this morning . i have a plan for dinner and don ' t feel overwhelmed . i am thinking about a way to be content and not be overwhelmed with the anticipation of returning to work tomorrow .,2024-10-20 12:10:08,7,False,3.0,1.0,1.0,0.0,56,0,0.802,0.207,0.0,4.017857142857143,4,0,0,12,6,2024-10-17 17:11:52,2,1.75,1.125,2.0,1.0,1.4880476182856899,8,-1.0
75,5055,"i am currently calm and content . i feel this way because i was able to relax , think and shift my attitude .   in focus on being sluggish or think about it i notice that i inherently have a sense of tiredness .   although I worked together i am calm and thinking about next steps",2024-10-20 17:09:30,7,False,4.0,1.0,-2.0,1.0,56,0,0.5859,0.149,0.054,3.9464285714285716,8,0,0,17,6,2024-10-17 17:11:52,2,1.8888888888888888,1.1111111111111112,3.0,1.0,1.4529663145135576,9,-0.6499999999999999
75,5056,"content , comfortable , relaxed , tired , happy",2024-10-20 22:02:06,7,True,2.0,2.0,1.0,1.0,9,1,0.8074,0.723,0.206,4.333333333333333,0,0,0,22,6,2024-10-17 17:11:52,3,2.1,1.1,4.0,1.0,1.5238839267549946,10,0.5999999999999999
75,5057,i am currently at work preparing for a meeting . although i am not enthusiastic about the meeting i am lively and ready to communicate . i am knowledgeable on the content matter and look forward to engaging . the information will be helpful as i support children and families,2024-10-21 12:05:17,7,False,3.0,3.0,0.0,0.0,50,0,0.8681,0.282,0.052,4.52,5,0,0,12,0,2024-10-17 17:11:52,3,2.090909090909091,1.1818181818181819,2.0,2.0,1.4459976109624426,11,0.5333333333333334
75,5058,"vibrant , calm , lively , energetic , proud",2024-10-21 17:03:40,7,True,3.0,3.0,-3.0,-2.0,9,1,0.9274,1.0,0.0,3.888888888888889,0,0,0,17,0,2024-10-17 17:11:52,3,2.1666666666666665,1.3333333333333333,3.0,3.0,1.4034589305344742,12,1.3333333333333335
75,5059,"At the current time i am extremely tired . the day didn ' t end as well as i anticipated . i had a few meetings at work ,\ ncompleted an intense project and planned for the next day .   my eyes are currently bothering me and my breathing is impaired due to asthma . my body needs to rest .",2024-10-21 22:00:25,7,False,0.0,1.0,3.0,2.0,61,0,-0.5256,0.062,0.105,3.721311475409836,7,0,1,22,0,2024-10-17 17:11:52,4,2.230769230769231,1.4615384615384615,3.0,3.0,1.3634420996046583,13,1.3571428571428572
75,5060,i just had an extremely collaborative meeting with a site . i learned so much about their interest . goals and plans for the school year . i was engaged - enthusiastic warn and welcoming . i felt comfortable and relaxed,2024-10-22 12:02:14,7,False,3.0,3.0,0.0,-2.0,41,0,0.9509,0.419,0.032,4.365853658536586,4,0,2,12,1,2024-10-17 17:11:52,4,2.0714285714285716,1.4285714285714286,0.0,1.0,1.4392458342578487,14,0.7142857142857142
75,5061,"i am content calm . i am relaxed and waiting the opportunity to present for teaching teams . the focus of the discussion is on feelings and having visual aids in the classroom community . i look forward into training the teaching teams at this particular school . they should be open , eager and willing to learn",2024-10-22 17:03:00,7,False,3.0,1.0,0.0,0.0,58,0,0.8689,0.19,0.0,4.396551724137931,3,0,0,17,1,2024-10-17 17:11:52,4,2.1333333333333333,1.5333333333333334,3.0,3.0,1.4074631010979937,15,0.7857142857142858
76,5077,"Active , Anxious , Somewhat happy , Nervous , Hopefully",2024-11-19 12:05:03,7,True,2.0,3.0,0.0,-1.0,10,1,0.6929,0.639,0.286,4.6,0,0,0,12,1,2024-11-19 12:05:03,0,2.0,1.0,2.0,1.0,0.0,0,0.0
76,5078,"Lazy , Anxiety , Slow , Neutral , Stressed",2024-11-19 17:05:25,7,True,2.0,2.0,0.0,-1.0,9,1,-0.6808,0.0,0.767,3.7777777777777777,0,0,0,17,1,2024-11-19 12:05:03,0,2.0,3.0,2.0,3.0,0.0,1,0.0
76,5079,"**A State of Tranquility **   \n \ nRight now , I feel a calmness that’s difficult to put into words . It’s as if all the noise in my mind has dimmed , leaving behind a peaceful hum . My thoughts , usually darting in every direction , have slowed , moving like a gentle stream instead of a chaotic river .   \n \ nThere’s a warmth in my chest , a soft reassurance that , in this moment , everything is as it should be . My body feels lighter , as though I’ve shrugged off an invisible weight I hadn’t realized I was carrying . Even my breathing feels deeper , more deliberate , as if I’ve finally tuned into a rhythm I’d been out of sync with for too long .   \n \ nThe world around me feels softer , too . Colors seem a little brighter , sounds a little clearer , and even the smallest details—like the texture of the chair I’m sitting in—seem to hold a quiet significance . It’s not that anything monumental has happened ; it’s just that I’m present , truly present , in a way that feels rare and precious .   \n \ nIn this moment , I feel deeply connected to myself and",2024-11-19 22:04:41,7,False,2.0,1.0,0.0,2.0,214,0,0.9716,0.16,0.03,3.9766355140186915,11,0,0,22,1,2024-11-19 12:05:03,0,2.0,2.5,2.0,2.0,0.0,2,0.0
76,5080,"Active , Happy , Jovial , Hopeful , Good",2024-11-20 12:05:04,7,True,2.0,3.0,2.0,0.0,9,1,0.9382,1.0,0.0,3.5555555555555554,0,0,0,12,2,2024-11-19 12:05:03,1,2.0,2.0,2.0,1.0,0.0,3,0.0
76,5081,"Active , Hopeful , Happy , Cheerful , Good mood",2024-11-20 17:03:15,7,True,4.0,3.0,-2.0,-1.0,10,1,0.9442,0.942,0.0,3.8,0,0,0,17,2,2024-11-19 12:05:03,1,2.0,2.25,2.0,3.0,0.0,4,0.0
76,5082,"\n \ n "" I ' m feeling neutral today , neither particularly happy nor sad . My emotions are stable , and I ' m not experiencing any strong feelings . It ' s a calm and serene state , free from anxiety or excitement .\ n \ nPhysically , I feel relaxed , with no tension or fatigue . My mind is clear , and I ' m able to focus on tasks without distraction .\ n \ nEmotionally , I ' m detached from any intense emotions , observing life with a sense of objectivity . I ' m not feeling motivated or lethargic ; just steady .\ n \ nThis neutrality brings a sense of clarity , allowing me to approach tasks with a level head . I ' m open to experiences , but not seeking thrills .\ n \ nIt ' s a peaceful , middle-ground state , where I can recharge and reflect .",2024-11-20 22:02:44,7,False,2.0,2.0,0.0,0.0,161,0,0.812,0.219,0.142,3.7080745341614905,11,0,0,22,2,2024-11-19 12:05:03,1,2.4,2.4,4.0,3.0,0.8944271909999159,5,0.6666666666666665
76,5083,"Quite , Sluggish , Eager , Anxious , Calm",2024-11-21 12:17:20,7,True,2.0,2.0,1.0,0.0,9,1,-0.046,0.448,0.464,3.6666666666666665,0,0,0,12,3,2024-11-19 12:05:03,2,2.3333333333333335,2.3333333333333335,2.0,2.0,0.816496580927726,6,0.6666666666666665
76,5084,"I ' m feeling incredibly happy and uplifted today . A sense of contentment and satisfaction has settled within me , and I can ' t help but smile . My mind is filled with positive thoughts , and I ' m grateful for the good things in my life . I feel relaxed and carefree , with a spring in my step .\ n \ nPhysically , my shoulders are dropped , and my posture is open , reflecting my confident and optimistic outlook . Every breath feels refreshing , filling my lungs with a sense of joy . Emotionally , I ' m at peace , letting go of worries and embracing the present moment .\ n \ nMy heart is light , and I feel connected to those around me . I ' m eager to engage with others and spread positivity . This happiness is contagious , inspiring creativity and motivating me to tackle challenges with enthusiasm .\ n \ nI ' m thankful for this feeling and intend to nurture it throughout the day . I ' m focusing on the beauty and wonder of life , letting go of stress and negativity . Overall , I ' m feeling alive , grateful , and genuinely happy . It ' s a wonderful sensation , and I",2024-11-21 17:08:50,7,False,3.0,2.0,-1.0,-1.0,222,0,0.9986,0.464,0.059,3.8963963963963963,20,0,0,17,3,2024-11-19 12:05:03,2,2.2857142857142856,2.2857142857142856,2.0,2.0,0.7559289460184545,7,0.5
76,5085,"Today , I find myself enveloped in a quiet mood . It ' s as if my thoughts and emotions have retreated to a serene sanctuary , sheltered from the world ' s chaos . My mind is still , with no turbulent thoughts or overwhelming feelings .\ n \ nIn this peaceful state , I ' m reflective and introspective . I ponder life ' s journey , acknowledging accomplishments and lessons learned . The world outside recedes , and I ' m left with the gentle hum of my own thoughts .\ n \ nMy quiet mood isn ' t somber or melancholic ; rather , it ' s contemplative . I ' m recharging , allowing my mind and heart to rejuvenate . The stillness soothes my soul , calming life ' s turbulence .\ n \ nIn this quiet , I find solace . It ' s a refuge from the constant din of responsibilities and expectations . I can breathe deeply , untethered from the weights that usually anchor me .\ n \ nThis mood isn ' t one of isolation ; it ' s introspection . I ' m reconnecting with myself , rediscovering my center . The quiet clarifies my priorities , helping me focus on what truly matters .\ n \ nAs I bask in this tranquility",2024-11-21 22:01:49,7,False,2.0,1.0,0.0,2.0,225,0,0.875,0.136,0.073,3.9155555555555557,20,0,0,22,3,2024-11-19 12:05:03,2,2.375,2.25,3.0,2.0,0.7440238091428449,8,0.75
76,5086,"Active , Happy , A little bit nervous , Hopeful , Good",2024-11-22 12:02:22,7,True,2.0,3.0,2.0,-1.0,12,1,0.8889,0.763,0.113,3.5833333333333335,0,0,0,12,4,2024-11-19 12:05:03,2,2.3333333333333335,2.111111111111111,2.0,1.0,0.7071067811865475,9,0.6000000000000001
76,5087,"Today , I find myself enveloped in a quiet mood . It ' s as if my thoughts and emotions have retreated to a serene sanctuary , sheltered from the world ' s chaos . My mind is still , with no turbulent thoughts or overwhelming feelings .\ n \ nIn this peaceful state , I ' m reflective and introspective . I ponder life ' s journey , acknowledging accomplishments and lessons learned . The world outside recedes , and I ' m left with the gentle hum of my own thoughts .\ n \ nMy quiet mood isn ' t somber or melancholic ; rather , it ' s contemplative . I ' m recharging , allowing my mind and heart to rejuvenate . The stillness soothes my soul , calming life ' s turbulence .\ n \ nIn this quiet , I find solace . It ' s a refuge from the constant din of responsibilities and expectations . I can breathe deeply , untethered from the weights that usually anchor me .\ n \ nThis mood isn ' t one of isolation ; it ' s introspection . I ' m reconnecting with myself , rediscovering my center . The quiet clarifies my priorities , helping me focus on what truly matters .\ n \ nAs I bask in this tranquility",2024-11-22 17:42:27,7,False,4.0,2.0,-1.0,-1.0,225,0,0.875,0.136,0.073,3.9155555555555557,20,0,0,17,4,2024-11-19 12:05:03,3,2.3,2.2,2.0,3.0,0.6749485577105528,10,-0.19999999999999973
76,5088,"I ' m content because I ' ve learned to appreciate the simple things in life . I ' ve come to realize that happiness isn ' t solely dependent on external factors , but rather on my internal perspective . I ' ve cultivated a sense of gratitude , focusing on the good things that surround me .\ nI ' ve also learned to let go of unrealistic expectations and comparisons . I ' m no longer burdened by the need to achieve perfection or compete with others . Instead , I ' m embracing my uniqueness and celebrating my accomplishments .\ nMy relationships with loved ones are strong , and I ' ve nurtured a sense of community and belonging . I ' ve discovered activities that bring me joy and make me feel fulfilled .\ nI ' m content because I ' ve found a sense of balance and harmony in my life . I ' m at peace with myself and the world around me .",2024-11-22 22:08:15,7,False,3.0,1.0,-1.0,1.0,170,0,0.9943,0.311,0.037,3.976470588235294,19,0,0,22,4,2024-11-19 12:05:03,3,2.4545454545454546,2.1818181818181817,4.0,2.0,0.8201995322647243,11,0.10000000000000009
76,5089,"Subtle , Hopeful , Neutral , Somewhat happy , Somewhat hopeful",2024-11-23 12:03:41,7,True,2.0,2.0,1.0,0.0,11,1,0.8573,0.703,0.0,4.7272727272727275,0,0,0,12,5,2024-11-19 12:05:03,3,2.5,2.0833333333333335,3.0,1.0,0.7977240352174656,12,0.33333333333333304
76,5090,"Today , I find myself enveloped in a quiet mood . It ' s as if my thoughts and emotions have retreated to a serene sanctuary , sheltered from the world ' s chaos . My mind is still , with no turbulent thoughts or overwhelming feelings .\ nIn this peaceful state , I ' m reflective and introspective . I ponder life ' s journey , acknowledging accomplishments and lessons learned . The world outside recedes , and I ' m left with the gentle hum of my own thoughts .\ nMy quiet mood isn ' t somber or melancholic ; rather , it ' s contemplative . I ' m recharging , allowing my mind and heart to rejuvenate . The stillness soothes my soul , calming life ' s turbulence .\ nIn this quiet , I find solace . It ' s a refuge from the constant din of responsibilities and expectations . I can breathe deeply , untethered from the weights that usually anchor me .\ nThis mood isn ' t one of isolation ; it ' s introspection . I ' m reconnecting with myself , rediscovering my center . The quiet clarifies my priorities , helping me focus on what truly matters .\ nAs I bask in this tranquility , I k",2024-11-23 17:02:02,7,False,3.0,2.0,-1.0,0.0,218,0,0.875,0.136,0.073,4.009174311926605,21,0,0,17,5,2024-11-19 12:05:03,4,2.4615384615384617,2.076923076923077,2.0,2.0,0.7762500258061847,13,0.23809523809523814
76,5091,"I ' m feeling incredibly happy and uplifted today . A sense of contentment and satisfaction has settled within me , and I can ' t help but smile . My mind is filled with positive thoughts , and I ' m grateful for the good things in my life . I feel relaxed and carefree , with a spring in my step .\ n \ nPhysically , my shoulders are dropped , and my posture is open , reflecting my confident and optimistic outlook . Every breath feels refreshing , filling my lungs with a sense of joy . Emotionally , I ' m at peace , letting go of worries and embracing the present moment .\ n \ nMy heart is light , and I feel connected to those around me . I ' m eager to engage with others and spread positivity . This happiness is contagious , inspiring creativity and motivating me to tackle challenges with enthusiasm .\ n \ nI ' m thankful for this feeling and intend to nurture it throughout the day . I ' m focusing on the beauty and wonder of life , letting go of stress and negativity . Overall , I ' m feeling alive , grateful , and genuinely happy . It ' s a wonderful sensation , and I",2024-11-23 22:04:32,7,False,2.0,2.0,2.0,-1.0,222,0,0.9986,0.464,0.059,3.8963963963963963,20,0,0,22,5,2024-11-19 12:05:03,4,2.5,2.0714285714285716,3.0,2.0,0.7595545253127499,14,0.4285714285714288
76,5092,"I ' m content because I ' ve learned to appreciate the simple things in life . I ' ve come to realize that happiness isn ' t solely dependent on external factors , but rather on my internal perspective . I ' ve cultivated a sense of gratitude , focusing on the good things that surround me .\ n \ nI ' ve also learned to let go of unrealistic expectations and comparisons . I ' m no longer burdened by the need to achieve perfection or compete with others . Instead , I ' m embracing my uniqueness and celebrating my accomplishments .\ n \ nMy relationships with loved ones are strong , and I ' ve nurtured a sense of community and belonging . I ' ve discovered activities that bring me joy and make me feel fulfilled .\ n \ nI ' m content because I ' ve found a sense of balance and harmony in my life . I ' m at peace with myself and the world around me .",2024-11-24 12:12:29,7,False,4.0,1.0,-2.0,1.0,176,0,0.9943,0.311,0.037,3.875,19,0,0,12,6,2024-11-19 12:05:03,5,2.466666666666667,2.066666666666667,2.0,2.0,0.7432233529572065,15,0.3392857142857144
76,5093,"Feeling neutral can be a calm and balanced state . Here ' s a descriptive description :\ n "" I ' m feeling neutral today , neither particularly happy nor sad . My emotions are stable , and I ' m not experiencing any strong feelings . It ' s a calm and serene state , free from anxiety or excitement .\ nPhysically , I feel relaxed , with no tension or fatigue . My mind is clear , and I ' m able to focus on tasks without distraction .\ nEmotionally , I ' m detached from any intense emotions , observing life with a sense of objectivity . I ' m not feeling motivated or lethargic ; just steady .\ n \ nThis neutrality brings a sense of clarity , allowing me to approach tasks with a level head . I ' m open to experiences , but not seeking thrills . It ' s a peaceful , middle-ground state , where I can recharge and reflect .""",2024-11-24 17:04:22,7,False,2.0,2.0,0.0,0.0,170,0,0.8242,0.22,0.141,3.876470588235294,11,0,0,17,6,2024-11-19 12:05:03,5,2.5625,2.0,4.0,1.0,0.8139410298049853,16,0.375
76,5094,"Neutral , Tired , Hopeful , Worried , Content",2024-11-24 22:04:02,7,True,2.0,2.0,-1.0,-1.0,9,1,-0.2023,0.317,0.49,4.111111111111111,0,0,0,22,6,2024-11-19 12:05:03,5,2.5294117647058822,2.0,2.0,2.0,0.7998161553463028,17,0.2916666666666665
76,5095,"I ' m feeling sluggish today , weighed down by a sense of lethargy . My body feels heavy , as if every movement requires extra effort . My mind is foggy , and my thoughts are slow to form .\ n \ nEvery task seems daunting , and I ' m struggling to muster the energy to tackle even the simplest chores . My motivation is lacking , and I ' m finding it hard to focus .\ n \ nPhysically , I feel drained , as if I ' ve run a marathon without actually moving . My muscles ache , and my eyelids feel like lead weights .\ n \ nDespite the sluggishness , I ' m trying to be gentle with myself . I ' m acknowledging that it ' s okay to not be okay , and that sometimes , my body and mind just need a break . I ' m giving myself permission to rest , recharge , and come back stronger when I ' m ready .",2024-11-25 12:34:30,7,False,1.0,1.0,0.0,0.0,175,0,0.743,0.161,0.102,3.537142857142857,18,0,0,12,0,2024-11-19 12:05:03,6,2.5,2.0,2.0,2.0,0.7859052479933758,18,0.33333333333333304
77,5114,"I feel emotionally drained , nervous and stressed which is leading to physical and mental exhaustion , fears , anxiety and other physical symptoms like rapid heart beats , sweating which is as a result of work pressure , financial constraints , relationship conflicts and lastly my drinking problems .",2024-11-09 12:05:19,7,False,1.0,1.0,0.0,0.0,50,0,-0.9432,0.045,0.391,5.04,2,0,0,12,5,2024-11-09 12:05:19,0,2.0,1.0,2.0,1.0,0.0,0,0.0
77,5115,"Stressed , Drained , Unbothered , Tired , Quiet",2024-11-09 17:01:38,7,True,1.0,1.0,-1.0,0.0,9,1,-0.7783,0.0,0.796,4.333333333333333,0,0,0,17,5,2024-11-09 12:05:19,0,1.0,1.0,1.0,1.0,0.0,1,0.0
77,5116,"Exhausted , Tired , Worried , Nervous , Anxiety",2024-11-10 17:31:51,7,True,0.0,1.0,2.0,2.0,9,1,-0.8555,0.0,1.0,4.333333333333333,0,0,0,17,6,2024-11-09 12:05:19,1,1.0,1.0,1.0,1.0,0.0,2,0.0
77,5117,"Currently i feel stressed both emotionally , financially and physically . I am currently drained and looking forward to the day maybe something might happen . In short I’m anxious of what is to come even though I’m just here",2024-11-12 12:04:05,7,False,2.0,3.0,-2.0,-2.0,40,0,-0.7096,0.0,0.177,4.625,2,0,0,12,1,2024-11-09 12:05:19,2,0.6666666666666666,1.0,0.0,1.0,0.5773502691896258,3,-0.5
77,5118,"I have an overwhelming feeling of being emotionally drained , nervous and stressed which is leading to physical and mental exhaustion . I have lack of motivation , energy and enthusiasm which is caused by a lot of factors which i guess are stress , trauma and maybe overcommitting",2024-11-12 17:37:52,7,False,0.0,1.0,0.0,0.0,49,0,-0.8176,0.158,0.309,4.73469387755102,3,0,0,17,1,2024-11-09 12:05:19,3,1.0,1.5,2.0,3.0,0.816496580927726,4,0.0
77,5119,"Drained , Vexed , Angry , Worried , Sad",2024-11-14 17:03:01,7,True,0.0,1.0,2.0,1.0,9,1,-0.8779,0.0,0.917,3.4444444444444446,0,0,0,17,3,2024-11-09 12:05:19,5,0.8,1.4,0.0,1.0,0.8366600265340756,5,-0.33333333333333337
77,5120,"Drained , Tired , Nervous , Stressed , Unhappy",2024-11-15 12:01:52,7,True,2.0,2.0,-1.0,-1.0,9,1,-0.8934,0.0,1.0,4.222222222222222,0,0,0,12,4,2024-11-09 12:05:19,5,0.6666666666666666,1.3333333333333333,0.0,1.0,0.816496580927726,6,0.0
77,5121,"Tired , Down , Drained , Unhappy , Unstable",2024-11-15 17:11:14,7,True,1.0,1.0,-1.0,0.0,9,1,-0.8658,0.0,0.915,3.888888888888889,0,0,0,17,4,2024-11-09 12:05:19,6,0.8571428571428571,1.4285714285714286,2.0,2.0,0.8997354108424372,7,0.33333333333333337
77,5122,"I have an overwhelming feeling of being emotionally drained , nervous and stressed which is leading to physical and mental exhaustion . I have lack of motivation , energy and enthusiasm which is caused by a lot of factors which i guess are stress , trauma and maybe overcommitting . Like i said in the earlier studies this is how i feel most of the time",2024-11-17 17:03:13,7,False,0.0,1.0,2.0,2.0,66,0,-0.7184,0.159,0.242,4.363636363636363,5,0,0,17,6,2024-11-09 12:05:19,8,0.875,1.375,1.0,1.0,0.8345229603962802,8,-0.25
77,5123,"It’s still a new day . I’m at work , I’m still active not yet drunk , but I’m still unhappy , nervous , anxious and worried about my life and every other thing surrounding me . I’m hopeful nonetheless about my situation . Any small provocation today I might find solace in my bottles here",2024-11-18 12:43:20,7,False,2.0,3.0,0.0,0.0,56,0,-0.5903,0.131,0.196,4.160714285714286,5,0,0,12,0,2024-11-09 12:05:19,9,0.7777777777777778,1.3333333333333333,0.0,1.0,0.8333333333333334,9,-0.4
77,5124,"Unbothered , Relaxed , Neutral , Active , Hopeful",2024-11-19 12:46:05,7,True,2.0,3.0,-2.0,-1.0,9,1,0.8481,0.821,0.0,4.555555555555555,0,0,0,12,1,2024-11-09 12:05:19,10,0.9,1.5,2.0,3.0,0.8755950357709132,10,0.19999999999999996
77,5125,"I have an overwhelming feeling of being emotionally drained , nervous and stressed which is leading to physical and mental exhaustion . I have lack of motivation , energy and enthusiasm which is caused by a lot of factors which i guess are stress , trauma and maybe overcommitting .",2024-11-19 17:01:43,7,False,0.0,2.0,0.0,-1.0,50,0,-0.8176,0.158,0.309,4.66,3,0,0,17,1,2024-11-09 12:05:19,10,1.0,1.6363636363636365,2.0,3.0,0.8944271909999159,11,0.3666666666666667
77,5126,"I have an overwhelming feeling of being emotionally drained , nervous and stressed which is leading to physical and mental exhaustion . I have lack of motivation , energy and enthusiasm which is caused by a lot of factors which i guess are stress , trauma and maybe overcommitting . I was triggered by a lot of things today . I hope it gets better though",2024-11-19 22:04:29,7,False,0.0,1.0,3.0,2.0,66,0,-0.4019,0.204,0.241,4.378787878787879,5,0,0,22,1,2024-11-09 12:05:19,10,0.9166666666666666,1.6666666666666667,0.0,2.0,0.90033663737852,12,0.5000000000000001
77,5127,"Unbothered , Lively , Hopeful , Jovial , Emotionally unavailable",2024-11-20 12:05:22,7,True,3.0,3.0,-1.0,-1.0,10,1,0.8442,0.752,0.0,5.5,0,0,0,12,2,2024-11-09 12:05:19,11,0.8461538461538461,1.6153846153846154,0.0,1.0,0.898717034272917,13,0.33333333333333337
77,5128,"I feel emotionally drained and stressed . I’m currently facing pressure from all angles (family , friends , workplace , myself) i kind of owe it to them to be successful . I have a lot to achieve and most times i find myself at the bottom of the bottles drowning my emotions and looking for a way out of these responsibilities",2024-11-20 17:02:53,7,False,2.0,2.0,1.0,1.0,62,0,0.2023,0.115,0.118,4.274193548387097,6,0,0,17,2,2024-11-09 12:05:19,11,1.0,1.7142857142857142,3.0,3.0,1.0377490433255416,14,0.2857142857142857
77,5129,"I have an overwhelming feeling of being emotionally drained , nervous and stressed which is leading to physical and mental exhaustion . I have lack of motivation , energy and enthusiasm which is caused by a lot of factors which i guess are stress , trauma and maybe overcommitting , as i have said in the previous survey this is how i feel most of the time",2024-11-21 12:31:38,7,False,3.0,3.0,-2.0,-2.0,67,0,-0.8176,0.125,0.244,4.3283582089552235,5,0,0,12,3,2024-11-09 12:05:19,12,1.0666666666666667,1.7333333333333334,2.0,2.0,1.0327955589886444,15,0.3928571428571429
77,5130,"I have this feeling of being emotionally drained , nervous and stressed which is leading to physical and mental exhaustion . I have lack of motivation , energy and enthusiasm which is caused by a lot of factors which i guess are stress , trauma and maybe overcommitting to a particular thing , person or project . I feel this way almost everyday , I’m hoping for a change but I don’t know when it will commence",2024-11-21 22:21:18,7,False,1.0,1.0,1.0,2.0,77,0,-0.4555,0.117,0.173,4.337662337662338,5,0,0,22,3,2024-11-09 12:05:19,12,1.1875,1.8125,3.0,3.0,1.1086778913041726,16,0.625
77,5131,"Unbothered , Unhappy , Tired , Down , Emotional",2024-11-22 12:06:14,7,True,2.0,3.0,-2.0,-2.0,9,1,-0.6249,0.172,0.613,4.333333333333333,0,0,0,12,4,2024-11-09 12:05:19,13,1.1764705882352942,1.7647058823529411,1.0,1.0,1.0744355563298724,17,0.5694444444444444
77,5132,"Drunk , Pain , Emotional , Drained , Tired",2024-11-22 17:03:34,7,True,0.0,1.0,0.0,0.0,9,1,-0.8591,0.126,0.874,3.7777777777777777,0,0,0,17,4,2024-11-09 12:05:19,13,1.2222222222222223,1.8333333333333333,2.0,3.0,1.0602749674192764,18,0.888888888888889
77,5133,"Drunk , High , Unbothered , Tired , Numb",2024-11-22 22:03:05,7,True,0.0,1.0,0.0,0.0,9,1,-0.7717,0.0,0.794,3.5555555555555554,0,0,0,22,4,2024-11-09 12:05:19,13,1.1578947368421053,1.7894736842105263,0.0,1.0,1.067872125861979,19,0.7222222222222222
78,5143,"Excited , Good , Nice , Awesome , Love",2024-08-01 12:01:15,7,True,4.0,2.0,0.0,-1.0,9,1,0.9468,1.0,0.0,3.3333333333333335,0,0,0,12,3,2024-08-01 12:01:15,0,2.0,1.0,2.0,1.0,0.0,0,0.0
78,5144,"I am feeling good , excited for tonight as I am going to a music festival . I am excited for the performances and the crowd of people experiencing it with me . This would be super fun . I am also thinking about how I wil explore the city I am in right now , where to go , where to eat etc and this takes a bit of energy I feel stretched a bit but in a good way",2024-08-01 17:00:29,7,False,4.0,1.0,0.0,0.0,81,0,0.9287,0.254,0.0,3.45679012345679,8,0,0,17,3,2024-08-01 12:01:15,0,4.0,2.0,4.0,2.0,0.0,1,0.0
78,5145,"Nice , Good , Tired , Exciting , Fun",2024-08-02 12:00:30,7,True,4.0,1.0,0.0,0.0,9,1,0.8519,0.808,0.192,3.111111111111111,0,0,0,12,4,2024-08-01 12:01:15,0,4.0,1.5,4.0,1.0,0.0,2,0.0
78,5146,"Good , Fantastic , Nice , Legit , Fire",2024-08-03 12:01:21,7,True,4.0,1.0,0.0,0.0,9,1,0.7845,0.732,0.189,3.3333333333333335,0,0,0,12,5,2024-08-01 12:01:15,2,4.0,1.3333333333333333,4.0,1.0,0.0,3,0.0
78,5147,"\nI find deep satisfaction in both my work and my life , which contributes to my overall sense of contentment . Professionally , I am engaged in work that aligns with my values and passions . Each day presents new challenges and opportunities for growth , which keeps me motivated and fulfilled . I appreciate the sense of accomplishment that comes from making a meaningful impact and contributing to a greater purpose .\ n \ nIn my personal life , I have cultivated relationships and activities that bring me joy and a sense of balance . Whether it’s spending time with loved ones , pursuing hobbies , or simply enjoying quiet moments of reflection , I feel a profound sense of gratitude for the richness these experiences add to my life . This balance between work and personal fulfillment is crucial ; it ensures that neither aspect overshadows the other , creating a harmonious existence .\ n \ nOverall , my contentment stems from a sense of alignment between my professional aspirations and personal values . This synergy allows me to approach ORG",2024-08-04 12:03:00,7,False,4.0,1.0,0.0,1.0,183,0,0.9953,0.321,0.0,4.759562841530054,15,0,0,12,6,2024-08-01 12:01:15,3,4.0,1.25,4.0,1.0,0.0,4,0.0
78,5148,"good , nice , tired , awesome , love",2024-08-05 17:49:29,7,True,4.0,2.0,0.0,0.0,9,1,0.9022,0.828,0.172,3.111111111111111,0,0,0,17,0,2024-08-01 12:01:15,4,4.0,1.2,4.0,1.0,0.0,5,0.0
78,5149,"good , nice , fun , excitied , cool",2024-08-05 22:47:34,7,True,4.0,2.0,0.0,0.0,9,1,0.8834,0.919,0.0,3.0,0,0,0,22,0,2024-08-01 12:01:15,4,4.0,1.3333333333333333,4.0,2.0,0.0,6,0.0
79,5156,"I presently have mixed feelings - tipsy , euphoria and enthusiastic . A perfect combo for the Sunday unwinding . The whole week was mentally and psychologically draining though . It ' s been quite a fun day with family and friends outside enjoying the cool evening breeze .",2024-09-08 17:57:16,7,False,4.0,3.0,-2.0,-1.0,49,0,0.9738,0.432,0.0,4.591836734693878,1,0,0,17,6,2024-09-08 17:57:16,0,2.0,1.0,2.0,1.0,0.0,0,0.0
79,5157,"Feeling neutral , no special feelings at all . Hoping to keep up with the new week ahead . Being an optimistic I wish and pray for the best . My optimism is at a all time high right now with great lookouts ahead .",2024-09-09 12:06:37,7,False,2.0,2.0,1.0,0.0,45,0,0.9716,0.464,0.039,3.7555555555555555,2,0,0,12,0,2024-09-08 17:57:16,0,4.0,3.0,4.0,3.0,0.0,1,0.0
79,5158,"Currently feeling neutral , no emotional , psychological or mental stress available at the moment with no anxieties or stresses clouding my thoughts , a clear sense of mind and clear sense of purpose . Nothing more nothing less",2024-09-09 17:18:07,7,False,3.0,2.0,-3.0,-1.0,39,0,-0.5423,0.184,0.262,4.846153846153846,1,0,0,17,0,2024-09-08 17:57:16,0,3.0,2.5,2.0,2.0,1.4142135623730951,2,-2.0
79,5159,"Positive , Optimistic , Calm , Energetic , Quite",2024-09-10 17:17:10,7,True,0.0,1.0,2.0,2.0,9,1,0.8779,0.917,0.0,4.444444444444445,0,0,0,17,1,2024-09-08 17:57:16,1,3.0,2.3333333333333335,3.0,2.0,1.0,3,-1.5
79,5160,"Happy , Contentment , Gratitude , Love , Pride",2024-09-11 12:36:27,7,True,2.0,3.0,2.0,0.0,9,1,0.9442,1.0,0.0,4.222222222222222,0,0,0,12,2,2024-09-08 17:57:16,2,2.25,2.0,0.0,1.0,1.707825127659933,4,-1.5
79,5161,"Calm , Optimistic , Light , Aspirational , Nervous",2024-09-11 17:02:23,7,True,4.0,3.0,-4.0,0.0,9,1,0.3612,0.529,0.241,4.666666666666667,0,0,0,17,2,2024-09-08 17:57:16,2,2.2,2.2,2.0,3.0,1.4832396974191326,5,-1.3333333333333333
79,5162,"Nervous , Jittery , Active , Optimistic , Calm",2024-09-12 12:49:30,7,True,0.0,3.0,3.0,-1.0,9,1,0.6369,0.702,0.202,4.222222222222222,0,0,0,12,3,2024-09-08 17:57:16,3,2.5,2.3333333333333335,4.0,3.0,1.51657508881031,6,-1.0
79,5163,"Today , I feel grateful and appreciative because God gave me another day to live , and I ' m happy because of it . I realize that we should not always let the day pass without thanking our creator . And also to my family for always supporting me and keeping me motivated . I knew my journey to the dream and goals in my life would not be an easy .",2024-09-12 17:25:31,7,False,3.0,2.0,1.0,-1.0,73,0,0.9509,0.268,0.032,3.767123287671233,10,0,0,17,3,2024-09-08 17:57:16,3,2.142857142857143,2.4285714285714284,0.0,3.0,1.6761634196950517,7,-1.5
79,5164,"I currently feel okay , a little bit hooked up with work chores and getting to   settle down for the day is taking more than I initially expected . I expectedly a warm day with great emotions unfortunately the atmosphere isn ' t as welcoming as it supposed to .",2024-09-13 12:19:32,7,False,4.0,1.0,-3.0,1.0,50,0,0.8126,0.224,0.05,4.2,3,0,0,12,4,2024-09-08 17:57:16,4,2.25,2.375,3.0,2.0,1.5811388300841898,8,0.0
79,5165,"Dismay , Homesick , Neutral , Nervous , Jittery",2024-09-13 17:14:35,7,True,1.0,2.0,3.0,0.0,9,1,-0.6808,0.0,0.767,4.333333333333333,0,0,0,17,4,2024-09-08 17:57:16,4,2.4444444444444446,2.2222222222222223,4.0,1.0,1.5898986690282426,9,0.3500000000000001
79,5166,"Happy , Calm , Joyful , Observational , Truthful",2024-09-13 22:59:17,7,True,4.0,2.0,0.0,0.0,9,1,0.9169,0.928,0.0,4.444444444444445,0,0,0,22,4,2024-09-08 17:57:16,5,2.3,2.2,1.0,2.0,1.5670212364724212,10,0.19999999999999973
79,5167,"I feel now that I am a person worthy of attention , the I have knowledge and capabilities that are needed in the world , that I can support an intelligent conversation and negotiate like a pro . Notwithstanding the nature of the conversation , I feel so powerful right now after defending a very crucial project in front of guests and VIPs .",2024-09-14 12:16:20,7,False,4.0,2.0,0.0,1.0,64,0,0.9289,0.242,0.0,4.34375,5,0,2,12,5,2024-09-08 17:57:16,5,2.4545454545454546,2.1818181818181817,4.0,2.0,1.572490786213793,11,0.46666666666666634
79,5168,"Happy , Enthusiastic , Optimistic , Fun , Agile",2024-09-14 17:57:59,7,True,4.0,3.0,-3.0,0.0,9,1,0.91,0.926,0.0,4.333333333333333,0,0,0,17,5,2024-09-08 17:57:16,6,2.5833333333333335,2.1666666666666665,4.0,2.0,1.5642792899510294,12,0.16666666666666652
79,5169,"Exhausted , Tired , Down , Refueling , Made",2024-09-15 12:05:03,7,True,1.0,3.0,3.0,0.0,9,1,-0.6597,0.0,0.643,3.888888888888889,0,0,0,12,6,2024-09-08 17:57:16,6,2.6923076923076925,2.230769230769231,4.0,3.0,1.5483655567842811,13,0.3571428571428572
79,5170,"Happy , Anxious , Cslm , Suspense , Nervous",2024-09-15 17:12:46,7,True,4.0,3.0,-2.0,-2.0,9,1,0.1531,0.378,0.418,3.888888888888889,0,0,0,17,6,2024-09-08 17:57:16,6,2.5714285714285716,2.2857142857142856,1.0,3.0,1.5548576840284827,14,0.8571428571428572
79,5171,"Quiet , Calm , Observant , Optimistic , Happy",2024-09-16 12:59:53,7,True,2.0,1.0,2.0,2.0,9,1,0.8074,0.806,0.0,4.111111111111111,0,0,0,12,0,2024-09-08 17:57:16,7,2.6666666666666665,2.3333333333333335,4.0,3.0,1.5430334996209192,15,0.9821428571428572
79,5172,"Lively , Enthusiastic , Calm , Inspiration , Hope",2024-09-16 17:15:11,7,True,4.0,3.0,-2.0,-1.0,9,1,0.9287,1.0,0.0,4.555555555555555,0,0,0,17,0,2024-09-08 17:57:16,7,2.625,2.25,2.0,1.0,1.5,16,0.75
79,5173,"Calm , Focus , Optimistic , Nervous , Tired",2024-09-17 17:22:44,7,True,2.0,2.0,1.0,0.0,9,1,-0.1027,0.434,0.472,3.888888888888889,0,0,0,17,1,2024-09-08 17:57:16,8,2.7058823529411766,2.2941176470588234,4.0,3.0,1.4901638283404002,17,0.8611111111111112
79,5174,"Feelings are messages from your body and mind about how you are experiencing something emotionally . They are not right or wrong , good or bad , but are instead a reflection of what is happening in the moment . I am feeling lost . I am not satisfied with myself . I have seen the best version of myself and try to keep it consistent",2024-09-17 22:59:19,7,False,3.0,2.0,-3.0,-1.0,66,0,0.473,0.165,0.12,4.045454545454546,5,0,0,22,1,2024-09-08 17:57:16,9,2.6666666666666665,2.2777777777777777,2.0,2.0,1.4552137502179978,18,0.4444444444444442
79,5175,"I am feeling much better now , though tired and sluggish but I consider my current situation and feelings not worst as compared to others . There isn ' t much to do now and nothing stressful . Though tired , fatigued and calm , I experience much inner peace at the moment with less worries over some things I cannot control .",2024-09-18 12:23:41,7,False,0.0,1.0,4.0,2.0,63,0,0.7081,0.259,0.192,4.174603174603175,5,0,0,12,2,2024-09-08 17:57:16,9,2.6842105263157894,2.263157894736842,3.0,2.0,1.4162796168893959,19,0.45555555555555527
79,5176,"Lively , Nervous , Calm , Proud , Glad",2024-09-18 17:08:18,7,True,4.0,3.0,0.0,-1.0,9,1,0.8481,0.843,0.157,3.3333333333333335,0,0,0,17,2,2024-09-08 17:57:16,9,2.55,2.2,0.0,1.0,1.5035046776746235,20,0.5
79,5177,"My initial feelings right about now is that I think the day is going to be hard but at the same time easy . I say its going to be hard because , of the level that the work I ' ve got to do . I say its going to be easy because if I focus and complete all of my assignments right then the day will go by easy",2024-09-19 12:44:04,7,False,4.0,2.0,-2.0,-1.0,71,0,0.8945,0.162,0.039,3.323943661971831,7,0,0,12,3,2024-09-08 17:57:16,10,2.619047619047619,2.238095238095238,4.0,3.0,1.499206139134658,21,0.6090909090909093
79,5178,"Honestly not too well , I feel less affectionate to the the things I used to like , just today I got a text from my sister with a not too good content . It actually feels so horrible to have received such news few hours ago . I ' m just all by myself , quite , calm and composed so as not to draw unnecessary attention and sympathy to myself .",2024-09-19 17:39:00,7,False,2.0,1.0,0.0,0.0,73,0,0.5406,0.184,0.121,3.712328767123288,7,0,2,17,3,2024-09-08 17:57:16,10,2.6818181818181817,2.227272727272727,4.0,2.0,1.4924050144892729,22,0.4545454545454546
80,5179,"Confused , Down , Inactive , Drained , Twist",2024-08-14 12:39:38,7,True,2.0,2.0,-2.0,0.0,9,1,-0.5859,0.0,0.615,4.0,0,0,0,12,2,2024-08-14 12:39:38,0,2.0,1.0,2.0,1.0,0.0,0,0.0
80,5180,"Sad , Angry , Weak , Tired , Down",2024-08-15 12:14:48,7,True,0.0,2.0,2.0,-1.0,9,1,-0.9042,0.0,0.924,2.7777777777777777,0,0,0,12,3,2024-08-14 12:39:38,0,2.0,2.0,2.0,2.0,0.0,1,0.0
80,5181,"Calm , Relax , Quiet , Freeze , Smooth",2024-08-15 17:01:30,7,True,2.0,1.0,-1.0,1.0,9,1,0.6597,0.762,0.0,3.3333333333333335,0,0,0,17,3,2024-08-14 12:39:38,1,1.0,2.0,0.0,2.0,1.4142135623730951,2,-2.0
80,5182,"Down , Bittered , sad , Weak , Tired",2024-08-16 12:26:02,7,True,1.0,2.0,1.0,0.0,9,1,-0.8934,0.0,0.921,3.111111111111111,0,0,0,12,4,2024-08-14 12:39:38,1,1.3333333333333333,1.6666666666666667,2.0,1.0,1.1547005383792517,3,-1.0
80,5183,"Clear , Calm , Jittery , Reflex , Smiley",2024-08-16 17:02:49,7,True,2.0,2.0,0.0,0.0,9,1,0.765,0.792,0.0,3.5555555555555554,0,0,0,17,4,2024-08-14 12:39:38,2,1.25,1.75,1.0,2.0,0.9574271077563381,4,0.5
80,5184,"Active , Lively , Calm , Jittery , Great",2024-08-17 12:00:40,7,True,2.0,2.0,0.0,0.0,9,1,0.9001,0.923,0.0,3.5555555555555554,0,0,0,12,5,2024-08-14 12:39:38,2,1.4,1.8,2.0,2.0,0.8944271909999159,5,0.6666666666666667
80,5185,"Feeling greatful , peaceful , calm , twisted , swinging , feeling fine , feeling good , feeling a bit dispirited despite winning a good fairable discount for the day . Feeling a bit down because of my stomach hurt due to stupor yesterday",2024-08-18 12:26:24,7,False,2.0,2.0,1.0,0.0,44,0,0.8564,0.431,0.129,4.409090909090909,1,0,0,12,6,2024-08-14 12:39:38,3,1.5,1.8333333333333333,2.0,2.0,0.8366600265340756,6,0.3333333333333335
80,5186,"Contentment is a warm and comforting feeling , like a gentle smile that spreads through your heart and mind . It ' s a sense of satisfaction and pleasure , where things feel right with the world , and you ' re at peace with your circumstances . In moments of contentment , life feels cozy and familiar , filling you with a sense of calm delight .",2024-08-19 12:38:48,7,False,3.0,2.0,0.0,1.0,68,0,0.9853,0.469,0.0,4.102941176470588,0,0,0,12,0,2024-08-14 12:39:38,4,1.5714285714285714,1.8571428571428572,2.0,2.0,0.7867957924694431,7,0.41666666666666674
80,5187,"Euphoria is an electrifying and exhilarating feeling , like a burst of energy that courses through your veins , leaving you breathless . In moments of euphoria , life feels like a thrilling adventure , full of possibility and promise , and you ' re ready to take on the world with an unstoppable sense of excitement and abandon .",2024-08-19 17:54:14,7,False,3.0,3.0,0.0,-2.0,60,0,0.979,0.45,0.064,4.5,0,0,0,17,0,2024-08-14 12:39:38,5,1.75,1.875,3.0,2.0,0.8864052604279183,8,1.0
80,5188,"A sense of neutrality is a calm and balanced feeling , like a still pond that reflects the surroundings without a ripple . It ' s a state of emotional equilibrium , where neither excitement nor despair dominates , and the mind is clear of strong inclinations . In this state , thoughts and feelings are acknowledged without judgment , and the individual observes their experiences with a detached curiosity .\ n",2024-08-20 12:37:37,7,False,3.0,1.0,-1.0,2.0,72,0,0.779,0.207,0.105,4.722222222222222,0,0,0,12,1,2024-08-14 12:39:38,5,1.8888888888888888,2.0,3.0,3.0,0.927960727138337,9,1.15
80,5189,"Vitality is an energetic and dynamic feeling , like a   state of being fully engaged and immersed in the moment , where your senses are heightened , and your spirit is lifted . With vitality , every step feels light , every task feels manageable , and every challenge feels like an opportunity to thrive .",2024-08-20 17:34:56,7,False,2.0,3.0,1.0,0.0,56,0,0.9657,0.414,0.0,4.428571428571429,0,0,0,17,1,2024-08-14 12:39:38,6,2.0,1.9,3.0,1.0,0.9428090415820634,10,1.2000000000000002
80,5190,"Energetic , Vibrant , Effervescent , Dynamic , Excited",2024-08-21 12:21:45,7,True,3.0,3.0,0.0,-1.0,9,1,0.8834,0.919,0.0,5.111111111111111,0,0,0,12,2,2024-08-14 12:39:38,6,2.0,2.0,2.0,3.0,0.8944271909999159,11,1.1
80,5191,"Vibrant , Excited , Energetic , Promising , Expectant of possibilities",2024-08-21 17:02:37,7,True,3.0,2.0,-1.0,1.0,11,1,0.886,0.792,0.0,5.454545454545454,0,0,0,17,2,2024-08-14 12:39:38,7,2.0833333333333335,2.0833333333333335,3.0,3.0,0.90033663737852,12,1.1666666666666665
80,5192,"Strong , Thriving , Motivated , Refreshing , Great",2024-08-22 12:49:03,7,True,2.0,3.0,0.0,0.0,9,1,0.886,0.839,0.0,4.666666666666667,0,0,0,12,3,2024-08-14 12:39:38,8,2.1538461538461537,2.076923076923077,3.0,2.0,0.898717034272917,13,1.2142857142857144
81,5207,I ' m currently feeling a little down because I ' m sick but I have to keep on going to raise my children . I ' m also hopeful that I can get rid of this by the end of the day . I ' m also feeling unsupported because I ' m a single mother .,2024-09-23 17:23:30,7,False,2.0,2.0,0.0,0.0,58,0,0.222,0.169,0.126,3.1551724137931036,8,0,0,17,0,2024-09-23 17:23:30,0,2.0,1.0,2.0,1.0,0.0,0,0.0
81,5208,I ' m feeling a little aggravated and unsupported . Being a single mother is hard and having to co-parent makes it even harder when you ' re not on the same page . I ' m also feeling sluggish due to being sick .,2024-09-23 22:22:43,7,False,2.0,2.0,-2.0,-1.0,45,0,-0.8571,0.072,0.3,3.7111111111111112,2,0,0,22,0,2024-09-23 17:23:30,0,2.0,2.0,2.0,2.0,0.0,1,0.0
81,5209,"Exhausted , Overwhelmed , Unsupported , Annoyed",2024-09-24 12:08:24,7,True,0.0,1.0,0.0,0.0,7,1,-0.765,0.133,0.867,5.857142857142857,0,0,0,12,1,2024-09-23 17:23:30,0,2.0,2.0,2.0,2.0,0.0,2,0.0
81,5210,"Exhausted , Annoyed , Unheard , N/a , N/a",2024-09-24 17:26:25,7,True,0.0,1.0,2.0,1.0,9,1,-0.6249,0.0,0.63,3.6666666666666665,0,0,0,17,1,2024-09-23 17:23:30,1,1.3333333333333333,1.6666666666666667,0.0,1.0,1.1547005383792517,3,-1.0
81,5211,"Determined , Hopeful , Content , N/a , N/a",2024-09-24 22:03:28,7,True,2.0,2.0,1.0,-1.0,9,1,0.6908,0.655,0.0,3.7777777777777777,0,0,0,22,1,2024-09-23 17:23:30,1,1.0,1.5,0.0,1.0,1.1547005383792515,4,-2.0
81,5212,"Content , Indifferent , Neutral , Level , N/a",2024-09-25 12:12:46,7,True,3.0,1.0,0.0,0.0,9,1,-0.2023,0.0,0.31,4.111111111111111,0,0,0,12,2,2024-09-23 17:23:30,1,1.2,1.6,2.0,2.0,1.0954451150103324,5,-1.3333333333333335
81,5213,Currently I ' m feeling tired due to staying up with the children last night . I ' m also grateful my baby ' s cold seems to be getting better . Work is going well so I ' m content with the day . It ' s getting closer to the end of the month and I ' m hoping unexpected money comes from somewhere so that I can make ends meet .,2024-09-25 17:06:26,7,False,3.0,1.0,-1.0,1.0,74,0,0.8126,0.198,0.047,3.4324324324324325,6,0,2,17,2,2024-09-23 17:23:30,1,1.5,1.5,3.0,1.0,1.224744871391589,6,0.3333333333333335
81,5214,"Annoyed , Overstimulated , Overwhelmed , N/a , N/a",2024-09-25 22:00:40,7,True,2.0,2.0,0.0,0.0,9,1,-0.34,0.176,0.382,4.666666666666667,0,0,0,22,2,2024-09-23 17:23:30,2,1.7142857142857142,1.4285714285714286,3.0,1.0,1.2535663410560174,7,0.6666666666666667
81,5215,I am feeling kind of lethargic . I am currently exhausted . I can never get a break from these children . I just need to get a good night ' s rest . I wish I had support to ease this feeling of being overwhelmed .,2024-09-26 12:18:10,7,False,2.0,2.0,1.0,-1.0,47,0,0.8074,0.351,0.11,3.5531914893617023,6,0,0,12,3,2024-09-23 17:23:30,2,1.75,1.5,2.0,2.0,1.164964745021435,8,1.5
81,5216,"Calm , Content , Neutral , Leveled",2024-09-27 12:05:24,7,True,3.0,1.0,0.0,1.0,7,1,0.3182,0.434,0.0,4.0,0,0,0,12,4,2024-09-23 17:23:30,3,1.7777777777777777,1.5555555555555556,2.0,2.0,1.0929064207170003,9,1.4
81,5217,"Grateful , Joyful , Thankful , N/A , N/A",2024-09-27 17:09:53,7,True,3.0,2.0,0.0,-1.0,9,1,0.891,0.841,0.0,3.5555555555555554,0,0,0,17,4,2024-09-23 17:23:30,3,1.9,1.5,3.0,1.0,1.1005049346146119,10,1.4000000000000001
81,5218,"Calm , At peace , Satisfaction , N/a , N/a",2024-09-28 17:00:54,7,True,3.0,1.0,1.0,0.0,10,1,0.8271,0.744,0.0,3.3,0,0,0,17,5,2024-09-23 17:23:30,4,2.0,1.5454545454545454,3.0,2.0,1.0954451150103321,11,1.4666666666666666
81,5219,"Calm , Content , Leveled , At peace",2024-09-28 20:38:51,7,True,4.0,1.0,-4.0,1.0,8,1,0.7003,0.659,0.0,3.5,0,0,0,20,5,2024-09-23 17:23:30,5,2.0833333333333335,1.5,3.0,1.0,1.0836246694508316,12,1.1666666666666665
81,5220,"Sad , Unsuccessful , Failure , Disappointed",2024-09-29 12:07:39,7,True,0.0,2.0,2.0,0.0,7,1,-0.9001,0.0,1.0,5.285714285714286,0,0,0,12,6,2024-09-23 17:23:30,5,2.230769230769231,1.4615384615384615,4.0,1.0,1.1657505560686465,13,1.3571428571428572
81,5221,I am currently feeling leveled . I don ' t have any bad or good emotions I just feel based line . Neutral would be the best way to describe it . The day is just getting started . I am starting to have a problem with this 200 word minimum .,2024-09-30 12:31:19,7,False,2.0,2.0,0.0,0.0,52,0,0.34,0.173,0.124,3.6153846153846154,4,0,0,12,0,2024-09-23 17:23:30,6,2.0714285714285716,1.5,0.0,2.0,1.2688144505364485,14,0.7142857142857142
81,5222,"Annoyed , Regretful , Tired , N/a , N/a",2024-09-30 17:08:31,7,True,2.0,2.0,-2.0,-1.0,9,1,-0.8126,0.0,0.808,3.4444444444444446,0,0,0,17,0,2024-09-23 17:23:30,6,2.066666666666667,1.5333333333333334,2.0,2.0,1.2227992865708155,15,0.6607142857142858
81,5223,It is the end of my day and i am worn out . I did not get to take a nap today . I wish my babies will just go to sleep right away so that I can get more than 4 hours of sleep . I ' m feeling very sluggish .,2024-10-01 22:16:36,7,False,0.0,1.0,2.0,0.0,53,0,-0.2484,0.093,0.114,2.9056603773584904,7,0,2,22,1,2024-09-23 17:23:30,8,2.0625,1.5625,2.0,2.0,1.181453906563152,16,0.625
81,5264,"Exhausted , Withdrawn , Socially drained , N/a , N/a",2024-10-02 22:42:54,7,True,2.0,1.0,0.0,2.0,10,1,-0.6124,0.0,0.556,4.3,0,0,0,22,2,2024-09-23 17:23:30,9,1.9411764705882353,1.5294117647058822,0.0,1.0,1.2485285456935955,17,0.36111111111111116
81,5265,This morning has been without stop since the children has woken up so I ' m feeling very rushed . I have just been going through the motions feeling numb . I feeling I am in a dream that I can control . I do not have 200 words worth of feelings .\ n,2024-10-03 12:03:05,7,False,2.0,3.0,-2.0,-2.0,54,0,0.7478,0.244,0.05,3.6296296296296298,6,0,2,12,3,2024-09-23 17:23:30,9,1.9444444444444444,1.5,2.0,1.0,1.2113299556429322,18,0.3333333333333335
81,5266,"Overstimulated , Exhausted , Overwhelmed , Resentment , N/a",2024-10-03 22:06:47,7,True,0.0,1.0,0.0,0.0,9,1,-0.6369,0.14,0.628,5.666666666666667,0,0,0,22,3,2024-09-23 17:23:30,10,1.9473684210526316,1.5789473684210527,2.0,3.0,1.177270110161938,19,0.3222222222222224
83,5275,"Calm , Tired , Lazy , Content , Relaxed",2024-07-27 12:01:56,7,True,3.0,1.0,0.0,0.0,9,1,0.0258,0.462,0.454,3.4444444444444446,0,0,0,12,5,2024-07-27 12:01:56,0,2.0,1.0,2.0,1.0,0.0,0,0.0
83,5276,"Relaxed , Excited , Calm , Content , Happy",2024-07-27 22:28:03,7,True,3.0,1.0,-1.0,1.0,9,1,0.891,0.921,0.0,3.7777777777777777,0,0,0,22,5,2024-07-27 12:01:56,0,3.0,1.0,3.0,1.0,0.0,1,0.0
83,5277,"Relaxed , Sad , Tired , Depleted , Neutral",2024-07-28 22:21:29,7,True,2.0,2.0,-1.0,0.0,9,1,-0.4215,0.286,0.536,3.7777777777777777,0,0,0,22,6,2024-07-27 12:01:56,1,3.0,1.0,3.0,1.0,0.0,2,0.0
83,5278,"I feel very tired and sad today . I didn’t sleep well last night , I was up from about one to four AM . I had a lot of anxiety and decided to just finish the book I was reading . Thankfully I eventually went back to sleep , but slept in late today and had to miss my Pilates class . I feel a bit overwhelmed but will just concentrate on my work today .",2024-07-29 12:48:45,7,False,1.0,2.0,1.0,-1.0,77,0,-0.4173,0.072,0.114,3.5844155844155843,9,0,1,12,0,2024-07-27 12:01:56,2,2.6666666666666665,1.3333333333333333,2.0,2.0,0.5773502691896258,3,-0.5
83,5279,"Tired , Fine , Neutral , Calm , Sad",2024-07-29 17:04:54,7,True,2.0,1.0,0.0,1.0,9,1,-0.4404,0.369,0.541,3.0,0,0,0,17,0,2024-07-27 12:01:56,2,2.25,1.5,1.0,2.0,0.9574271077563381,4,-1.5
83,5280,"Calm , Content , Satisfied , Tired , Chill",2024-07-29 22:11:21,7,True,2.0,2.0,-2.0,-1.0,9,1,0.296,0.51,0.29,3.7777777777777777,0,0,0,22,0,2024-07-27 12:01:56,2,2.2,1.4,2.0,1.0,0.8366600265340756,5,-1.3333333333333333
83,5281,"Exhausted , Unmotivated , Sluggish , Quiet , Bored",2024-07-30 12:04:27,7,True,0.0,1.0,3.0,0.0,9,1,-0.8271,0.0,0.907,4.666666666666667,0,0,0,12,1,2024-07-27 12:01:56,3,2.1666666666666665,1.5,2.0,2.0,0.752772652709081,6,-0.9999999999999998
83,5282,"Satisfied , Achieved , Tired , Calm , Content",2024-07-30 17:05:05,7,True,3.0,1.0,-1.0,0.0,9,1,0.296,0.51,0.29,4.111111111111111,0,0,0,17,1,2024-07-27 12:01:56,3,1.8571428571428572,1.4285714285714286,0.0,1.0,1.0690449676496976,7,-1.4166666666666665
83,5283,"Content , Happy , Tired , Calm , Quiet",2024-07-30 22:12:01,7,True,2.0,1.0,1.0,1.0,9,1,0.4767,0.55,0.266,3.3333333333333335,0,0,0,22,1,2024-07-27 12:01:56,3,2.0,1.375,3.0,1.0,1.0690449676496976,8,-0.5
83,5284,I feel good about myself today . I woke up very tired but motivated myself to wake up early and exercise before I volunteered with my cats . I also have therapy today so I’m feeling much more manageable about things .,2024-07-31 12:26:38,7,False,3.0,2.0,0.0,0.0,42,0,0.7519,0.205,0.05,4.190476190476191,7,0,2,12,2,2024-07-27 12:01:56,4,2.0,1.3333333333333333,2.0,1.0,1.0,9,-0.44999999999999996
83,5285,"I feel more calm and content than I did earlier today . I feel accomplished with all I’ve accomplished lately and excited for the future , even though some things can feel overwhelming at times . I am confident they will get better .",2024-07-31 17:13:52,7,False,3.0,2.0,0.0,-1.0,44,0,0.9422,0.36,0.0,4.318181818181818,4,0,0,17,2,2024-07-27 12:01:56,4,2.1,1.4,3.0,2.0,0.9944289260117533,10,-0.20000000000000018
83,5286,"I feel calm and satisfied from the day . I got a lot done and ended the day by going to my favorite grocery store , ORG with my partner . We had a great time laughing and joking together . Now it feels good to rest at home .",2024-07-31 22:04:44,7,False,3.0,1.0,-1.0,0.0,50,0,0.9595,0.373,0.0,3.5,4,0,0,22,2,2024-07-27 12:01:56,4,2.1818181818181817,1.4545454545454546,3.0,2.0,0.9816498172140428,11,-0.03333333333333366
83,5287,"Tired , Calm , Satisfied , Confident , Neutral",2024-08-01 12:11:56,7,True,2.0,1.0,2.0,0.0,9,1,0.6597,0.68,0.238,4.222222222222222,0,0,0,12,3,2024-07-27 12:01:56,5,2.25,1.4166666666666667,3.0,1.0,0.9653072991634227,12,0.16666666666666696
83,1,"Relaxed , Calm , Fulfilled , Sleepy , Content",2024-08-01 22:04:51,7,True,4.0,1.0,-3.0,2.0,9,1,0.8074,0.806,0.0,4.111111111111111,0,0,0,22,3,2024-07-27 12:01:56,5,2.230769230769231,1.3846153846153846,2.0,1.0,0.9268086959962984,13,0.11904761904761907
83,2,"Unfocused , Jittery , Disorganized , Tired , Worried",2024-08-02 12:11:15,7,True,1.0,3.0,2.0,-2.0,9,1,-0.8402,0.0,0.909,4.888888888888889,0,0,0,12,4,2024-07-27 12:01:56,6,2.357142857142857,1.3571428571428572,4.0,1.0,1.0082080720186268,14,1.0
83,3,"Proud , Satisfied , Content , Relaxed , Happy",2024-08-02 17:14:29,7,True,3.0,1.0,1.0,0.0,9,1,0.9153,0.928,0.0,4.111111111111111,0,0,0,17,4,2024-07-27 12:01:56,6,2.2666666666666666,1.4666666666666666,1.0,3.0,1.0327955589886446,15,0.7678571428571428
83,4,I feel very satisfied with everything I achieved today . I got a lot of work done and even booked an upcoming trip next month with my fiance . It feels nice to take the Friday evening to relax and watch a documentary .,2024-08-02 22:00:54,7,False,4.0,1.0,-2.0,0.0,44,0,0.8313,0.21,0.0,3.977272727272727,4,0,1,22,4,2024-07-27 12:01:56,6,2.3125,1.4375,3.0,1.0,1.0144785195688801,16,0.625
83,5,"Tired , Hopeful , Relaxed , Excited , Content",2024-08-03 12:35:09,7,True,2.0,1.0,0.0,0.0,9,1,0.7184,0.695,0.227,4.111111111111111,0,0,0,12,5,2024-07-27 12:01:56,7,2.411764705882353,1.411764705882353,4.0,1.0,1.0641207361838554,17,0.7777777777777777
83,6,I feel quite tired now but satisfied . I spent longer than I intended to at my sisters house and I am getting home later than I had planned . It is not a big deal but I am worried that there may be leaks in my apartment since it rained so much . But I try not to worry so much about what I can not control .,2024-08-03 22:08:43,7,False,2.0,1.0,1.0,0.0,69,0,0.4428,0.107,0.077,3.463768115942029,10,0,2,22,5,2024-07-27 12:01:56,7,2.388888888888889,1.3888888888888888,2.0,1.0,1.0369008625190792,18,0.7777777777777777
83,7,I feel pretty good today . I like to have Sundays as a day to rest and recharge for the week . I slept very well last night and I’m looking forward to watching movies today with my fiancé . I feel like it is a well deserved rest day .,2024-08-04 12:15:19,7,False,3.0,1.0,-1.0,0.0,51,0,0.9311,0.312,0.0,3.607843137254902,5,0,1,12,6,2024-07-27 12:01:56,8,2.3684210526315788,1.368421052631579,2.0,1.0,1.01162829777814,19,0.7000000000000002
83,8,I feel good and relaxed today . I am just chilling and watching movies together with my fiancé . It is also nice to cuddle with my cats . It feels like a nice break to not have much to do today . I love to have a relaxing Sunday at home .,2024-08-04 17:06:29,7,False,2.0,1.0,-1.0,0.0,53,0,0.9661,0.374,0.019,3.509433962264151,5,0,0,17,6,2024-07-27 12:01:56,8,2.4,1.35,3.0,1.0,0.9947229183096801,20,0.6000000000000001
83,9,"Relaxed , Sluggish , Calm , Content , Optimistic",2024-08-04 22:11:07,7,True,1.0,1.0,2.0,1.0,9,1,0.6249,0.678,0.235,4.444444444444445,0,0,0,22,6,2024-07-27 12:01:56,8,2.380952380952381,1.3333333333333333,2.0,1.0,0.9734572654303052,21,0.5363636363636362
83,10,"Content , Motivated , Optimistic , Energetic , Hopeful",2024-08-05 12:07:20,7,True,3.0,2.0,0.0,1.0,9,1,0.8885,0.92,0.0,5.111111111111111,0,0,0,12,0,2024-07-27 12:01:56,9,2.3181818181818183,1.3181818181818181,1.0,1.0,0.9945740239808646,22,0.27272727272727293
83,12,I am feeling good right now . I got a lot of cleaning done before I have to go to a focus group in the city later this evening . I woke up at about 5 AM today but felt well rested and got an early head start on the work I had to do .,2024-08-05 17:20:05,7,False,3.0,3.0,-2.0,-2.0,56,0,0.5927,0.122,0.0,3.1785714285714284,5,0,0,17,0,2024-07-27 12:01:56,9,2.347826086956522,1.3478260869565217,3.0,2.0,0.9820523802070619,23,0.31818181818181834
83,13,"Accomplished , Content , Tired , Relaxed , Hopeful",2024-08-05 22:04:57,7,True,1.0,1.0,2.0,1.0,9,1,0.7579,0.707,0.218,4.666666666666667,0,0,0,22,0,2024-07-27 12:01:56,9,2.375,1.4166666666666667,3.0,3.0,0.9696480760071398,24,0.25
83,14,"Secure , Excited , Content , Hopeful , Centered",2024-08-06 12:42:26,7,True,3.0,2.0,1.0,-1.0,9,1,0.7964,0.802,0.0,4.333333333333333,0,0,0,12,1,2024-07-27 12:01:56,10,2.32,1.4,1.0,1.0,0.9882644720249062,25,0.13461538461538458
83,15,I feel very relaxed and happy right now . I had a few meetings this morning and felt like I had a productive day and I woke up early again now I have a chance to relax with my fiancé while we watch our favorite show on TV .,2024-08-06 17:26:52,7,False,4.0,1.0,0.0,0.0,49,0,0.9506,0.351,0.0,3.5714285714285716,6,0,1,17,1,2024-07-27 12:01:56,10,2.3461538461538463,1.4230769230769231,3.0,2.0,0.9774377808252632,26,0.23076923076923084
83,16,I had a very nice day today . It was a great combination of productivity and relaxing . I had a wonderful time chilling with my fiancé and watching our favorite shows together . I am looking forward to having another great day tomorrow .,2024-08-06 22:01:46,7,False,4.0,1.0,-1.0,0.0,45,0,0.9686,0.421,0.022,4.288888888888889,4,0,1,22,1,2024-07-27 12:01:56,10,2.4074074074074074,1.4074074074074074,4.0,1.0,1.009922284110525,27,0.3406593406593408
83,17,I feel good right now . I am a bit tired but I am in a pleasant mood and just had therapy . I am also going out to dinner tonight with my fiancé to a restaurant we are excited to try called ORG   . I had a productive morning and went to ORG and did my volunteering .,2024-08-07 17:21:58,7,False,3.0,1.0,1.0,0.0,59,0,0.8201,0.178,0.036,3.4915254237288136,7,0,0,17,2,2024-07-27 12:01:56,11,2.4642857142857144,1.3928571428571428,4.0,1.0,1.0357370915204893,28,0.2142857142857144
83,18,"Happy , Content , Special , Calm , Excited",2024-08-07 22:30:57,7,True,4.0,1.0,-1.0,0.0,9,1,0.8779,0.917,0.0,3.7777777777777777,0,0,0,22,2,2024-07-27 12:01:56,11,2.4827586206896552,1.3793103448275863,3.0,1.0,1.0219270890672474,29,0.24285714285714288
83,19,"Achieved , Calm , Content , Relaxed , Peaceful",2024-08-08 17:10:03,7,True,3.0,1.0,1.0,0.0,9,1,0.8271,0.813,0.0,4.222222222222222,0,0,0,17,3,2024-07-27 12:01:56,12,2.533333333333333,1.3666666666666667,4.0,1.0,1.0416609195243758,30,0.5333333333333332
83,20,"Content , Calm , Relaxed , Happy , Relieved",2024-08-08 22:21:20,7,True,4.0,1.0,-1.0,1.0,9,1,0.8957,0.922,0.0,3.888888888888889,0,0,0,22,3,2024-07-27 12:01:56,12,2.5483870967741935,1.3548387096774193,3.0,1.0,1.0275767506588613,31,0.5458333333333334
83,21,"Relieved , Content , Calm , Loved , Lucky",2024-08-09 12:09:19,7,True,3.0,2.0,-2.0,-1.0,9,1,0.891,0.921,0.0,3.6666666666666665,0,0,0,12,4,2024-07-27 12:01:56,13,2.59375,1.34375,4.0,1.0,1.042929342239073,32,0.5625
83,206,"I am feeling good right now . I woke up feeling very tired this morning , but I ended up having a productive day by getting my bloodwork done and going shopping for an interview I have next week . I feel sleepy right now but relaxed .",2024-08-09 17:00:26,7,False,1.0,1.0,0.0,0.0,48,0,0.6862,0.2,0.048,3.8958333333333335,6,0,1,17,4,2024-07-27 12:01:56,13,2.606060606060606,1.3636363636363635,3.0,2.0,1.0289373747765804,33,0.5698529411764706
85,240,"tired , bothered , confused , exhausted , reslient",2024-09-22 22:54:17,7,True,2.0,2.0,0.0,0.0,9,1,-0.8402,0.0,0.909,4.666666666666667,0,0,0,22,6,2024-09-22 22:54:17,0,2.0,1.0,2.0,1.0,0.0,0,0.0
85,241,"Lively , Energetic , Challenged , Comfortable , Quiet",2024-09-23 12:37:06,7,True,2.0,2.0,0.0,-1.0,9,1,0.8271,0.791,0.122,5.0,0,0,0,12,0,2024-09-22 22:54:17,0,2.0,2.0,2.0,2.0,0.0,1,0.0
85,242,"Tired , Relaxed , Calm , Thoughtful , Safe",2024-09-23 22:24:18,7,True,2.0,1.0,0.0,1.0,9,1,0.7964,0.791,0.209,3.7777777777777777,0,0,0,22,0,2024-09-22 22:54:17,0,2.0,2.0,2.0,2.0,0.0,2,0.0
85,243,"Tired , Busy , Thoughtful , Considerate , Humble",2024-09-24 12:01:03,7,True,2.0,2.0,-2.0,-1.0,9,1,0.3818,0.529,0.279,4.444444444444445,0,0,0,12,1,2024-09-22 22:54:17,1,2.0,1.6666666666666667,2.0,1.0,0.0,3,0.0
85,244,"Exhausted , Tired , Calm , Excited , Hungry",2024-09-24 17:55:09,7,True,0.0,1.0,2.0,0.0,9,1,-0.1779,0.423,0.486,3.888888888888889,0,0,0,17,1,2024-09-22 22:54:17,1,2.0,1.75,2.0,2.0,0.0,4,0.0
85,245,"Tired , Exhausted , Calm , Candid , Humored",2024-09-24 22:00:34,7,True,2.0,1.0,2.0,2.0,9,1,-0.2263,0.413,0.495,3.888888888888889,0,0,0,22,1,2024-09-22 22:54:17,1,1.6,1.6,0.0,1.0,0.8944271909999159,5,-0.6666666666666667
85,246,"Refreshed , Energetic , Content , Hopeful , Lively",2024-09-25 17:02:37,7,True,4.0,3.0,-1.0,-1.0,9,1,0.8442,0.82,0.0,4.666666666666667,0,0,0,17,2,2024-09-22 22:54:17,2,1.6666666666666667,1.5,2.0,1.0,0.816496580927726,6,-0.6666666666666667
85,247,"Relaxed , Alert , Amused , Resilient , Excited",2024-09-26 12:45:35,7,True,3.0,2.0,-3.0,-1.0,9,1,0.8625,0.914,0.0,4.222222222222222,0,0,0,12,3,2024-09-22 22:54:17,3,2.0,1.7142857142857142,4.0,3.0,1.1547005383792515,7,0.0
85,248,I am currently working and extremely tired . It is a wet and dreary day . I believe this is affecting my overall mood and energy . I cannot wait to get home and relax . It hasn’t been bad my energy label is just not high .,2024-09-26 17:33:28,7,False,0.0,1.0,0.0,0.0,48,0,-0.4576,0.144,0.185,3.6458333333333335,5,0,1,17,3,2024-09-22 22:54:17,3,2.125,1.75,3.0,2.0,1.1259916264596033,8,0.25
85,260,"I’m bed breaking sleep to take this survey . I’m so tired . I had a pretty long day but it was good , I just need to sleep . After this I’m going right back , I usually have trouble sleeping but not tonight .",2024-09-26 22:00:36,7,False,0.0,1.0,4.0,2.0,46,0,0.0416,0.138,0.135,3.5434782608695654,3,0,1,22,3,2024-09-22 22:54:17,3,1.8888888888888888,1.6666666666666667,0.0,1.0,1.2692955176439846,9,-0.19999999999999996
85,261,Today is a good day . No major complete issues . Almost end of day where I can go home start laundry and relax . I will get all chores out of the way so I can have an easy relaxed weekend after the work week .,2024-09-27 17:23:44,7,False,4.0,3.0,-4.0,-2.0,47,0,0.8658,0.247,0.046,3.4680851063829787,3,0,1,17,4,2024-09-22 22:54:17,4,1.7,1.6,0.0,1.0,1.3374935098492586,10,0.19999999999999996
85,262,"I’m exhausted and I cannot understand why . I slept good and had a good day . But after I finish this survey I am going to bed , my eyes are ready to close as I type . Could be the change in weather who knows .",2024-09-27 22:00:31,7,False,0.0,1.0,3.0,2.0,48,0,0.6597,0.171,0.042,3.3958333333333335,6,0,0,22,4,2024-09-22 22:54:17,4,1.9090909090909092,1.7272727272727273,4.0,3.0,1.4459976109624426,11,0.5666666666666664
85,263,"Cold , Content , Lively , Reluctant , Thoughtful",2024-09-28 12:01:15,7,True,3.0,3.0,-1.0,-2.0,9,1,0.5423,0.579,0.211,4.444444444444445,0,0,0,12,5,2024-09-22 22:54:17,5,1.75,1.6666666666666667,0.0,1.0,1.4847711791873706,12,0.16666666666666652
85,264,"Relaxed , Mellow , Calm , Optimistic , Hopeful",2024-09-28 22:01:14,7,True,2.0,1.0,0.0,1.0,9,1,0.8779,0.917,0.0,4.222222222222222,0,0,0,22,5,2024-09-22 22:54:17,5,1.8461538461538463,1.7692307692307692,3.0,3.0,1.4632243987255136,13,0.33333333333333326
85,265,"Up starting my day , getting prepared for the work week . I went to bed late , but I slept pretty good , didn’t get the chance to do laundry yesterday that’s my goal today and to make some dinner . I will stay in the rest of the day , it’s damp and rainy !",2024-09-29 12:12:28,7,False,2.0,2.0,0.0,0.0,57,0,0.8988,0.222,0.026,3.508771929824561,5,1,0,12,6,2024-09-22 22:54:17,6,1.8571428571428572,1.7142857142857142,2.0,1.0,1.4064216928154862,14,-0.2857142857142858
85,266,I was napping and just woke up . It’s a wet dream day . I am about yo make done dinner and find a movie on Netflix to watch or even a documentary . My granddaughter wants me to come over but I’m not leaving the house today,2024-09-29 17:09:26,7,False,2.0,2.0,-2.0,-1.0,48,0,0.128,0.037,0.0,3.6458333333333335,4,0,0,17,6,2024-09-22 22:54:17,6,1.8666666666666667,1.7333333333333334,2.0,2.0,1.3557637102737476,15,-0.25
85,267,"Folding laundry , ate dinner , and getting ready for bed . After I make my bed , I am exhausted , and I hope to sleep well tonight as I will need to be up by 6am to be to work by 7am . Prepared my lunch and fruits to take for the day . I will need to leave in time .",2024-09-29 22:00:30,7,False,0.0,1.0,4.0,0.0,64,0,0.6908,0.162,0.064,3.171875,7,0,0,22,6,2024-09-22 22:54:17,6,1.875,1.75,2.0,2.0,1.3102162671355697,16,-0.5
85,268,"Calm , Relaxed , Accomplished , Content , Hopeful",2024-09-30 17:34:00,7,True,4.0,1.0,-1.0,0.0,9,1,0.8934,0.921,0.0,4.555555555555555,0,0,0,17,0,2024-09-22 22:54:17,7,1.7647058823529411,1.7058823529411764,0.0,1.0,1.3476559169863187,17,-0.6805555555555556
85,269,"Calm , Relaxed , Energetic , Content , Optimistic",2024-09-30 22:00:26,7,True,3.0,1.0,1.0,2.0,9,1,0.8658,0.915,0.0,4.555555555555555,0,0,0,22,0,2024-09-22 22:54:17,7,1.8888888888888888,1.6666666666666667,4.0,1.0,1.4095843729891318,18,0.0
85,271,"Today is a great day for me . I feel lively energy is in full motion . I’m having a great morning , sleep was exceptionally well ! At times I have difficulty sleeping but I slept and arises early to get my day started .",2024-10-01 12:18:06,7,False,4.0,3.0,-2.0,-1.0,46,0,0.7838,0.25,0.04,3.782608695652174,5,1,0,12,1,2024-09-22 22:54:17,8,1.9473684210526316,1.631578947368421,3.0,1.0,1.393384536958932,19,0.11111111111111116
85,272,"Calm , Sleepy , Relaxed , Thankful , Grateful",2024-10-01 17:11:59,7,True,2.0,2.0,2.0,-1.0,9,1,0.9042,0.924,0.0,4.111111111111111,0,0,0,17,1,2024-09-22 22:54:17,8,2.05,1.7,4.0,3.0,1.4317821063276355,20,0.7
85,273,"tired , accomplished , comfortable , clean , blessed",2024-10-01 22:01:31,7,True,4.0,1.0,-2.0,1.0,9,1,0.872,0.815,0.185,4.888888888888889,0,0,0,22,1,2024-09-22 22:54:17,8,2.0476190476190474,1.7142857142857142,2.0,2.0,1.3955712262794213,21,0.6636363636363638
85,274,"Pretty calm now , waiting to leave for the day . Start was pretty good and busy , but it had slowed down a great deal .\ n All seems good so major things happening nor do I have any complaints . A little tired other than that great !",2024-10-02 17:29:20,7,False,2.0,2.0,-2.0,-1.0,50,0,0.9449,0.373,0.129,3.68,1,1,1,17,2,2024-09-22 22:54:17,9,2.1363636363636362,1.6818181818181819,4.0,1.0,1.4241272864946195,22,0.4545454545454546
85,275,"Tired , Sleepy , Drained , Overworked , Calm",2024-10-02 22:02:11,7,True,0.0,1.0,4.0,2.0,9,1,-0.4767,0.237,0.557,4.0,0,0,0,22,2,2024-09-22 22:54:17,9,2.130434782608696,1.6956521739130435,2.0,2.0,1.3916748518532023,23,0.4242424242424243
85,276,"Busy , Active , Content , Silent , Humble",2024-10-03 12:08:02,7,True,4.0,3.0,-4.0,-2.0,9,1,0.4019,0.403,0.0,3.6666666666666665,0,0,0,12,3,2024-09-22 22:54:17,10,2.0416666666666665,1.6666666666666667,0.0,1.0,1.4288690166235205,24,0.5833333333333335
85,277,"Tired , Calm , Relaxed , Interested , Thoughtful",2024-10-03 22:03:42,7,True,0.0,1.0,2.0,1.0,9,1,0.7845,0.788,0.212,4.444444444444445,0,0,0,22,3,2024-09-22 22:54:17,10,2.12,1.72,4.0,3.0,1.452583904633395,25,0.7115384615384617
85,278,"Today is a great day . The sun is out and it’s elevating my mood . Other than that , I slept very well which was much needed . And I feel like my energy has been revived and elevated ! Hoping for an overall peaceful day !",2024-10-04 12:47:23,7,False,2.0,2.0,2.0,-1.0,48,0,0.9492,0.349,0.0,3.625,4,2,1,12,4,2024-09-22 22:54:17,11,2.0384615384615383,1.6923076923076923,0.0,1.0,1.4827209914415922,26,0.3846153846153846
85,287,"Ending of day , looking forward to a satisfying weekend . Need to complete so chores and give back to the community for clothes that I no longer use that are sitting in bins or in my closet . It’s long overdue so I need to start working on it ASAP . I need to purchase something’s off ORG as well . Been off track a little , now I’m back .",2024-10-04 17:35:28,7,False,4.0,1.0,-1.0,1.0,72,0,0.4404,0.079,0.034,3.7222222222222223,4,0,2,17,4,2024-09-22 22:54:17,11,2.037037037037037,1.7037037037037037,2.0,2.0,1.4539463930833607,27,0.36813186813186816
85,288,"Happy , Optimistic , Hopeful , Thoughtful , Excited",2024-10-04 22:51:24,7,True,3.0,2.0,0.0,0.0,9,1,0.9231,1.0,0.0,4.777777777777778,0,0,0,22,4,2024-09-22 22:54:17,11,2.107142857142857,1.6785714285714286,4.0,1.0,1.4742050139924308,28,0.5
86,346,"Tired , Focused , Busy , Anxious , Curious",2024-08-14 12:28:51,7,True,3.0,2.0,-2.0,1.0,9,1,0.0,0.454,0.454,3.7777777777777777,0,0,0,12,2,2024-08-14 12:28:51,0,2.0,1.0,2.0,1.0,0.0,0,0.0
86,351,Currently I am in virtual court for to parking tickets . I have my receipt for the parking app that I used for one of the tickets but not the other one . I ' m afraid that they will still make me pay . I don ' t like to give away money that ' s why I always use the parking app or feed the meter .,2024-08-15 12:00:43,7,False,1.0,3.0,3.0,0.0,69,0,0.3919,0.058,0.029,3.318840579710145,8,0,0,12,3,2024-08-14 12:28:51,0,3.0,2.0,3.0,2.0,0.0,1,0.0
86,352,Currently I am feeling happy and excited because I am traveling tomorrow . I ' m excited to see my grandsons . I get to see them again because they live in another state . So I ' m always happy to see them as much as possible .,2024-08-16 17:18:12,7,False,4.0,3.0,-2.0,0.0,49,0,0.9136,0.306,0.0,3.6530612244897958,6,0,1,17,4,2024-08-14 12:28:51,2,2.0,2.5,1.0,3.0,1.4142135623730951,2,-2.0
86,353,"Focused , Tired , Determined , Anxious , Excited",2024-08-16 22:05:23,7,True,2.0,3.0,1.0,-1.0,9,1,0.3612,0.602,0.398,4.444444444444445,0,0,0,22,4,2024-08-14 12:28:51,2,2.6666666666666665,2.6666666666666665,4.0,3.0,1.5275252316519465,3,-0.5
86,354,Currently I am spending time with my grand children . I am very happy when I ' m with them because they live so far away from me . We ' re watching educational shows on the tv while they eat breakfast and I have my morning cup of coffee .,2024-08-18 12:11:36,7,False,3.0,2.0,-3.0,1.0,51,0,0.7902,0.152,0.0,3.6862745098039214,7,0,2,12,6,2024-08-14 12:28:51,3,2.5,2.75,2.0,3.0,1.2909944487358056,4,1.0
86,355,Currently I am feeling happy . I am spending time with my family I ' m preparing dinner for tonight . I went grocery shopping to get everything I needed . My family loves when I come in town and I love to take care of them while I ' m here .,2024-08-18 17:30:54,7,False,0.0,3.0,3.0,-2.0,53,0,0.946,0.337,0.0,3.5660377358490565,10,0,0,17,6,2024-08-14 12:28:51,4,2.6,2.6,3.0,2.0,1.140175425099138,5,1.0
86,356,"Content , Relaxed , Happy , Curious , Determined",2024-08-18 22:00:56,7,True,3.0,1.0,-1.0,1.0,9,1,0.891,0.921,0.0,4.444444444444445,0,0,0,22,6,2024-08-14 12:28:51,4,2.1666666666666665,2.6666666666666665,0.0,3.0,1.4719601443879744,6,-0.9999999999999998
86,358,"Rested , Content , Relieved , Excited , Relaxed",2024-08-19 12:13:56,7,True,2.0,2.0,0.0,0.0,9,1,0.802,0.804,0.0,4.333333333333333,0,0,0,12,0,2024-08-14 12:28:51,4,2.2857142857142856,2.4285714285714284,3.0,1.0,1.3801311186847085,7,-0.6666666666666665
86,359,"Currently , I am feeling very relaxed . I am watching TV while also checking emails and important information . I am here with my family having a relaxed day together . Shortly I will get up and start to cook dinner for us .",2024-08-19 17:22:10,7,False,2.0,2.0,0.0,0.0,45,0,0.8514,0.249,0.0,4.0,5,0,1,17,0,2024-08-14 12:28:51,5,2.25,2.375,2.0,2.0,1.2817398889233114,8,-0.5
87,376,"Tired , Sluggish , Unmotivated , Drained , Sleepy",2024-11-13 12:10:24,7,True,0.0,1.0,1.0,0.0,9,1,-0.8591,0.0,0.913,4.555555555555555,0,0,0,12,2,2024-11-13 12:10:24,0,2.0,1.0,2.0,1.0,0.0,0,0.0
87,377,"Tired , Drained , Unfocused , Anxious , Unmotivated",2024-11-13 17:30:28,7,True,1.0,1.0,0.0,2.0,9,1,-0.8885,0.0,1.0,4.777777777777778,0,0,0,17,2,2024-11-13 12:10:24,0,0.0,1.0,0.0,1.0,0.0,1,0.0
87,378,"Anxious , Antsy , Bored , Sleepy , Tired",2024-11-13 22:11:38,7,True,1.0,3.0,0.0,0.0,9,1,-0.7184,0.0,0.778,3.5555555555555554,0,0,0,22,2,2024-11-13 12:10:24,0,0.5,1.0,1.0,1.0,0.7071067811865476,2,1.0
87,379,I am a bit jittery and anxious . I am feeling pretty awake and focused but anxious about other life events currently . I did get a full night ' s of sleep . I don ' t have anything else to add but it ' s telling me I need more charactera,2024-11-14 12:47:33,7,False,1.0,3.0,2.0,-1.0,53,0,0.0387,0.125,0.097,3.490566037735849,6,0,0,12,3,2024-11-13 12:10:24,1,0.6666666666666666,1.6666666666666667,1.0,3.0,0.5773502691896258,3,1.0
87,380,"Sleepy , Hungry , Happy , Relaxed , Bored",2024-11-15 22:37:49,7,True,3.0,2.0,1.0,0.0,9,1,0.7003,0.627,0.191,3.6666666666666665,0,0,0,22,4,2024-11-13 12:10:24,2,0.75,2.0,1.0,3.0,0.5,4,0.5
87,381,I am currently very happy and content . Slightly sleepy but solely because I am relaxed and at ease . I am excited about my plans for tonight and currently feeling productive . I am in a positive mindset,2024-11-16 17:01:50,7,False,4.0,2.0,0.0,-1.0,39,0,0.9628,0.442,0.0,4.230769230769231,5,0,1,17,5,2024-11-13 12:10:24,3,1.2,2.0,3.0,2.0,1.0954451150103324,5,1.1666666666666667
87,382,I am currently feeling fairly calm and content . I am not overly anxious or stressed . I am a bit sleepy but feel happy about how I spent my day . Overall i have a positive mindset and am in a good place .,2024-11-17 22:15:12,7,False,4.0,1.0,0.0,0.0,45,0,0.9466,0.395,0.037,3.577777777777778,6,0,0,22,6,2024-11-13 12:10:24,4,1.6666666666666667,2.0,4.0,2.0,1.505545305418162,6,2.0
88,384,"indifferent , mild , tired , unexcited , calm",2024-11-05 12:07:06,7,True,2.0,2.0,0.0,1.0,9,1,-0.34,0.256,0.522,4.111111111111111,0,0,0,12,1,2024-11-05 12:07:06,0,2.0,1.0,2.0,1.0,0.0,0,0.0
88,385,"energized , accomplished , content , calm , pleased",2024-11-05 17:02:58,7,True,2.0,3.0,2.0,-2.0,9,1,0.886,0.919,0.0,4.777777777777778,0,0,0,17,1,2024-11-05 12:07:06,0,2.0,2.0,2.0,2.0,0.0,1,0.0
88,386,"full , relaxed , interested , calm , content",2024-11-05 22:15:17,7,True,4.0,1.0,-4.0,0.0,9,1,0.802,0.804,0.0,4.0,0,0,0,22,1,2024-11-05 12:07:06,0,2.0,2.5,2.0,3.0,0.0,2,0.0
88,387,I am currently tired and feel as though I do not want to do anything . I feel sluggish and unmotivated to go about the rest of my day . I am also feeling anxious since I have an important call later on in the day .,2024-11-06 12:17:34,7,False,0.0,1.0,2.0,1.0,47,0,-0.7859,0.071,0.241,3.574468085106383,6,0,0,12,2,2024-11-05 12:07:06,1,2.6666666666666665,2.0,4.0,1.0,1.1547005383792515,3,1.0
88,388,"I do not feel overly happy or overly sad currently . I would describe myself as neutral and calm . I have moderate energy and am currently content with how my day is going . I have my phone call soon , but I am not really stressed anymore .",2024-11-06 17:08:47,7,False,2.0,2.0,-2.0,-1.0,50,0,0.2571,0.135,0.09,3.82,8,0,1,17,2,2024-11-05 12:07:06,1,2.0,1.75,0.0,1.0,1.632993161855452,4,0.0
88,389,"exhausted , achey , sore , neutral , tired",2024-11-06 22:05:11,7,True,0.0,1.0,0.0,2.0,9,1,-0.7845,0.0,0.798,3.7777777777777777,0,0,0,22,2,2024-11-05 12:07:06,1,2.0,1.8,2.0,2.0,1.4142135623730951,5,0.0
88,395,"anxious , tense , edgey , active , hungry",2024-11-07 12:36:49,7,True,0.0,3.0,4.0,-2.0,9,1,-0.1779,0.297,0.484,3.6666666666666665,0,0,0,12,3,2024-11-05 12:07:06,2,1.6666666666666667,1.6666666666666667,0.0,1.0,1.505545305418162,6,-2.0
88,396,I am feeling mostly content currently and a little stressed . A couple of new opportunities came today which is exciting but stressful at the same time since it is all at once . I am pleased though to be receiving them .,2024-11-07 17:01:59,7,False,4.0,1.0,0.0,1.0,43,0,0.2492,0.2,0.133,4.1395348837209305,2,0,0,17,3,2024-11-05 12:07:06,2,1.4285714285714286,1.8571428571428572,0.0,3.0,1.5118578920369088,7,-2.1666666666666665
88,397,"I am currently feeling very happy and excited since I am seeing my friend I haven’t seen for a while now . I am feeling content and enjoying my evening , as well as looking forward to tomorrow and the weekend .",2024-11-07 22:05:23,7,False,4.0,2.0,0.0,-1.0,42,0,0.9465,0.405,0.0,4.023809523809524,6,0,1,22,3,2024-11-05 12:07:06,2,1.75,1.75,4.0,1.0,1.6690459207925603,8,-0.5
88,398,"lively , active , serene , satisfied , happy",2024-11-08 17:00:55,7,True,4.0,1.0,-3.0,0.0,9,1,0.9337,1.0,0.0,4.0,0,0,0,17,4,2024-11-05 12:07:06,3,2.0,1.7777777777777777,4.0,2.0,1.7320508075688772,9,0.0
88,400,"I am currently feeling pretty tired , but I woke up very early today so I believe that is normal . Besides being tired , I have a little bit of a headache and stomach pain , so I am a bit stressed about that .",2024-11-08 22:05:43,7,False,1.0,1.0,-1.0,0.0,46,0,-0.908,0.076,0.312,3.5652173913043477,5,0,3,22,4,2024-11-05 12:07:06,3,2.2,1.7,4.0,1.0,1.7511900715418263,10,0.3999999999999999
88,401,"unwell , tired , hurt , lazy , impatient",2024-11-09 17:06:25,7,True,0.0,1.0,1.0,0.0,9,1,-0.875,0.0,0.917,3.5555555555555554,0,0,0,17,5,2024-11-05 12:07:06,4,2.090909090909091,1.6363636363636365,1.0,1.0,1.7002673586554236,11,0.16666666666666652
88,402,"tired , bored , sick , sore , sluggish",2024-11-09 22:01:12,7,True,1.0,1.0,1.0,2.0,9,1,-0.91,0.0,1.0,3.3333333333333335,0,0,0,22,5,2024-11-05 12:07:06,4,1.9166666666666667,1.5833333333333333,0.0,1.0,1.7298624923456323,12,0.4999999999999998
88,403,I woke up feeling better today and currently I am feeling very productive since I am up and walking around . I feel accomplished since I am getting my house chores done and active since I had an early start to my day .,2024-11-10 12:02:47,7,False,2.0,3.0,1.0,0.0,44,0,0.8591,0.271,0.0,3.977272727272727,8,0,1,12,6,2024-11-05 12:07:06,4,1.8461538461538463,1.5384615384615385,1.0,1.0,1.6756169931378435,13,0.33333333333333326
88,404,I am currently feeling somewhat energetic and active . I am feeling productive . I feel accomplished since I finished all my housework and now I am excited to reward myself with some self care . I am also feeling a little hungry .,2024-11-10 17:08:16,7,False,3.0,3.0,1.0,-2.0,44,0,0.9568,0.475,0.0,4.25,8,0,0,17,6,2024-11-05 12:07:06,5,1.8571428571428572,1.6428571428571428,2.0,3.0,1.6104057232283404,14,0.857142857142857
88,405,"I am currently feeling very content . I had a productive day and I am now winding down for the evening . I am pleased since I did my self care routine , which made me feel calm and relaxed . I am satisfied and happy .",2024-11-10 22:03:12,7,False,4.0,1.0,0.0,0.0,47,0,0.9559,0.412,0.0,3.6382978723404253,8,0,1,22,6,2024-11-05 12:07:06,5,1.9333333333333333,1.7333333333333334,3.0,3.0,1.5796322658258455,15,0.9464285714285714
89,431,"I feel tired from the night before and my brain is foggy . I’m having trouble focusing . My voice is raspy and my throat feels kind of sore . There’s some nervousness in my chest but other than that , I feel fine .",2024-08-14 12:24:38,7,False,0.0,1.0,1.0,0.0,45,0,-0.476,0.052,0.172,3.7777777777777777,6,0,0,12,2,2024-08-14 12:24:38,0,2.0,1.0,2.0,1.0,0.0,0,0.0
89,432,"I currently feel kind of sick in my stomach . It feels like I might throw up but it never happens . I also feel tired , like I need a nap . I don’t really have the anxiety anymore . I’m just tired . That’s basically it though .",2024-08-14 17:01:41,7,False,1.0,1.0,-1.0,2.0,50,0,-0.8147,0.103,0.257,3.56,6,0,1,17,2,2024-08-14 12:24:38,0,0.0,1.0,0.0,1.0,0.0,1,0.0
89,433,I feel very anxious and stressed right now . I’m thinking about what I have to get done and my future and also personal problems . It’s getting to me right now . It’s hard to focus on the things that matter so that’s adding to it .,2024-08-14 22:01:19,7,False,0.0,3.0,2.0,0.0,48,0,-0.788,0.023,0.192,3.8333333333333335,4,0,2,22,2,2024-08-14 12:24:38,0,0.5,1.0,1.0,1.0,0.7071067811865476,2,1.0
89,434,"Focused , Satisfied , Curious , Hungry , Nervous",2024-08-15 12:22:11,7,True,2.0,3.0,-1.0,-2.0,9,1,0.6808,0.713,0.194,4.444444444444445,0,0,0,12,3,2024-08-14 12:24:38,0,0.3333333333333333,1.6666666666666667,0.0,3.0,0.5773502691896258,3,0.5
89,435,"Tired , Bored , Unmotivated , Distracted , Stressed",2024-08-15 17:58:58,7,True,1.0,1.0,1.0,2.0,9,1,-0.8807,0.0,1.0,4.777777777777778,0,0,0,17,3,2024-08-14 12:24:38,1,0.75,2.0,2.0,3.0,0.9574271077563381,4,0.5
89,436,I’m feeling decent right now . I feel a little behind in my day (which may translate to some stress) and a little distracted . I also feel hungry but dirty (I need a shower) . I also feel bloated . That’s basically it,2024-08-16 12:14:34,7,False,2.0,3.0,1.0,0.0,44,0,-0.6314,0.033,0.144,3.9545454545454546,4,0,0,12,4,2024-08-14 12:24:38,1,0.8,1.8,1.0,1.0,0.8366600265340756,5,0.5
89,437,"Lively , Content , Focused , Energized , Hungry",2024-08-16 17:00:39,7,True,3.0,3.0,-1.0,0.0,9,1,0.8316,0.815,0.0,4.333333333333333,0,0,0,17,4,2024-08-14 12:24:38,2,1.0,2.0,2.0,3.0,0.8944271909999159,6,1.3333333333333335
89,438,"Content , Happy , Tired , Slow",2024-08-16 22:27:34,7,True,2.0,3.0,0.0,0.0,7,1,0.2023,0.43,0.337,3.4285714285714284,0,0,0,22,4,2024-08-14 12:24:38,2,1.2857142857142858,2.142857142857143,3.0,3.0,1.1126972805283737,7,1.6666666666666667
89,565,"Hungry , Energized , Curious , Determined , Confident",2024-08-17 12:19:35,7,True,2.0,3.0,0.0,-1.0,9,1,0.8807,0.918,0.0,5.0,0,0,0,12,5,2024-08-14 12:24:38,2,1.375,2.25,2.0,3.0,1.0606601717798212,8,1.25
89,566,"I feel tensed up . My body (upper back , face , jaw) just feel really tense . I feel sort of annoyed (because of my brother) . I’m feeling hungry , and I’m starting to feel tired . The tense feeling is probably from some stress .",2024-08-17 22:54:58,7,False,2.0,2.0,-1.0,-1.0,48,0,-0.9182,0.061,0.326,3.7916666666666665,4,0,1,22,5,2024-08-14 12:24:38,3,1.4444444444444444,2.3333333333333335,2.0,3.0,1.0137937550497034,9,1.25
89,567,"Tired , Sluggish , Slow , Nervous , Stressed",2024-08-18 12:31:35,7,True,1.0,1.0,1.0,1.0,9,1,-0.8442,0.0,0.91,4.0,0,0,0,12,6,2024-08-14 12:24:38,4,1.5,2.3,2.0,2.0,0.97182531580755,10,1.4000000000000001
89,568,I’m feeling kind of overwhelmed right now . Kind of nervous and impatient . I want to do something fun but I know I need to concentrate and get work done on my laptop (personal duties) . I’m trying to stay positive but it’s hard . I feel a little down but I’m pushing through .,2024-08-18 17:00:33,7,False,2.0,2.0,0.0,0.0,56,0,0.7003,0.198,0.089,3.9642857142857144,5,0,0,17,6,2024-08-14 12:24:38,4,1.4545454545454546,2.1818181818181817,1.0,1.0,0.9341987329938276,11,1.2
89,569,"Nervous , Meh , Worried , Exhausted , Stressed",2024-08-18 22:28:09,7,True,2.0,2.0,-1.0,1.0,9,1,-0.8176,0.0,1.0,4.222222222222222,0,0,0,22,6,2024-08-14 12:24:38,4,1.5,2.1666666666666665,2.0,2.0,0.9045340337332909,12,1.0
89,570,"I’m feeling a pretty nervous feeling about various things . I also feel a hint of excitement and some confusion . My entire body feels really tense , like it needs to be massaged . My stomach also feels weird .",2024-08-19 12:26:26,7,False,1.0,3.0,0.0,0.0,41,0,0.5401,0.271,0.194,4.146341463414634,3,0,1,12,0,2024-08-14 12:24:38,5,1.5384615384615385,2.1538461538461537,2.0,2.0,0.8770580193070292,13,1.0
90,588,Overwhelmed and anxious as well as stressed out . I have a lot of work to do for school that o have procrastinated on because I wasn’t feeling well yesterday so I’m behind and nervous .im too anxious to focus right now and not sure how to proceed in the moment or how to ground myself,2024-10-16 12:00:46,7,False,0.0,1.0,1.0,2.0,56,0,-0.5517,0.116,0.176,4.089285714285714,3,0,1,12,2,2024-10-16 12:00:46,0,2.0,1.0,2.0,1.0,0.0,0,0.0
90,590,I was so overwhelmed this afternoon but slowly I am feeling more at ease after talking to my professor at school about getting an extension on a deadline because I have been having health issues that make it difficult to get work done . Slightly better than usual at the moment and trying to find a happy medium,2024-10-16 17:01:33,7,False,1.0,3.0,-1.0,-2.0,58,0,0.8973,0.235,0.05,4.379310344827586,4,0,1,17,2,2024-10-16 12:00:46,0,0.0,1.0,0.0,1.0,0.0,1,0.0
90,591,I am feeling more relaxed than before but still stressed out as I have many tasks I have yet to accomplish today and I am exhausted and it’s getting late . my brain is running a million miles a minute right now,2024-10-16 22:08:29,7,False,0.0,1.0,0.0,2.0,42,0,-0.0396,0.165,0.146,4.023809523809524,5,0,0,22,2,2024-10-16 12:00:46,0,0.5,2.0,1.0,3.0,0.7071067811865476,2,1.0
90,592,Again overwhelmed I have so much to do today and woke up late so I didn’t have time to shower as planned . It’s a hassle to shower in the middle of the day but I have appointments and meetings all morning so it has to be put off . Very scattered this morning and feeling anxious and sick to my stomach,2024-10-17 12:35:29,7,False,0.0,3.0,0.0,0.0,62,0,-0.7269,0.046,0.112,3.870967741935484,4,0,4,12,3,2024-10-16 12:00:46,1,0.3333333333333333,1.6666666666666667,0.0,1.0,0.5773502691896258,3,0.5
90,593,"Frantic , Anxious , Panicked , Stressed , Overwhelmed",2024-10-17 17:02:41,7,True,0.0,3.0,0.0,-1.0,9,1,-0.8442,0.104,0.896,5.0,0,0,0,17,3,2024-10-16 12:00:46,1,0.25,2.0,0.0,3.0,0.5,4,-0.5
90,594,"trapped , stuck , anxious , confused , lost",2024-10-17 22:02:40,7,True,0.0,2.0,1.0,1.0,9,1,-0.875,0.0,1.0,3.888888888888889,0,0,0,22,3,2024-10-16 12:00:46,1,0.2,2.2,0.0,3.0,0.44721359549995804,5,-0.5
90,595,"Anxious , Relieved , Tired , Wired , Anticipating",2024-10-18 12:05:11,7,True,1.0,3.0,0.0,0.0,9,1,-0.3182,0.274,0.516,4.555555555555555,0,0,0,12,4,2024-10-16 12:00:46,2,0.16666666666666666,2.1666666666666665,0.0,2.0,0.408248290463863,6,-0.3333333333333333
90,596,"Tired , Wiped out , Exhausted , Anxious , Jittery",2024-10-18 17:01:37,7,True,1.0,3.0,0.0,-2.0,10,1,-0.7506,0.0,0.712,4.0,0,0,0,17,4,2024-10-16 12:00:46,2,0.2857142857142857,2.2857142857142856,1.0,3.0,0.48795003647426655,7,-0.08333333333333331
90,597,Relaxed and tired but excited to watch the premiere of my favorite tv show . Feeling better after taking a short nap and getting some necessary tasks completed . Hopeful for a good evening and also planning on going to bed early so I am refreshed in the morning for work .,2024-10-18 22:01:05,7,False,1.0,1.0,-1.0,1.0,52,0,0.9688,0.366,0.031,4.25,2,0,1,22,4,2024-10-16 12:00:46,2,0.375,2.375,1.0,3.0,0.5175491695067657,8,0.25
90,598,"Exhausted , Drained , Nervous , Angry , Frustrated",2024-10-19 12:24:09,7,True,0.0,2.0,0.0,1.0,9,1,-0.9153,0.0,1.0,4.666666666666667,0,0,0,12,5,2024-10-16 12:00:46,3,0.4444444444444444,2.2222222222222223,1.0,1.0,0.5270462766947299,9,0.35
90,599,"Frantic , Overwhelmed , Anxious , Nauseated , Confused",2024-10-19 22:01:25,7,True,0.0,3.0,0.0,-2.0,9,1,-0.7184,0.128,0.766,5.111111111111111,0,0,0,22,5,2024-10-16 12:00:46,3,0.4,2.2,0.0,2.0,0.5163977794943223,10,0.39999999999999997
90,601,"Wiped out , Groggy , Exhausted , Overwhelmed , Fearful",2024-10-20 12:02:18,7,True,0.0,1.0,0.0,0.0,10,1,-0.6705,0.121,0.576,4.5,0,0,0,12,6,2024-10-16 12:00:46,4,0.36363636363636365,2.272727272727273,0.0,3.0,0.504524979109513,11,0.3
90,602,Drained and drowsy and anxious . I have a paper due tomorrow for school and have been paralyzed with fear and anxiety all day and have yet to work on it . I have no idea how I’m going to get it done as I have to work in an hour,2024-10-20 17:12:22,7,False,0.0,1.0,0.0,1.0,51,0,-0.8625,0.0,0.225,3.4705882352941178,3,0,0,17,6,2024-10-16 12:00:46,4,0.3333333333333333,2.1666666666666665,0.0,1.0,0.49236596391733095,12,0.33333333333333337
90,603,"Stuck , Doomed , Lost , Confused , Stressed",2024-10-20 22:00:44,7,True,0.0,2.0,0.0,0.0,9,1,-0.9042,0.0,1.0,3.888888888888889,0,0,0,22,6,2024-10-16 12:00:46,4,0.3076923076923077,2.076923076923077,0.0,1.0,0.48038446141526137,13,0.26190476190476186
90,604,"flustered , nuts , crazy , insane , losing it",2024-10-21 12:27:56,7,True,0.0,2.0,0.0,-1.0,10,1,-0.875,0.0,0.923,3.6,0,0,0,12,0,2024-10-16 12:00:46,5,0.2857142857142857,2.0714285714285716,0.0,2.0,0.46880723093849547,14,0.0
90,605,"Exhausted , Defeated , Sad , Overwhelmed , Hungry",2024-10-21 17:02:15,7,True,0.0,1.0,0.0,2.0,9,1,-0.8176,0.11,0.798,4.555555555555555,0,0,0,17,0,2024-10-16 12:00:46,5,0.26666666666666666,2.066666666666667,0.0,2.0,0.4577377082170635,15,-0.0357142857142857
90,606,Have an assignment due in 4 hours and I’m flipping my shit . Keep procrastinating and taking too many breaks I’m going to fail this assignment I am so livid and stressed out I don’t know what to do I feel like I’m going to lose it,2024-10-21 22:08:34,7,False,0.0,3.0,1.0,0.0,47,0,-0.9406,0.045,0.309,3.9148936170212765,4,0,1,22,0,2024-10-16 12:00:46,5,0.25,2.0,0.0,1.0,0.4472135954999579,16,-0.25
90,619,"tired , neutral , nervous , anxious , anticipatory",2024-10-22 12:00:44,7,True,1.0,3.0,-1.0,-1.0,9,1,-0.7184,0.0,0.778,4.666666666666667,0,0,0,12,1,2024-10-16 12:00:46,5,0.23529411764705882,2.0588235294117645,0.0,3.0,0.4372373160976031,17,-0.2638888888888889
90,620,"angry , frustrated , disapointed , sad , depressed",2024-10-22 17:07:06,7,True,0.0,2.0,0.0,-1.0,9,1,-0.9201,0.0,0.929,4.666666666666667,0,0,0,17,1,2024-10-16 12:00:46,6,0.2777777777777778,2.111111111111111,1.0,3.0,0.4608885989624768,18,-0.3333333333333333
90,621,I feel physically unwell and drained tonight . Very frustrated at myself for squandering the day away and not focusing on what I need to get done for school . I am slightly on edge and frantic   and am not sure how to proceed .,2024-10-22 22:02:35,7,False,0.0,1.0,0.0,0.0,45,0,-0.8766,0.0,0.24,4.022222222222222,4,0,1,22,1,2024-10-16 12:00:46,6,0.2631578947368421,2.1052631578947367,0.0,2.0,0.4524139283588641,19,-0.34444444444444444
90,622,"Cold , Tired , Restless , Anxious , Daunting",2024-10-23 12:00:50,7,True,0.0,1.0,0.0,0.0,9,1,-0.7184,0.0,0.778,4.0,0,0,0,12,2,2024-10-16 12:00:46,7,0.25,2.05,0.0,1.0,0.4442616583193193,20,-0.30000000000000004
91,651,"Happy , Relaxed , Excited , Enthusiastic , Energetic",2024-10-26 17:04:35,7,True,3.0,3.0,1.0,-1.0,9,1,0.9371,1.0,0.0,4.888888888888889,0,0,0,17,5,2024-10-26 17:04:35,0,2.0,1.0,2.0,1.0,0.0,0,0.0
91,652,I am feeling relaxed . I am happy i attended homecoming today and was able to hang out with friends and coworkers to have a fun day . I am also feeling ready for tomorrow since I have some stressful projects coming up .,2024-10-26 22:25:57,7,False,4.0,2.0,0.0,0.0,44,0,0.926,0.383,0.067,4.0,5,0,0,22,5,2024-10-26 17:04:35,0,3.0,3.0,3.0,3.0,0.0,1,0.0
91,653,"I am currently feeling very calm . I am completing the work I said I would do today , which makes me happy . I am also sad that I couldn’t do my campus job today because of a transport issue , but it’s ok .",2024-10-27 17:00:33,7,False,4.0,2.0,-1.0,0.0,46,0,0.6306,0.209,0.052,3.5,8,0,1,17,6,2024-10-26 17:04:35,0,3.5,2.5,4.0,2.0,0.7071067811865476,2,1.0
91,654,"Happy , Energetic , Enthusiastic , Hungry , Focused",2024-10-27 22:03:20,7,True,3.0,2.0,-1.0,1.0,9,1,0.9081,0.925,0.0,4.777777777777778,0,0,0,22,6,2024-10-26 17:04:35,1,3.6666666666666665,2.3333333333333335,4.0,2.0,0.5773502691896258,3,1.0
91,655,"I am currently feeling tired but I am also very happy . I was able to eat a good breakfast at work today which was nice , and got a decent night’s sleep last night which I am happy about . I am also hungry at the moment .",2024-10-28 17:01:29,7,False,2.0,3.0,1.0,-2.0,49,0,0.9629,0.368,0.036,3.5306122448979593,5,0,1,17,0,2024-10-26 17:04:35,1,3.5,2.25,3.0,2.0,0.5773502691896257,4,0.0
91,656,I am currently feeling happy . I am in class helping other students learn and giving them advice about how to solve the problems we are being given in the class . I am glad to be collaborating with them .,2024-10-28 22:09:03,7,False,3.0,1.0,0.0,0.0,41,0,0.872,0.322,0.06,4.0,3,0,0,22,0,2024-10-26 17:04:35,2,3.2,2.4,2.0,3.0,0.8366600265340756,5,-0.5
91,657,"Calm , Relaxed , Hungry , Happy , Enthusiastic",2024-10-29 17:00:51,7,True,3.0,1.0,-1.0,0.0,9,1,0.9081,0.925,0.0,4.222222222222222,0,0,0,17,1,2024-10-26 17:04:35,2,3.1666666666666665,2.1666666666666665,3.0,1.0,0.752772652709081,6,-1.0
91,658,"Happy , Joyful , Excited , Content , Hungry",2024-10-29 22:32:59,7,True,2.0,1.0,-1.0,0.0,9,1,0.875,0.833,0.0,3.888888888888889,0,0,0,22,1,2024-10-26 17:04:35,3,3.142857142857143,2.0,3.0,1.0,0.6900655593423541,7,-0.9166666666666665
91,660,Currently I am feeling content . I woke up feeling refreshed and am very energized at the moment . I am excited to go to class today because we are going to do some group work today and I have friends in class to see .,2024-10-30 17:08:07,7,False,1.0,1.0,1.0,1.0,46,0,0.8777,0.262,0.0,3.760869565217391,4,0,1,17,2,2024-10-26 17:04:35,4,3.0,1.875,2.0,1.0,0.7559289460184544,8,-1.0
91,661,"I am feeling very happy right now . I am attending an event that my roommate is hosting on campus . I am helping out with it and having a good time hanging out . I am also feeling kind if tired , I was up late last night .",2024-10-30 22:51:42,7,False,2.0,2.0,0.0,1.0,50,0,0.8908,0.307,0.058,3.46,6,0,1,22,2,2024-10-26 17:04:35,4,2.7777777777777777,1.7777777777777777,1.0,1.0,0.97182531580755,9,-1.2999999999999998
91,662,I am currently feeling very happy . I am at work helping my boss get through some projects for the day . I am also excited for today since it’s halloween . I will be going to a party with my girlfriend tonight to have a good time and enjoy ourselves .,2024-10-31 12:21:28,7,False,2.0,3.0,0.0,-2.0,52,0,0.9509,0.351,0.0,3.8461538461538463,6,0,1,12,3,2024-10-26 17:04:35,4,2.7,1.8,2.0,2.0,0.9486832980505138,10,-1.0
91,663,I am currently feeling very happy . I am excited for Halloween and parties and a lot of other fun activities that are happening tonight . I am also content because I think I did a good job at work today . I was going around helping my boss .,2024-10-31 17:01:24,7,False,2.0,1.0,0.0,0.0,50,0,0.9535,0.383,0.0,3.84,7,0,1,17,3,2024-10-26 17:04:35,4,2.6363636363636362,1.9090909090909092,2.0,3.0,0.9244162777371754,11,-1.0333333333333337
91,664,"Enthusiastic , Happy , Joyful , Excited , Energetic",2024-10-31 22:04:08,7,True,2.0,1.0,1.0,0.0,9,1,0.9442,1.0,0.0,4.777777777777778,0,0,0,22,3,2024-10-26 17:04:35,5,2.5833333333333335,1.8333333333333333,2.0,1.0,0.9003366373785201,12,-1.1666666666666665
91,665,"I am currently feeling very happy . Halloween was fun last night , and I had a good time hanging out with people and going out for the night . I also am glad to have met some new people who were really cool last night .",2024-11-01 17:00:40,7,False,3.0,1.0,0.0,0.0,47,0,0.9459,0.344,0.0,3.6808510638297873,3,0,2,17,4,2024-10-26 17:04:35,5,2.5384615384615383,1.7692307692307692,2.0,1.0,0.8770580193070292,13,-1.1666666666666665
91,666,"Happy , Joyful , Content , Full , Excited",2024-11-01 22:00:59,7,True,3.0,1.0,0.0,0.0,9,1,0.875,0.833,0.0,3.6666666666666665,0,0,0,22,4,2024-10-26 17:04:35,6,2.5714285714285716,1.7142857142857142,3.0,1.0,0.8516306272526402,14,-1.1428571428571428
91,667,I am currently feeling very happy but also very tired . I was up late last night and I had to wake up early today for work . My work for the day is a large shift that is a very important conference for the ORG on campus .,2024-11-02 12:23:00,7,False,3.0,1.0,0.0,0.0,49,0,0.0249,0.134,0.09,3.5306122448979593,4,0,3,12,5,2024-10-26 17:04:35,6,2.6,1.6666666666666667,3.0,1.0,0.828078671210825,15,-1.0178571428571428
91,668,"Happy , Excited , Enthusiastic , Tired , Content",2024-11-02 17:01:00,7,True,3.0,1.0,1.0,1.0,9,1,0.7506,0.705,0.22,4.444444444444445,0,0,0,17,5,2024-10-26 17:04:35,6,2.625,1.625,3.0,1.0,0.806225774829855,16,-0.75
91,669,I am currently feeling very happy right now because I am watching one of my favorite hockey teams play and they are winning . I am also feeling tired from not sleeping well last night and getting woken up early this morning to loud banging in my dorm .,2024-11-03 17:16:58,7,False,4.0,2.0,-1.0,-1.0,49,0,0.8773,0.279,0.083,4.163265306122449,5,0,1,17,6,2024-10-26 17:04:35,8,2.6470588235294117,1.588235294117647,3.0,1.0,0.7859052479933758,17,-0.6666666666666665
91,671,"Tired , Happy , Hopeful , Content , Full",2024-11-03 22:13:59,7,True,3.0,1.0,0.0,0.0,9,1,0.6249,0.588,0.244,3.5555555555555554,0,0,0,22,6,2024-10-26 17:04:35,8,2.7222222222222223,1.6111111111111112,4.0,2.0,0.8264420947336313,18,-0.11111111111111116
91,672,"Happy , Tired , Enthusiastic , Content , Excited",2024-11-04 17:24:48,7,True,3.0,1.0,0.0,0.0,9,1,0.7506,0.705,0.22,4.444444444444445,0,0,0,17,0,2024-10-26 17:04:35,9,2.736842105263158,1.5789473684210527,3.0,1.0,0.8056815791722831,19,-0.0777777777777775
91,673,"I am currently feeling very annoyed . I missed the survey from this morning so I know I probably won’t be getting that extra bonus for completing all of them . I am otherwise feeling decent , slightly tired .",2024-11-04 22:16:59,7,False,3.0,1.0,-1.0,0.0,40,0,-0.3566,0.165,0.202,4.225,5,0,2,22,0,2024-10-26 17:04:35,9,2.75,1.55,3.0,1.0,0.7863975156570492,20,0.09999999999999964
91,674,"Tired , Exhausted , Quiet , Content , Hungry",2024-11-05 17:15:38,7,True,2.0,1.0,0.0,1.0,9,1,-0.6597,0.0,0.643,4.0,0,0,0,17,1,2024-10-26 17:04:35,10,2.761904761904762,1.5238095238095237,3.0,1.0,0.768424485864545,21,0.11818181818181817
91,675,"Tired , Anxious , Exhausted , Slow , Sluggish",2024-11-05 22:05:56,7,True,2.0,2.0,-1.0,-1.0,9,1,-0.8442,0.0,0.91,4.111111111111111,0,0,0,22,1,2024-10-26 17:04:35,10,2.727272727272727,1.5,2.0,1.0,0.7672969364884684,22,0.1818181818181821
91,676,I am currently feeling stressed out because I am late for my class . I woke up late today and took a long time to get ready for class . I am also slightly annoyed because I stopped myself from investing in some stocks last night and now they have all shot up from the election .,2024-11-06 17:30:06,7,False,1.0,1.0,1.0,0.0,57,0,-0.3277,0.075,0.119,3.8947368421052633,7,0,0,17,2,2024-10-26 17:04:35,11,2.6956521739130435,1.5217391304347827,2.0,2.0,0.7648400075533119,23,0.11363636363636376
91,677,"I am currently feeling very tired and sluggish . I definitely need to fix my sleep schedule tonight and go to bed early , especially since I have work early in the morning tomorrow and the day after . It would also be nice to wake up before 12pm normally .",2024-11-06 22:12:46,7,False,2.0,1.0,1.0,0.0,51,0,-0.0404,0.134,0.118,4.03921568627451,4,0,1,22,2,2024-10-26 17:04:35,11,2.625,1.5,1.0,1.0,0.8242255917447338,24,0.08333333333333304
91,678,"I am currently feeling very tired . I have not been getting very good sleep the past week or so , and it is getting very annoying having little sleep each night or waking up super late and starting my day late . I had to buy melatonin for this issue .",2024-11-07 12:07:41,7,False,3.0,1.0,0.0,0.0,52,0,0.3415,0.157,0.113,3.8461538461538463,4,0,4,12,3,2024-10-26 17:04:35,11,2.6,1.48,2.0,1.0,0.816496580927726,25,0.03205128205128194
91,679,"Tired , Hyper , Anxious , Nervous , Exhausted",2024-11-07 17:01:07,7,True,3.0,1.0,-1.0,0.0,9,1,-0.8176,0.0,0.905,4.111111111111111,0,0,0,17,3,2024-10-26 17:04:35,11,2.6153846153846154,1.4615384615384615,3.0,1.0,0.8038369524685003,26,0.1538461538461542
91,680,I am currently feeling very tired from today . I drank an energy drink before to keep myself awake to do some work throughout the day and so I can fall asleep easily tonight . It didn’t work too well and I didn’t get much work done .,2024-11-07 22:02:51,7,False,2.0,1.0,1.0,0.0,48,0,0.4417,0.171,0.068,3.875,5,0,2,22,3,2024-10-26 17:04:35,12,2.6296296296296298,1.4444444444444444,3.0,1.0,0.7916947813271392,27,0.1758241758241761
91,682,"Tired , Energetic , Full , Happy , Excited",2024-11-08 12:06:16,7,True,3.0,1.0,0.0,0.0,9,1,0.7269,0.698,0.225,3.7777777777777777,0,0,0,12,4,2024-10-26 17:04:35,12,2.607142857142857,1.4285714285714286,2.0,1.0,0.7859547491585428,28,0.07142857142857117
91,683,"Tired , Hungry , Happy , Energetic , Hopeful",2024-11-08 17:16:46,7,True,3.0,1.0,-1.0,1.0,9,1,0.7906,0.717,0.21,4.0,0,0,0,17,4,2024-10-26 17:04:35,13,2.6206896551724137,1.4137931034482758,3.0,1.0,0.7752323662456804,29,0.0952380952380949
91,684,"Tired , Anxious , Happy , Doubtful , Excited",2024-11-08 22:03:18,7,True,2.0,2.0,0.0,0.0,9,1,-0.0516,0.455,0.545,4.0,0,0,0,22,4,2024-10-26 17:04:35,13,2.6333333333333333,1.4,3.0,1.0,0.7648904962570575,30,0.06666666666666643
93,757,"Tired . I don’t want to get out of bed right now . It’s a weekend , but I have things that need to be done , and I’d rather just lounge in bed and sleep all day . I won’t , but I’d like to .    This has been a hard , grueling week , and I’m depressed .   I would rather escape into sleep , as I don’t feel when I’m asleep .   I have responsibilities , but they can wait for the moment .",2024-11-02 12:36:06,7,False,2.0,2.0,-1.0,-1.0,87,0,-0.3716,0.088,0.109,3.367816091954023,6,0,0,12,5,2024-11-02 12:36:06,0,2.0,1.0,2.0,1.0,0.0,0,0.0
93,758,"Grumpy , Sad , Frustrated , Exhausted , Grieving",2024-11-02 17:00:52,7,True,1.0,1.0,-1.0,1.0,9,1,-0.9062,0.0,0.925,4.444444444444445,0,0,0,17,5,2024-11-02 12:36:06,0,2.0,2.0,2.0,2.0,0.0,1,0.0
93,759,"I feel very sluggish and depressed .   There is a lot of conflict around me in my friend circle , and I really don’t like conflict . I don’t like having to take sides .   I want everyone around me to be friends .",2024-11-02 22:01:02,7,False,0.0,2.0,1.0,-1.0,44,0,0.25,0.267,0.226,3.75,7,0,2,22,5,2024-11-02 12:36:06,0,1.5,1.5,1.0,1.0,0.7071067811865476,2,-1.0
93,760,"I’m very sluggish this morning .   I don’t want to go anywhere or do anything . I will try to push myself and do chores today , but my mood is terrible . I have home repairs to make today and I should go to the ATM .   There is nothing I want to do .",2024-11-03 12:00:52,7,False,1.0,1.0,-1.0,1.0,56,0,-0.6753,0.052,0.124,3.4107142857142856,7,0,1,12,6,2024-11-02 12:36:06,0,1.0,1.6666666666666667,0.0,2.0,1.0,3,-1.5
93,761,"Sad , Tired , Devastated , Bored , Frustrated",2024-11-03 22:00:52,7,True,0.0,2.0,0.0,-1.0,9,1,-0.9382,0.0,1.0,4.111111111111111,0,0,0,22,6,2024-11-02 12:36:06,1,1.0,1.5,1.0,1.0,0.816496580927726,4,-1.0
93,762,"Cranky , Tired , Frustrated , Sad , Grumpy",2024-11-04 12:03:11,7,True,0.0,1.0,1.0,1.0,9,1,-0.8555,0.0,0.825,3.7777777777777777,0,0,0,12,0,2024-11-02 12:36:06,1,0.8,1.6,0.0,2.0,0.8366600265340756,5,-1.1666666666666667
93,763,"Slow , Sad , Tired , Weary , Grieving",2024-11-04 17:44:20,7,True,1.0,2.0,2.0,0.0,9,1,-0.886,0.0,0.919,3.2222222222222223,0,0,0,17,0,2024-11-02 12:36:06,2,0.6666666666666666,1.5,0.0,1.0,0.816496580927726,6,-0.6666666666666667
93,764,"I taking a break and doing something for fun . It is nice not to have to do anything for a bit . This is a good movie too , Strays . I should take more moments like this ; it might be good for me . I also watched some documentaries earlier today and might rewatch Borat .",2024-11-04 22:01:30,7,False,3.0,2.0,-3.0,1.0,59,0,0.9284,0.264,0.0,3.610169491525424,4,0,0,22,0,2024-11-02 12:36:06,2,0.7142857142857143,1.5714285714285714,1.0,2.0,0.7559289460184544,7,-0.5
93,765,"Stressed , Angry , Frustrated , Unsupported , Sad",2024-11-05 12:07:46,7,True,0.0,3.0,1.0,0.0,9,1,-0.9313,0.0,1.0,4.555555555555555,0,0,0,12,1,2024-11-02 12:36:06,2,1.0,1.625,3.0,2.0,1.0690449676496976,8,0.0
93,766,Annoyed . I have a charge on my building account with no explanation . I locked myself out of my apartment . And I haven’t had a moment’s peace all damn day . The new hire calls every 10 minutes and won’t leave me   alone .,2024-11-05 17:01:27,7,False,1.0,3.0,-1.0,0.0,46,0,-0.6369,0.079,0.242,3.8260869565217392,7,0,0,17,1,2024-11-02 12:36:06,3,0.8888888888888888,1.7777777777777777,0.0,3.0,1.0540925533894598,9,-0.19999999999999996
93,767,"I am all nervous .   I just took a test , but I won ' t transcribe and turn it in because I know it ' s not a pass .   I ' m all worried about the election and scared of checking election results .   They were bad the last time I looked , even though I know we won ' t know for a few days yet .",2024-11-05 22:49:31,7,False,0.0,3.0,0.0,-1.0,70,0,0.5076,0.199,0.162,3.1285714285714286,7,0,0,22,1,2024-11-02 12:36:06,3,0.9,1.9,1.0,3.0,0.9944289260117533,10,0.19999999999999996
93,768,"Uh , the election was yesterday .   We’re stuck with the disaster of PERSON  for another 4 years or until his brain burns out , whichever is soonest . This is the worst possible thing that could happen .",2024-11-06 12:35:24,7,False,0.0,2.0,0.0,0.0,39,0,-0.8807,0.0,0.254,4.153846153846154,0,0,0,12,2,2024-11-02 12:36:06,3,0.8181818181818182,2.0,0.0,3.0,0.9816498172140428,11,0.033333333333333326
93,769,"Grieving , Depressed , Despairing , Exhausted , Achy",2024-11-06 17:01:01,7,True,0.0,2.0,0.0,0.0,9,1,-0.9081,0.0,0.925,4.888888888888889,0,0,0,17,2,2024-11-02 12:36:06,4,0.75,2.0,0.0,2.0,0.9653072991634227,12,0.16666666666666674
93,770,"Numb , Depressed , Despairing , Frustrated , Tired",2024-11-07 12:01:16,7,True,0.0,2.0,0.0,0.0,9,1,-0.936,0.0,1.0,4.666666666666667,0,0,0,12,3,2024-11-02 12:36:06,4,0.6923076923076923,2.0,0.0,2.0,0.9473309334313417,13,0.04761904761904767
93,771,"I’m still grieving the election . I want to know what’s going on in the world , but I don’t want to know what’s going on in the world . I do not want to engage with anyone . I want to box myself in my apartment and never leave .",2024-11-07 17:01:17,7,False,0.0,2.0,0.0,0.0,51,0,-0.2458,0.145,0.101,3.4901960784313726,6,0,0,17,3,2024-11-02 12:36:06,5,0.6428571428571429,2.0,0.0,2.0,0.9287827316640652,14,-0.1428571428571429
93,772,It will always be after the election . I am in the office and it is pointless for me to be here . I could be being productive at home . I am upset that I have to come into the office for no good reason .,2024-11-08 12:01:15,7,False,0.0,2.0,1.0,1.0,47,0,-0.2263,0.066,0.11,3.3404255319148937,5,0,0,12,4,2024-11-02 12:36:06,5,0.6,2.0,0.0,2.0,0.9102589898327993,15,-0.2142857142857143
93,773,"Bored , Frustrated , Anxious , Fearful , Disgusted",2024-11-08 17:01:10,7,True,1.0,3.0,-1.0,-1.0,9,1,-0.9201,0.0,1.0,4.666666666666667,0,0,0,17,4,2024-11-02 12:36:06,6,0.5625,2.0,0.0,2.0,0.8920949127381756,16,-0.875
93,774,"sorrowful , depressed , despairing , exhausted , numb",2024-11-08 22:05:36,7,True,0.0,2.0,0.0,0.0,9,1,-0.9287,0.0,1.0,5.0,0,0,0,22,4,2024-11-02 12:36:06,6,0.5882352941176471,2.0588235294117645,1.0,3.0,0.8702602720890288,17,-0.7777777777777778
94,793,"Happy , Amazed , Alive , Lively , Good",2024-11-06 12:01:53,7,True,3.0,3.0,1.0,-2.0,9,1,0.936,1.0,0.0,3.3333333333333335,0,0,0,12,2,2024-11-06 12:01:53,0,2.0,1.0,2.0,1.0,0.0,0,0.0
94,794,"Quite "" is an intensifier that means ""really ,"" ""completely ,"" ""rather ,"" ""exceptionally ,"" or ""actually "". It ' s used to add strength to an adjective or adverb , but not as much as ""really "" or ""very "". For example , ""Blue jays are quite common in this area "" means that blue jays are noticeably common , more common than you might expect . \n",2024-11-06 17:07:27,7,False,4.0,1.0,0.0,0.0,69,0,0.2732,0.034,0.0,4.0144927536231885,0,0,0,17,2,2024-11-06 12:01:53,0,3.0,3.0,3.0,3.0,0.0,1,0.0
94,795,"Calm means free from agitation , excitement , or passion . Here are some ways to describe something as calm : \n \nSerene : A calm , peaceful , or tranquil state . When used to describe people , it can suggest dignity , composure , and graciousness . When used to describe nature , it can suggest mellowness . \n",2024-11-07 12:01:38,7,False,4.0,1.0,-4.0,1.0,61,0,0.9716,0.421,0.031,4.131147540983607,0,0,0,12,3,2024-11-06 12:01:53,0,3.5,2.0,4.0,1.0,0.7071067811865476,2,1.0
94,796,"Sadness is an emotion that can be described as a feeling of unhappiness , sorrow , or grief . It can also be characterized by feelings of loss , disappointment , helplessness , or despair . When someone is sad , they may withdraw from others , become lethargic or quiet , or cry",2024-11-07 17:05:23,7,False,0.0,2.0,4.0,-1.0,54,0,-0.9831,0.023,0.498,4.166666666666667,0,0,0,17,3,2024-11-06 12:01:53,1,3.6666666666666665,1.6666666666666667,4.0,1.0,0.5773502691896258,3,1.0
94,797,"Feeling calm is a mental state of peace and quiet , free from agitation , excitement , or disturbance . It can also be described as a state of serenity , tranquility , or peace . When you feel calm , your body may experience the following physical changes : Lowered heart rate , Reduced blood pressure , Decreased feelings of anger and frustration \ n",2024-11-08 12:02:24,7,False,4.0,1.0,-2.0,2.0,66,0,0.8074,0.301,0.203,4.333333333333333,0,0,0,12,4,2024-11-06 12:01:53,2,2.75,1.75,0.0,2.0,1.8929694486000912,4,-1.5
94,798,"Active , Awake , Mobile , Energetic , Agile",2024-11-08 17:36:20,7,True,2.0,3.0,0.0,0.0,9,1,0.6808,0.651,0.0,3.888888888888889,0,0,0,17,4,2024-11-06 12:01:53,2,3.0,1.6,4.0,1.0,1.7320508075688772,5,-0.8333333333333335
94,799,"Feeling alive is a state of being that involves experiencing the full range of human emotions , including hopes , fears , and losses . It can also mean being present in the moment , and being fully engaged in the things you do",2024-11-09 12:10:52,7,False,2.0,3.0,2.0,-1.0,44,0,0.5256,0.209,0.116,4.159090909090909,0,0,0,12,5,2024-11-06 12:01:53,3,2.8333333333333335,1.8333333333333333,2.0,3.0,1.6020819787597222,6,-1.6666666666666665
94,800,"Happy , Good , Hyped up , Stress free , Living good",2024-11-09 17:03:26,7,True,4.0,2.0,-2.0,0.0,12,1,0.875,0.688,0.151,3.3333333333333335,0,0,0,17,5,2024-11-06 12:01:53,3,2.7142857142857144,2.0,2.0,3.0,1.4960264830861911,7,-1.6666666666666665
94,811,"Feeling neutral is a calm , measured emotion that can mean feeling indifferent , nothing in particular , or a lack of preference . It can also mean being impartial , unbiased , or disinterested . Some say that feeling neutral can help you : Detach from a situation , See things more clearly , Think more creatively , Make better decisions , and Move forward \ n",2024-11-10 12:02:45,7,False,2.0,2.0,-1.0,-1.0,68,0,0.9052,0.29,0.082,4.323529411764706,0,0,0,12,6,2024-11-06 12:01:53,4,2.875,2.0,4.0,2.0,1.4577379737113252,8,0.25
94,812,"Slow , Sluggish , Dull , Not interested , Down",2024-11-10 17:03:43,7,True,1.0,1.0,1.0,0.0,10,1,-0.7689,0.0,0.719,3.7,0,0,0,17,6,2024-11-06 12:01:53,4,2.7777777777777777,2.0,2.0,2.0,1.3944333775567925,9,0.04999999999999982
94,813,"Gentle , Quiet , Calm , Cool , Lowkey",2024-11-11 12:01:43,7,True,2.0,1.0,-2.0,1.0,9,1,0.7579,0.789,0.0,3.2222222222222223,0,0,0,12,0,2024-11-06 12:01:53,4,2.6,1.9,1.0,1.0,1.429840705968481,10,-0.7999999999999998
94,814,"Sad , Feeling down , Depressed , At my lowest , Down",2024-11-11 17:04:08,7,True,0.0,2.0,4.0,-1.0,12,1,-0.8176,0.103,0.621,3.4166666666666665,1,0,0,17,0,2024-11-06 12:01:53,5,2.5454545454545454,1.8181818181818181,2.0,1.0,1.3684762594679065,11,-0.8333333333333335
94,815,"Chilled , Collected , Calm , Lowkey , Peaceful",2024-11-11 22:38:15,7,True,4.0,1.0,-2.0,0.0,9,1,0.6705,0.647,0.0,4.222222222222222,0,0,0,22,0,2024-11-06 12:01:53,5,2.3333333333333335,1.8333333333333333,0.0,2.0,1.497472618255253,12,-1.0000000000000002
94,968,"It ' s also normal to have an ""off "" day or two , and it can be a good opportunity to check in with yourself . If you ' re feeling ""off "" for more than a couple of days , you can try reflecting on what ' s going on and asking yourself some non-judgmental questions . \n",2024-11-12 12:11:30,7,False,2.0,1.0,-2.0,1.0,60,0,0.7351,0.141,0.0,3.5,0,0,0,12,1,2024-11-06 12:01:53,6,2.4615384615384617,1.7692307692307692,4.0,1.0,1.5063966175050874,13,-0.6904761904761907
94,969,"Sadness is a common emotion that can be characterized by a low mood or feeling down . It can be caused by a number of things , including : Disappointing events , Major life changes , Loss , Memories from childhood , and A painful situation that was blocked out . \n",2024-11-12 17:08:09,7,False,0.0,2.0,0.0,0.0,52,0,-0.9136,0.056,0.308,4.115384615384615,0,0,0,17,1,2024-11-06 12:01:53,6,2.4285714285714284,1.7142857142857142,2.0,1.0,1.452546078405126,14,-0.5714285714285716
95,1195,"Bored , Sleepy , Quiet , Anxious , Annoyed",2024-10-11 12:11:33,7,True,1.0,1.0,2.0,0.0,9,1,-0.6908,0.0,0.77,3.7777777777777777,0,0,0,12,4,2024-10-11 12:11:33,0,2.0,1.0,2.0,1.0,0.0,0,0.0
95,1196,"I’m feeling content . My afternoon check in meeting with my supervisor was canceled , so I got some time back for myself to study . I am relieved to be done with classes for the week and ready to hopefully recharge over the weekend .",2024-10-11 17:03:06,7,False,3.0,1.0,-2.0,2.0,46,0,0.8074,0.205,0.0,4.086956521739131,5,0,1,17,4,2024-10-11 12:11:33,0,1.0,1.0,1.0,1.0,0.0,1,0.0
95,1197,I am feeling a bit anxious but I’m actively trying to stay calm . I hope to stay alert enough to study for the next few hours so I am trying to regulate my feelings and be positive . I went on a walk earlier and that helped me a lot .,2024-10-11 22:01:14,7,False,1.0,3.0,-1.0,-2.0,52,0,0.9531,0.339,0.027,3.519230769230769,6,0,1,22,4,2024-10-11 12:11:33,0,2.0,1.0,3.0,1.0,1.4142135623730951,2,2.0
95,1198,"I am feeling quite sleepy and tired at the moment . Even though I would say that I got a good night ' s sleep , I am not as alert as I usually am when I wake up after sleeping in . This makes me realize that I have been neglecting my rest the past couple of days .",2024-10-12 12:10:04,7,False,0.0,1.0,2.0,1.0,60,0,-0.519,0.083,0.146,3.4166666666666665,9,0,0,12,5,2024-10-11 12:11:33,0,1.6666666666666667,1.6666666666666667,1.0,3.0,1.1547005383792517,3,1.0
95,1199,"Stable , Calm , Determined , Focused , Introspective",2024-10-12 17:03:03,7,True,2.0,2.0,1.0,-1.0,9,1,0.8176,0.905,0.0,4.888888888888889,0,0,0,17,5,2024-10-11 12:11:33,1,1.25,1.5,0.0,1.0,1.2583057392117916,4,-1.5
95,1200,I’m currently feeling pretty satisfied . I’ve spent most of my time inside and had a restful day today thankfully . I’m still studying while also trying to relax to get ready for bed . I am hopeful that I will wake up early tomorrow so I will try to keep this calmness in anticipation of this .,2024-10-12 22:37:53,7,False,3.0,1.0,-2.0,1.0,58,0,0.972,0.394,0.0,4.086206896551724,4,0,1,22,5,2024-10-11 12:11:33,1,1.4,1.6,2.0,2.0,1.140175425099138,5,-1.0
95,1201,"Annoyed , Anxious , Disappointed , Impatient , Nervous",2024-10-13 17:30:18,7,True,1.0,2.0,1.0,0.0,9,1,-0.875,0.0,1.0,5.111111111111111,0,0,0,17,6,2024-10-11 12:11:33,2,1.6666666666666667,1.5,3.0,1.0,1.2110601416389966,6,0.0
95,1202,I am a bit dissatisfied with the progress I’ve made with my studying but excited to get the next few days of exams over with . I am relieved that I do not have any early lectures tomorrow and my third class will be held virtually .,2024-10-13 22:54:44,7,False,2.0,2.0,-2.0,1.0,47,0,0.765,0.178,0.038,3.9361702127659575,5,0,0,22,6,2024-10-11 12:11:33,2,1.5714285714285714,1.5714285714285714,1.0,2.0,1.1338934190276817,7,-0.16666666666666674
95,1203,"Stressed , Nervous , Tired , Sleepy , Unfocused",2024-10-14 12:46:06,7,True,0.0,3.0,0.0,0.0,9,1,-0.8442,0.0,0.91,4.333333333333333,0,0,0,12,0,2024-10-11 12:11:33,3,1.625,1.625,2.0,2.0,1.0606601717798212,8,0.75
95,1204,"I am currently feeling a bit stressed about exams . I am also a bit busy and overwhelmed at the moment due to other meetings and deadlines ,, but I am trying to stay focused . I have been distracted for the past couple of days , so I hope to stay on task today .",2024-10-14 17:27:49,7,False,0.0,3.0,0.0,0.0,56,0,0.7237,0.199,0.088,3.6964285714285716,5,0,1,17,0,2024-10-11 12:11:33,3,1.4444444444444444,1.7777777777777777,0.0,3.0,1.130388330520878,9,0.3500000000000001
95,1205,"Stressed , Impatient , Annoyed , Overwhelmed , Tired",2024-10-14 22:01:08,7,True,0.0,3.0,0.0,0.0,9,1,-0.836,0.106,0.894,4.888888888888889,0,0,0,22,0,2024-10-11 12:11:33,3,1.3,1.9,0.0,3.0,1.1595018087284057,10,-0.19999999999999996
95,1206,"I feel somewhat relieved as I just finished taking an exam . However , I am still quite stressed , as I have another exam tomorrow . I am trying to feel as calm as I can in order to focus on studying . I am excited for the next couple of days to be done .",2024-10-15 12:06:34,7,False,0.0,3.0,1.0,-2.0,57,0,0.5129,0.141,0.054,3.491228070175439,7,0,0,12,1,2024-10-11 12:11:33,3,1.1818181818181819,2.0,0.0,3.0,1.1677484162422844,11,-0.3999999999999999
95,1207,"Sleepy , Anxious , Frustrated , Apprehensive , Tired",2024-10-15 17:03:30,7,True,1.0,1.0,-1.0,0.0,9,1,-0.8074,0.0,0.806,4.888888888888889,0,0,0,17,1,2024-10-11 12:11:33,4,1.0833333333333333,2.0833333333333335,0.0,3.0,1.164500152881315,12,-1.1666666666666667
95,1208,"Overwhelmed , Frustrated , Upset , Exhausted , Dreadful",2024-10-15 22:06:38,7,True,0.0,1.0,0.0,0.0,9,1,-0.8807,0.095,0.905,5.222222222222222,0,0,0,22,1,2024-10-11 12:11:33,4,1.0769230769230769,2.0,1.0,1.0,1.1151635501529555,13,-1.0952380952380953
95,1209,"Sleepy , Exhausted , Tired , Stressed , Drained",2024-10-16 12:13:07,7,True,0.0,1.0,2.0,0.0,9,1,-0.8519,0.0,0.912,4.333333333333333,0,0,0,12,2,2024-10-11 12:11:33,5,1.0,1.9285714285714286,0.0,1.0,1.1094003924504583,14,-1.1428571428571428
95,1210,"Productive , Tired , Stable , Determined , Focused",2024-10-16 17:04:32,7,True,2.0,1.0,0.0,1.0,9,1,0.5106,0.649,0.261,4.666666666666667,0,0,0,17,2,2024-10-11 12:11:33,5,0.9333333333333333,1.8666666666666667,0.0,1.0,1.0997835284835873,15,-1.1964285714285714
95,1211,"Satisfied , Lazy , Introspective , studios , Grateful",2024-10-16 22:05:16,7,True,2.0,2.0,0.0,0.0,9,1,0.5106,0.563,0.243,5.0,0,0,0,22,2,2024-10-11 12:11:33,5,1.0,1.8125,2.0,1.0,1.0954451150103321,16,-1.25
96,1229,Woke up haphazardly from a turbulent dream . Feeling currently nervous awaiting the outcome of the election . Concerned about the future . Stressed out about assignments due this week and feeling behind on them .,2024-11-05 12:04:50,7,False,1.0,3.0,1.0,-1.0,36,0,-0.128,0.141,0.127,4.916666666666667,0,0,0,12,1,2024-11-05 12:04:50,0,2.0,1.0,2.0,1.0,0.0,0,0.0
96,1230,"I feel tired and drained after working . Having to eat feels laborious . I feel emotionally detached as if I’m running on auto-pilot , and just numb . I want to sleep and shut my eyes . I am nervous about the work deadlines and also election results .",2024-11-05 22:18:58,7,False,2.0,2.0,-2.0,1.0,50,0,-0.8442,0.028,0.244,4.04,5,0,0,22,1,2024-11-05 12:04:50,0,1.0,3.0,1.0,3.0,0.0,1,0.0
96,1231,"Stressed , Threatened , Depressed , Anxious , Restless",2024-11-06 12:11:21,7,True,0.0,3.0,0.0,-2.0,9,1,-0.8957,0.0,1.0,5.111111111111111,0,0,0,12,2,2024-11-05 12:04:50,1,1.5,2.5,2.0,2.0,0.7071067811865476,2,1.0
96,1232,"Drained , Angry , Frustrated , Unseen , Paranoid",2024-11-06 17:06:35,7,True,0.0,1.0,1.0,1.0,9,1,-0.8807,0.0,0.918,4.444444444444445,0,0,0,17,2,2024-11-05 12:04:50,1,1.0,2.6666666666666665,0.0,3.0,1.0,3,0.0
96,1233,"Disheartened , Lethargic , Brain dead , Nervous , Uncertain",2024-11-06 22:01:13,7,True,1.0,2.0,1.0,-1.0,10,1,-0.9186,0.0,0.933,5.0,0,0,0,22,2,2024-11-05 12:04:50,1,0.75,2.25,0.0,1.0,0.9574271077563381,4,-1.5
96,1234,Feeling detached and dissociated from the world . Feeling reserved and wanting to be alone . Feel the need for reflection and introspection . Want to unload thoughts in writing . Less angry and frustrated since yesterday .,2024-11-07 12:30:11,7,False,2.0,1.0,0.0,1.0,38,0,-0.7464,0.108,0.241,4.868421052631579,0,0,0,12,3,2024-11-05 12:04:50,2,0.8,2.2,1.0,2.0,0.8366600265340756,5,-1.1666666666666667
96,1235,"Feeling more energy . Recovering from the blues . Eating a good meal and rest helped . Stressed about the work remaining . Looking forward to seeing close friends tomorrow . Weather is very nice , but unusual and concerning .",2024-11-07 17:17:07,7,False,2.0,2.0,0.0,0.0,41,0,0.6478,0.239,0.045,4.512195121951219,0,0,1,17,3,2024-11-05 12:04:50,2,1.0,2.0,2.0,1.0,0.8944271909999159,6,0.0
96,1236,I feel calm but sad . I am tired and sleepy . I have trouble focusing on my tasks . I am also having trouble shutting out dark thoughts or concerns about the future . I am worried about the days to come and feel insecure about the future .,2024-11-07 22:21:43,7,False,2.0,2.0,-1.0,-1.0,50,0,-0.968,0.029,0.384,3.8,6,0,0,22,3,2024-11-05 12:04:50,2,1.1428571428571428,2.0,2.0,2.0,0.8997354108424372,7,0.25
96,1237,"I am feeling tired because I could not sleep well . I am dreading going to work , but I am excited to see my friends after work . I am feeling nervous about deadlines and changes occurring in my life and yet I am looking forward to change as well .",2024-11-08 12:00:50,7,False,1.0,1.0,2.0,1.0,52,0,0.2076,0.191,0.194,3.7884615384615383,8,0,0,12,4,2024-11-05 12:04:50,2,1.25,2.0,2.0,2.0,0.8864052604279183,8,1.0
96,1238,"Hungry , Tired , Enthusiastic , Eager , Nervous",2024-11-08 22:01:02,7,True,3.0,2.0,-3.0,-1.0,9,1,0.1779,0.487,0.427,4.333333333333333,0,0,0,22,4,2024-11-05 12:04:50,3,1.2222222222222223,1.8888888888888888,1.0,1.0,0.8333333333333334,9,0.8500000000000001
96,1239,I am feeling exhausted from the day before . I feel sad that I can’t rest today . I feel anxious of the lack of time to meet my deadlines . I feel pressure to do well at work and not make mistakes . I feel dreadful for the coming week .,2024-11-09 12:47:48,7,False,0.0,1.0,2.0,0.0,52,0,-0.8515,0.108,0.285,3.5576923076923075,7,0,0,12,5,2024-11-05 12:04:50,4,1.4,1.9,3.0,2.0,0.9660917830792959,10,1.2
96,1240,"Lazy , Sore , Ambivalent , Conflicted , Introspective",2024-11-09 22:01:20,7,True,2.0,1.0,1.0,1.0,9,1,-0.5423,0.176,0.588,5.0,0,0,0,22,5,2024-11-05 12:04:50,4,1.2727272727272727,1.8181818181818181,0.0,1.0,1.009049958219026,11,0.8666666666666667
96,1241,"Hungry , Relieved , Tired , Dull , Sleepy",2024-11-10 22:03:06,7,True,3.0,2.0,-3.0,-1.0,9,1,-0.4588,0.255,0.549,3.6666666666666665,0,0,0,22,6,2024-11-05 12:04:50,5,1.3333333333333333,1.75,2.0,1.0,0.9847319278346618,12,0.6666666666666667
96,1242,"Restless , Sore , Overwhelmed , Confused , Stressed",2024-11-11 12:00:53,7,True,0.0,1.0,0.0,0.0,9,1,-0.7964,0.114,0.886,4.777777777777778,0,0,0,12,0,2024-11-05 12:04:50,5,1.4615384615384615,1.7692307692307692,3.0,2.0,1.0500305245868342,13,0.8571428571428572
98,1326,"I just woke up feeling fine , I ' m on my way to physical therapy should be a good day . I woke up having those time traveling dreams it felt nice it almost felt real but after that I feel content . My day just started i hope today is a good one",2024-11-05 12:00:50,7,False,2.0,2.0,2.0,-1.0,55,0,0.9194,0.308,0.0,3.4727272727272727,7,0,0,12,1,2024-11-05 12:00:50,0,2.0,1.0,2.0,1.0,0.0,0,0.0
98,1333,"Calm , Content , Tired , Fine , Normal",2024-11-05 17:00:49,7,True,4.0,1.0,0.0,0.0,9,1,0.0516,0.456,0.322,3.3333333333333335,0,0,0,17,1,2024-11-05 12:00:50,0,2.0,2.0,2.0,2.0,0.0,1,0.0
98,1334,"I ' m currently feeling fine , it ' s been a long day but nothing feeling out of the ordinary , I ' m feel fine and nothing bad has happened that would make me feel different . I ' m looking forward to more better days .",2024-11-05 22:00:45,7,False,4.0,1.0,-2.0,0.0,49,0,0.9129,0.352,0.0,3.510204081632653,4,0,0,22,1,2024-11-05 12:00:50,0,3.0,1.5,4.0,1.0,1.4142135623730951,2,2.0
98,1335,"Currently feeling very sleepy waking attending my ORG needs , looking forward to taking some naps today , I ' m also looking forward to do some workouts at home done . That ' s all I feel for now ........",2024-11-06 12:20:51,7,False,2.0,1.0,2.0,0.0,41,0,0.128,0.046,0.0,4.0,3,0,1,12,2,2024-11-05 12:00:50,1,3.3333333333333335,1.3333333333333333,4.0,1.0,1.1547005383792515,3,2.0
98,1349,"Feeling good today on a   Sunday , staying in watching videos with my family , I feel fine on this gloomy day out . I feel fine and full , had a good lunch can’t wait what tonight brings later , later I’ll be working for a couple of hours……… ..",2024-11-06 17:13:50,7,False,4.0,1.0,0.0,0.0,51,0,0.8074,0.229,0.034,3.764705882352941,3,0,0,17,2,2024-11-05 12:00:50,1,3.0,1.25,2.0,1.0,1.1547005383792515,4,0.0
98,1350,"calm , content , hungry , tired , good",2024-11-06 22:04:46,7,True,4.0,1.0,0.0,0.0,9,1,0.3182,0.515,0.287,3.3333333333333335,0,0,0,22,2,2024-11-05 12:00:50,1,3.2,1.2,4.0,1.0,1.0954451150103321,5,0.3333333333333335
98,1351,"Just waking up still feel normally tired ,   i can ' t wait to start the day and see what today brings , i have a couple of errands to do today , i don ' t feel out of the ordinary .........................",2024-11-07 12:01:51,7,False,4.0,1.0,-2.0,2.0,43,0,-0.4404,0.0,0.086,3.7674418604651163,3,0,0,12,3,2024-11-05 12:00:50,2,3.3333333333333335,1.1666666666666667,4.0,1.0,1.0327955589886446,6,0.0
98,1352,"calm , happy , active , content , normal",2024-11-07 17:47:07,7,True,2.0,3.0,0.0,-2.0,9,1,0.8271,0.813,0.0,3.5555555555555554,0,0,0,17,3,2024-11-05 12:00:50,2,3.4285714285714284,1.1428571428571428,4.0,1.0,0.9759000729485333,7,0.16666666666666652
98,1353,"calm , energize , happy , normal , okay",2024-11-07 22:07:22,7,True,2.0,1.0,0.0,1.0,9,1,0.875,0.917,0.0,3.4444444444444446,0,0,0,22,3,2024-11-05 12:00:50,2,3.25,1.375,2.0,3.0,1.0350983390135313,8,0.5
98,1354,"Good morning I ' m ready to start the day and see what today brings me , I woke up ok feel like I didn ' t sleep enough ,   I think daylightsaving is still making me feel exhausted about it , I haven ' t processed it fully",2024-11-08 12:01:07,7,False,2.0,2.0,0.0,0.0,49,0,0.765,0.237,0.059,3.510204081632653,7,0,0,12,4,2024-11-05 12:00:50,3,3.111111111111111,1.3333333333333333,2.0,1.0,1.0540925533894598,9,0.20000000000000018
98,1355,"good , calm , happy , fine , okay",2024-11-08 17:07:48,7,True,2.0,2.0,1.0,0.0,9,1,0.891,1.0,0.0,2.7777777777777777,0,0,0,17,4,2024-11-05 12:00:50,3,3.0,1.4,2.0,2.0,1.0540925533894598,10,-0.40000000000000036
98,1356,"good , calm , hungry , content , well",2024-11-08 22:01:34,7,True,3.0,2.0,1.0,-1.0,9,1,0.743,0.785,0.0,3.2222222222222223,0,0,0,22,4,2024-11-05 12:00:50,3,2.909090909090909,1.4545454545454546,2.0,2.0,1.044465935734187,11,-0.5333333333333337
98,1357,"calm , awake , good , alright , normal",2024-11-09 12:03:52,7,True,4.0,1.0,0.0,0.0,9,1,0.7351,0.783,0.0,3.3333333333333335,0,0,0,12,5,2024-11-05 12:00:50,4,2.9166666666666665,1.5,3.0,2.0,0.9962049198956218,12,-0.8333333333333335
98,1358,"Currently feeling fine at the moment , it ' s Saturday and heading out with my kids to enjoy this weather , I haven ' t felt out of the ordinary , today should be a good day to head to the book store .........................",2024-11-09 17:18:11,7,False,4.0,1.0,-2.0,1.0,45,0,0.8126,0.227,0.0,4.022222222222222,2,0,0,17,5,2024-11-05 12:00:50,4,3.0,1.4615384615384615,4.0,1.0,1.0,13,-0.6190476190476191
98,1359,"good , calm , hungry , content , fine",2024-11-09 22:01:08,7,True,2.0,2.0,2.0,-1.0,9,1,0.7184,0.778,0.0,3.2222222222222223,0,0,0,22,5,2024-11-05 12:00:50,4,3.0714285714285716,1.4285714285714286,4.0,1.0,0.9972489631508746,14,-0.714285714285714
98,1360,"Been a good day , I ' m currently feeling alright at the moment , working right now , feeling sleepy all day couldn ' t sleep well due to my 6 month old , but we are okay and I feel fine tomorrow will be another day let see what happens",2024-11-10 22:01:16,7,False,4.0,1.0,0.0,0.0,52,0,0.7935,0.267,0.0,3.5576923076923075,3,0,0,22,6,2024-11-05 12:00:50,5,3.0,1.4666666666666666,2.0,2.0,1.0,15,-0.8035714285714284
99,1376,I am tired and a little anxious because I had to have a blood draw at the doctors this morning which made me feel sick . Right now I am happy because I just got a coffee and am starting on some work but I feel hungry and have a slight headache .,2024-11-07 12:20:31,7,False,1.0,1.0,2.0,0.0,53,0,-0.274,0.051,0.119,3.641509433962264,6,0,0,12,3,2024-11-07 12:20:31,0,2.0,1.0,2.0,1.0,0.0,0,0.0
99,1377,"Peaceful , Thoughtful , Focused , Calm , Content",2024-11-07 17:35:57,7,True,3.0,1.0,0.0,2.0,9,1,0.8658,0.915,0.0,4.444444444444445,0,0,0,17,3,2024-11-07 12:20:31,0,1.0,1.0,1.0,1.0,0.0,1,0.0
99,1378,I am feeling a little anxious because I have to drive into the city today for work and I am worried about the traffic and getting my work done . I am happy because of the beautiful weather and overall feel pretty good today with a fair amount of energy .,2024-11-08 12:16:00,7,False,3.0,3.0,0.0,-1.0,51,0,0.9402,0.341,0.068,4.0,5,0,0,12,4,2024-11-07 12:20:31,0,2.0,1.0,3.0,1.0,1.4142135623730951,2,2.0
99,1379,"Chill , Relaxed , Hungry , Content , Restless",2024-11-08 22:07:18,7,True,3.0,2.0,-3.0,-1.0,9,1,0.2732,0.386,0.253,4.111111111111111,0,0,0,22,4,2024-11-07 12:20:31,1,2.3333333333333335,1.6666666666666667,3.0,3.0,1.1547005383792515,3,2.0
99,1380,I am a little tired from a doctors appointment early this morning but am enjoying my coffee . I am feeling a bit unmotivated to get work done because I’m tired and it’s the weekend which is frustrating because I need to get it done .,2024-11-09 12:01:23,7,False,0.0,1.0,2.0,0.0,46,0,-0.7017,0.126,0.241,4.086956521739131,4,0,0,12,5,2024-11-07 12:20:31,1,2.5,1.75,3.0,2.0,1.0,4,1.0
99,1381,"Angsty , Tired , Calm , Warm , Thoughtful",2024-11-09 22:01:51,7,True,2.0,1.0,2.0,0.0,9,1,0.4404,0.636,0.271,3.6666666666666665,0,0,0,22,5,2024-11-07 12:20:31,2,2.0,1.6,0.0,1.0,1.4142135623730951,5,0.0
99,1382,I just had breakfast with family so I am happy . I am starting to get energized for the day and I am looking forward to going on a hike . I feel a little stressed because I have a lot to get done tomorrow and because I have to start injections for a medical treatment .,2024-11-10 12:04:23,7,False,4.0,1.0,-1.0,1.0,57,0,0.7328,0.147,0.043,3.736842105263158,7,0,1,12,6,2024-11-07 12:20:31,2,2.0,1.5,2.0,1.0,1.2649110640673518,6,-0.6666666666666667
99,1383,"Happy , Chill , Pensive , Tired , Jittery",2024-11-10 17:30:46,7,True,3.0,2.0,-1.0,-1.0,9,1,0.2732,0.505,0.293,3.6666666666666665,0,0,0,17,6,2024-11-07 12:20:31,3,2.2857142857142856,1.4285714285714286,4.0,1.0,1.3801311186847083,7,-0.08333333333333348
99,1384,"Quiet , Relaxed , Chill , Bored , Calm",2024-11-10 22:04:45,7,True,2.0,1.0,0.0,1.0,9,1,0.5267,0.573,0.219,3.3333333333333335,0,0,0,22,6,2024-11-07 12:20:31,3,2.375,1.5,3.0,2.0,1.3024701806293193,8,-0.25
99,1385,I am feeling anxious because of medical appointments and because I am waiting for responses to important emails as well as important meetings that I need to prep for this week . I am happy because the sun came out and I talked to my mom but I am pretty tired .,2024-11-11 12:21:47,7,False,2.0,2.0,0.0,-1.0,52,0,0.5994,0.229,0.1,4.019230769230769,7,0,0,12,0,2024-11-07 12:20:31,4,2.3333333333333335,1.4444444444444444,2.0,1.0,1.224744871391589,9,-0.2999999999999998
99,1386,I am still feeling anxious because I haven’t gotten a response to an important email and I still have a lot of work to get done . I went on a nice ride which made me feel calmer and I am hopeful that the rest of the day will be productive .,2024-11-11 17:27:16,7,False,2.0,1.0,0.0,0.0,52,0,0.836,0.238,0.04,3.6346153846153846,6,0,0,17,0,2024-11-07 12:20:31,4,2.3,1.5,2.0,2.0,1.1595018087284057,10,0.6000000000000001
99,1387,I just finished eating so I feel full and glad for my food . I am anxious to administer my medication tonight but I am excited to relax and watch a movie . I feel pretty calm otherwise and am feeling pretty alert/good from my workout just before dinner .,2024-11-11 22:01:24,7,False,2.0,1.0,0.0,2.0,50,0,0.9672,0.392,0.026,4.1,8,0,1,22,0,2024-11-07 12:20:31,4,2.272727272727273,1.4545454545454546,2.0,1.0,1.1037127426019047,11,0.5
99,1388,I feel good because my doctors appointment this morning went well but I am a little anxious about future monitoring appointments and an upcoming procedure . I am feeling energized because I had coffee and a bit of a delicious donut .,2024-11-12 12:21:15,7,False,2.0,3.0,-2.0,0.0,42,0,0.9134,0.337,0.047,4.571428571428571,5,0,0,12,1,2024-11-07 12:20:31,5,2.25,1.4166666666666667,2.0,1.0,1.0552897060221726,12,0.5
99,1389,"anxious , tired , emotional , wired , unfocused",2024-11-12 17:02:23,7,True,0.0,3.0,0.0,0.0,9,1,-0.7184,0.157,0.745,4.333333333333333,0,0,0,17,1,2024-11-07 12:20:31,5,2.230769230769231,1.5384615384615385,2.0,3.0,1.0127393670836666,13,0.4285714285714284
103,1492,I’m feeling irritable and annoyed . I feel anxious and just like mad . I feel like I should have slept more but it’s impossible because people are shutting doors . Everyone is annoying cause they talk back and don’t know how to do things right .,2024-10-05 12:02:41,7,False,1.0,3.0,1.0,-1.0,47,0,-0.7391,0.099,0.23,4.23404255319149,3,0,0,12,5,2024-10-05 12:02:41,0,2.0,1.0,2.0,1.0,0.0,0,0.0
103,1493,"I feel okay . Watching the football game . I have work tomorrow . Drinking my morning coffee and had yogurt . Figuring out what I need to do this week . Planning what to wear and thinking ahead , my youngest child has a picture day so I have to figure out what he’s wearing .",2024-10-06 12:13:36,7,False,2.0,2.0,-2.0,-1.0,57,0,0.2263,0.041,0.0,3.8421052631578947,6,0,1,12,6,2024-10-05 12:02:41,1,1.0,3.0,1.0,3.0,0.0,1,0.0
103,1494,I’m tired . Need a nap . Dreading having to go to work tomorrow . Missing my boyfriend and not looking forward to the full work week . I don’t like one of my coteachers . She’s kind of annoying . She’s lazy and constantly makes excuses for herself .,2024-10-06 17:11:55,7,False,0.0,1.0,2.0,1.0,50,0,-0.8883,0.049,0.272,4.0,3,0,0,17,6,2024-10-05 12:02:41,1,1.5,2.5,2.0,2.0,0.7071067811865476,2,1.0
103,1495,"Tired , Relaxed , Sleepy , Anxious , Ready",2024-10-06 22:42:41,7,True,2.0,2.0,-1.0,1.0,9,1,0.2023,0.491,0.422,3.7777777777777777,0,0,0,22,6,2024-10-05 12:02:41,1,1.0,2.0,0.0,1.0,1.0,3,0.0
103,1496,"Annoyed , Irritated , Tired , Defeated , Resigned",2024-10-07 17:11:05,7,True,1.0,3.0,1.0,-1.0,9,1,-0.9118,0.0,1.0,4.555555555555555,0,0,0,17,0,2024-10-05 12:02:41,2,1.25,2.0,2.0,2.0,0.9574271077563381,4,-0.5
103,1497,"Okay , Good , Tired , Relaxed , Calm",2024-10-07 22:00:58,7,True,2.0,2.0,-1.0,1.0,9,1,0.7506,0.78,0.22,3.111111111111111,0,0,0,22,0,2024-10-05 12:02:41,2,1.2,2.2,1.0,3.0,0.8366600265340756,5,-0.5
103,1499,"At work , dealing with students , trying to be prepared is annoying . Dealing with different variables like laptops etc . admin keeps telling us what strategies to try and enforcing us to do them is unrealistic based on students’ levels . I have a lazy co-teacher who is super negative and just breathes out sighs a lot . Irritating .",2024-10-08 12:00:19,7,False,1.0,3.0,1.0,-1.0,62,0,-0.5574,0.127,0.183,4.403225806451613,1,0,0,12,1,2024-10-05 12:02:41,2,1.3333333333333333,2.1666666666666665,2.0,2.0,0.816496580927726,6,0.6666666666666667
103,1500,"Tired , Relaxed , Regular , Easygoing , Mellow",2024-10-08 17:00:32,7,True,2.0,2.0,-1.0,1.0,9,1,0.3818,0.529,0.279,4.222222222222222,0,0,0,17,1,2024-10-05 12:02:41,3,1.2857142857142858,2.2857142857142856,1.0,3.0,0.7559289460184545,7,0.5
103,1501,"Irritated , Tired , Anxious , Annoyed , Ready for bed",2024-10-08 22:02:34,7,True,1.0,3.0,1.0,-2.0,11,1,-0.7906,0.167,0.7,3.909090909090909,0,0,0,22,1,2024-10-05 12:02:41,3,1.375,2.25,2.0,2.0,0.7440238091428449,8,0.25
103,1502,"Good , Done , Hopeful , Meh , Regular",2024-10-09 12:31:10,7,True,2.0,1.0,-2.0,0.0,9,1,0.7096,0.653,0.137,3.2222222222222223,0,0,0,12,2,2024-10-05 12:02:41,4,1.3333333333333333,2.3333333333333335,1.0,3.0,0.7071067811865476,9,0.1499999999999999
103,1503,"Headache , Tired , Exerted , Fatigued , Frustrated",2024-10-09 17:01:26,7,True,0.0,1.0,0.0,0.0,9,1,-0.8271,0.0,0.813,4.666666666666667,0,0,0,17,2,2024-10-05 12:02:41,4,1.4,2.2,2.0,1.0,0.6992058987801011,10,0.40000000000000013
103,1504,I have a headache . I’m not feeling well but okay since I’m watching survivor . Took a Tylenol and drank some water so hopefully the headache will go away . Work is annoying because coworkers are lazy and don’t know how to contribute .,2024-10-09 22:01:23,7,False,0.0,1.0,3.0,0.0,45,0,0.4488,0.204,0.185,4.2444444444444445,1,0,1,22,2,2024-10-05 12:02:41,4,1.2727272727272727,2.090909090909091,0.0,1.0,0.7862453931068965,11,0.1333333333333333
103,1505,"Good , Content , Complete , Normal , Fine",2024-10-10 17:00:38,7,True,3.0,1.0,-2.0,2.0,9,1,0.5719,0.61,0.0,3.6666666666666665,0,0,0,17,3,2024-10-05 12:02:41,5,1.1666666666666667,2.0,0.0,1.0,0.8348471099367218,12,-0.33333333333333326
103,1506,Irritated because my son is driving me Insane . He reads with a funny voice that reminds me of an annoying student at school . He slams his body against my bed . It’s super annoying . I don’t like it when I have to repeat myself . And he doesn’t listen the first second or third time .,2024-10-10 22:05:49,7,False,1.0,3.0,0.0,-2.0,59,0,-0.2023,0.147,0.175,3.847457627118644,7,0,0,22,3,2024-10-05 12:02:41,5,1.3076923076923077,1.9230769230769231,3.0,1.0,0.9473309334313418,13,-0.04761904761904745
103,1507,Tired . My boyfriend and his son is over and I made dinner . It was good . His son was doing an essay and finished . I said we should read it but he didn’t want us to read it so lied about it . It was so obvious he was lying though but he insisted he wasn’t .,2024-10-11 22:53:51,7,False,1.0,1.0,3.0,0.0,60,0,-0.8657,0.055,0.18,3.3333333333333335,3,0,2,22,4,2024-10-05 12:02:41,6,1.2857142857142858,2.0,1.0,3.0,0.9138735334633754,14,0.0
103,1508,"Happy it is Saturday . Nice to have a 3day weekend . Going to go with the kids to the dog park . We just had breakfast , eggs , bacon . Made some pancake fish with my boyfriend’s contraption . We’re going to make eggplant later .",2024-10-12 12:01:21,7,False,4.0,1.0,-3.0,0.0,48,0,0.7579,0.149,0.0,3.7916666666666665,1,0,0,12,5,2024-10-05 12:02:41,6,1.2666666666666666,1.9333333333333333,1.0,1.0,0.8837151016885368,15,-0.03571428571428581
103,1510,"I feel great but tired . Went to the dog park with the kids , played with some dogs , then went to GPE , where it was by a beach with some water and there was buildings in the horizon , it was peaceful and beautiful . Relaxing . Although my oldest was acting miserable because her dogs feet would be dirty and she didn’t want to responsible for giving her dog a bath .",2024-10-12 17:03:41,7,False,1.0,1.0,0.0,2.0,76,0,0.9337,0.291,0.129,3.8552631578947367,2,0,0,17,5,2024-10-05 12:02:41,7,1.4375,1.875,4.0,1.0,1.0935416468216166,16,0.125
103,1511,Super irritated and mad . My oldest daughter didn’t want to give her dog a bath but she’s the only one who can because he can get growly with anyone else . I was trying to get my middle child to bathe him but he wasn’t having it . I told my oldest to just get him into the shower and I’ll deal with it . She said “it wasn’t fair to her” . She proceeds to bathe him but leaves him in there wet instead of Drying him . I go in there and try to dry him but he’s growling at me .,2024-10-12 22:16:24,7,False,1.0,3.0,-1.0,0.0,105,0,0.3506,0.066,0.041,3.533333333333333,7,0,0,22,5,2024-10-05 12:02:41,7,1.411764705882353,1.8235294117647058,1.0,1.0,1.0641207361838556,17,0.06944444444444442
103,1512,"Irritated , Angry , Frustrated , Annoyed , Pissed",2024-10-13 12:31:15,7,True,0.0,3.0,2.0,-1.0,9,1,-0.9477,0.0,1.0,4.555555555555555,0,0,0,12,6,2024-10-05 12:02:41,8,1.3888888888888888,1.8888888888888888,1.0,3.0,1.0369008625190792,18,0.11111111111111116
103,1513,"Relaxed , Tired , Okay , Meh , Sleepy",2024-10-13 22:00:56,7,True,2.0,2.0,0.0,-1.0,9,1,0.2263,0.495,0.408,3.2222222222222223,0,0,0,22,6,2024-10-05 12:02:41,8,1.3157894736842106,1.9473684210526316,0.0,3.0,1.0568628408301077,19,-0.033333333333333215
103,1514,"Happy to have a Monday off . Just in bed , watching ORG . Relaxing before having to go Back to work tomorrow . Will probably clean up a bit and work on what I’m doing in my classes for the week . I feel good .",2024-10-14 12:00:56,7,False,2.0,1.0,-2.0,0.0,47,0,0.91,0.269,0.0,3.4680851063829787,2,0,0,12,0,2024-10-05 12:02:41,8,1.35,1.95,2.0,2.0,1.0399898784932577,20,-0.09999999999999987
103,1515,"Ready for bed , Tired , Relax , Okay , Quiet",2024-10-14 22:30:06,7,True,0.0,1.0,1.0,2.0,11,1,0.5267,0.553,0.22,3.090909090909091,0,0,0,22,0,2024-10-05 12:02:41,9,1.380952380952381,1.9047619047619047,2.0,1.0,1.0235326314383182,21,-0.036363636363636376
103,1516,"I have a period called common planning that ORG placed on us because of the superintendent . Ideally , you meet with teachers who teach the same subject and discuss what you’re teaching etc . I’m stuck with a bunch of annoying idiotic teachers who just complain and lie . I find it really annoying and a complete waste of time .",2024-10-15 12:00:51,7,False,1.0,3.0,1.0,-1.0,62,0,-0.91,0.044,0.254,4.306451612903226,2,0,1,12,1,2024-10-05 12:02:41,9,1.3181818181818181,1.8636363636363635,0.0,1.0,1.04135276655684,22,0.09090909090909083
103,1517,"Okay , Relieved , Fine , Tired , Complacent",2024-10-15 17:01:02,7,True,2.0,2.0,1.0,-1.0,9,1,0.2732,0.6,0.4,3.888888888888889,0,0,0,17,1,2024-10-05 12:02:41,10,1.3043478260869565,1.9130434782608696,1.0,3.0,1.0195713274212868,23,0.06060606060606055
103,1518,"Happy , Cheerful , Delighted , Winning , Joyous",2024-10-15 22:01:21,7,True,3.0,1.0,-1.0,1.0,9,1,0.9584,1.0,0.0,4.333333333333333,0,0,0,22,1,2024-10-05 12:02:41,10,1.3333333333333333,1.9166666666666667,2.0,2.0,1.0072203103706698,24,0.33333333333333326
103,1519,Just taught 3 classes back to back . I feel okay but a bit tired and sore . I have my period but half my day is over so that’s good . Enjoying the Fall weather and half the week is already over so glad about that . Looking forward to the weekend .,2024-10-16 12:36:06,7,False,2.0,2.0,-2.0,-1.0,54,0,0.8724,0.258,0.114,3.5925925925925926,4,0,2,12,2,2024-10-05 12:02:41,11,1.4,1.88,3.0,1.0,1.0408329997330663,25,0.4487179487179487
103,1521,"Tired , Exhausted , Spent , Depleted , Fatigued",2024-10-16 22:01:21,7,True,0.0,1.0,2.0,1.0,9,1,-0.7783,0.0,0.796,4.333333333333333,0,0,0,22,2,2024-10-05 12:02:41,11,1.4230769230769231,1.8846153846153846,2.0,2.0,1.0265700920278917,26,0.23076923076923084
103,1522,"Finally finished classes . Kind of a hectic day . Didn’t even eat my lunch . Just had a clementine . Was go go go all day . Trying to catch up on grading . Tired . Looking forward to tomorrow being Friday . Upside , my coteacher wasn’t here today and class went smoother than when she’s there .",2024-10-17 15:54:43,7,False,2.0,2.0,-2.0,-1.0,60,0,-0.4404,0.0,0.058,3.9166666666666665,2,0,0,15,3,2024-10-05 12:02:41,12,1.3703703703703705,1.8518518518518519,0.0,1.0,1.0432253296000287,27,0.1208791208791209
103,1523,"Tired , Exhausted , Foggy , Spent , Fatigued",2024-10-17 22:11:37,7,True,0.0,1.0,3.0,0.0,9,1,-0.7783,0.0,0.796,4.0,0,0,0,22,3,2024-10-05 12:02:41,12,1.3928571428571428,1.8571428571428572,2.0,2.0,1.030615986761952,28,0.2142857142857142
103,1563,"Happy , Excited , Relaxed , Relieved , Friyay",2024-10-18 17:01:11,7,True,3.0,1.0,-3.0,0.0,9,1,0.8979,0.922,0.0,4.111111111111111,0,0,0,17,4,2024-10-05 12:02:41,13,1.3448275862068966,1.8275862068965518,0.0,1.0,1.0445731209092586,29,0.1142857142857141
103,1564,I feel super tired and depleted . I woke up at 4am and checked the time and couldn’t fall back asleep . I feel exhausted . Hoping to go hiking tomorrow . Currently laying in bed and going to watch dateline .,2024-10-18 22:04:29,7,False,0.0,1.0,0.0,0.0,42,0,0.3182,0.159,0.128,3.9523809523809526,3,0,0,22,4,2024-10-05 12:02:41,13,1.4,1.8,3.0,1.0,1.0699661612438482,30,0.26666666666666683
105,1773,The way I am feeling is tired and sluggish since I just got out of work not to long ago . Other then that I am feeling content and neutral because life is having some uncertainty but I know everything will work its way out with the support and love from my family . I am content and happy thinking of my life now and how things could be different .,2024-11-13 12:24:53,7,False,0.0,1.0,2.0,2.0,71,0,0.9246,0.218,0.071,3.915492957746479,7,0,0,12,2,2024-11-13 12:24:53,0,2.0,1.0,2.0,1.0,0.0,0,0.0
105,1774,"Tired , Active , Motivated , Anxious , Good",2024-11-13 17:01:22,7,True,2.0,3.0,-2.0,-2.0,9,1,0.5719,0.637,0.363,3.888888888888889,0,0,0,17,2,2024-11-13 12:24:53,0,0.0,1.0,0.0,1.0,0.0,1,0.0
105,1775,"Tired , Motivated , Content , Sluggish , Optimistic",2024-11-13 22:25:31,7,True,0.0,1.0,0.0,0.0,9,1,-0.0772,0.445,0.471,4.777777777777778,0,0,0,22,2,2024-11-13 12:24:53,0,1.0,2.0,2.0,3.0,1.4142135623730951,2,2.0
105,1776,"Tired , Content , Optimistic , Relaxed , Neutral",2024-11-14 12:01:19,7,True,0.0,1.0,0.0,0.0,9,1,0.3818,0.529,0.279,4.444444444444445,0,0,0,12,3,2024-11-13 12:24:53,0,0.6666666666666666,1.6666666666666667,0.0,1.0,1.1547005383792517,3,1.0
105,1777,"Tired , Content , Fuzzy , Uneasy , Ignored",2024-11-15 12:08:21,7,True,0.0,1.0,2.0,1.0,9,1,-0.7783,0.0,0.796,3.7777777777777777,0,0,0,12,4,2024-11-13 12:24:53,1,0.5,1.5,0.0,1.0,1.0,4,-1.0
105,1779,"Worried , Overthinking , Lonely , Unappreciated , Unsure",2024-11-15 17:35:27,7,True,2.0,2.0,-2.0,-1.0,9,1,-0.8126,0.0,0.904,5.333333333333333,0,0,0,17,4,2024-11-13 12:24:53,2,0.4,1.4,0.0,1.0,0.8944271909999161,5,-1.0
105,1780,Right now I am currently trying to wake up but it’s a little harder for me right now . I want to . go back to sleep but that’s usual for working the night shift . I am thankful that it’s Friday but would rather lay in bed then do anything .,2024-11-15 22:59:57,7,False,0.0,1.0,0.0,0.0,52,0,0.7579,0.134,0.0,3.6346153846153846,4,0,0,22,4,2024-11-13 12:24:53,2,0.6666666666666666,1.5,2.0,2.0,1.0327955589886446,6,0.0
105,1781,Exhausted and tired . I worked overnight and only got about 2 hours of sleep through out the day so I am drained . Sleep is calling my name soon so the tiredness is over powering my other emotions . To be honest typing is taking a lot out of my and making me more tired .,2024-11-16 22:15:38,7,False,0.0,1.0,3.0,2.0,57,0,-0.7769,0.057,0.19,3.7719298245614037,6,0,2,22,5,2024-11-13 12:24:53,3,0.5714285714285714,1.4285714285714286,0.0,1.0,0.9759000729485332,7,-0.16666666666666663
105,1782,"Upbeat , Postive , Thoughtful , Optimistic , Grateful",2024-11-17 12:02:22,7,True,3.0,3.0,-1.0,-1.0,9,1,0.7845,0.798,0.0,5.0,0,0,0,12,6,2024-11-13 12:24:53,3,0.5,1.375,0.0,1.0,0.9258200997725514,8,0.0
105,1783,"Neutral , Ok , Tired , Thankful , Grateful",2024-11-17 17:01:20,7,True,2.0,2.0,0.0,0.0,9,1,0.7184,0.695,0.227,3.7777777777777777,0,0,0,17,6,2024-11-13 12:24:53,4,0.7777777777777778,1.5555555555555556,3.0,3.0,1.2018504251546631,9,0.5
105,1784,"Uneasy , Neutral , Unsure , Blah , In the middle",2024-11-18 12:02:58,7,True,2.0,2.0,-2.0,-1.0,11,1,-0.6124,0.0,0.6,3.4545454545454546,0,0,0,12,0,2024-11-13 12:24:53,4,0.9,1.6,2.0,2.0,1.1972189997378648,10,0.9999999999999999
105,1785,"Sluggish , Tired , Complacent , Neutral , Hurt",2024-11-18 22:01:10,7,True,0.0,1.0,0.0,2.0,9,1,-0.8519,0.0,0.912,4.222222222222222,0,0,0,22,0,2024-11-13 12:24:53,5,1.0,1.6363636363636365,2.0,2.0,1.1832159566199232,11,1.1
105,1786,"Nervous , Uncertainty , Anxiety , Sad , Annoyed",2024-11-19 12:01:09,7,True,0.0,3.0,0.0,-2.0,9,1,-0.872,0.0,1.0,4.333333333333333,0,0,0,12,1,2024-11-13 12:24:53,5,0.9166666666666666,1.5833333333333333,0.0,1.0,1.164500152881315,12,0.5000000000000001
105,1795,I’m not feeling fully awake since waking up not that long ago . I slept around 2 hours and it didn’t help . I’m not feeling like myself a lot of stressors right now in life and financially it’s been rough for my family . Sometimes it’s hard to have hope but need too .,2024-11-19 17:00:58,7,False,0.0,1.0,0.0,0.0,55,0,-0.0964,0.073,0.138,3.890909090909091,3,0,0,17,1,2024-11-13 12:24:53,6,0.8461538461538461,1.6923076923076923,0.0,3.0,1.1435437497937313,13,0.33333333333333337
106,1822,"Nostalgic , Sad , Lonely , Tired , Sleepy",2024-10-12 12:33:32,7,True,1.0,2.0,0.0,-1.0,9,1,-0.8176,0.0,0.81,3.6666666666666665,0,0,0,12,5,2024-10-12 12:33:32,0,2.0,1.0,2.0,1.0,0.0,0,0.0
106,1823,"I feel extremely inconvenienced . I wish I could go back and time and change my decisions so I’m not in the situation that I’m currently in . I’m grateful that my inconvenience is minor and temporary , but I’m still annoyed .",2024-10-13 12:31:10,7,False,1.0,1.0,0.0,0.0,43,0,-0.2871,0.097,0.125,4.255813953488372,5,0,2,12,6,2024-10-12 12:33:32,0,1.0,2.0,1.0,2.0,0.0,1,0.0
106,1824,I’m feeling a little tired but I feel like I have a lot of things that I’m looking forward to doing . I finished my outstanding tasks that I was dreading . I feel relieved and know that I can rest soon .,2024-10-14 12:51:27,7,False,1.0,1.0,2.0,0.0,43,0,0.7904,0.293,0.14,3.744186046511628,7,0,0,12,0,2024-10-12 12:33:32,2,1.0,1.5,1.0,1.0,0.0,2,0.0
106,1825,I’m tired but I feel relaxed . I finally have free time . I am looking forward to eating food and unwinding . My day is finally over and I don’t have any outstanding obligations . I’m grateful that I didn’t have a stressful day .,2024-10-14 22:02:10,7,False,3.0,1.0,1.0,0.0,46,0,0.9306,0.34,0.119,4.0,6,0,0,22,0,2024-10-12 12:33:32,2,1.0,1.3333333333333333,1.0,1.0,0.0,3,0.0
106,1826,"Relaxed , Easygoing , Peaceful , Positive , Productive",2024-10-16 12:37:03,7,True,4.0,1.0,-4.0,0.0,9,1,0.9062,0.925,0.0,5.111111111111111,0,0,0,12,2,2024-10-12 12:33:32,4,1.5,1.25,3.0,1.0,1.0,4,1.0
106,1827,I feel exhausted and drained . I feel like I need a nap . I want to sleep . I can’t wait to rest and relax . I’m also frustrated because piece of the back of my phone glass is falling off . I hope it doesn’t break more .,2024-10-16 17:29:19,7,False,0.0,1.0,1.0,1.0,50,0,-0.1027,0.198,0.206,3.42,7,0,0,17,2,2024-10-12 12:33:32,4,2.0,1.2,4.0,1.0,1.4142135623730951,5,1.6666666666666665
106,1828,I recently had a scary motorcycle accident and I’m still recovering . I feel very shaken up and afraid to ride my motorcycle again . I’m feeling very sad right now because of the incident . I also feel uneasy .,2024-10-18 12:12:43,7,False,1.0,2.0,3.0,-1.0,41,0,-0.9079,0.035,0.328,4.146341463414634,4,0,2,12,4,2024-10-12 12:33:32,5,1.6666666666666667,1.1666666666666667,0.0,1.0,1.505545305418162,6,1.3333333333333335
106,1830,"Congested , Sick , Tired , Relaxed , Mellow",2024-10-19 12:58:23,7,True,4.0,1.0,0.0,0.0,9,1,-0.4588,0.281,0.544,3.888888888888889,0,0,0,12,5,2024-10-12 12:33:32,7,1.5714285714285714,1.2857142857142858,1.0,2.0,1.3972762620115438,7,1.0
106,1831,I’m feeling relaxed and at ease . I’m not too stressed about anything at the moment . I’m still a bit sick which is frustrating but my symptoms seem to have improved . I am looking forward to getting rest and getting better .,2024-10-19 22:27:48,7,False,4.0,1.0,0.0,0.0,44,0,0.8597,0.3,0.084,4.136363636363637,2,0,0,22,5,2024-10-12 12:33:32,7,1.875,1.25,4.0,1.0,1.5526475085202969,8,0.75
107,1841,"I’m feeling very tired and having little energy . I find it hard to get out of bed . All the stress has been weighing on me lately and it just seems too much to handle . I’m also feeling very lonely , but because of my ankle injury , I can’t go out to meet my friends .",2024-08-04 12:01:14,7,False,0.0,1.0,0.0,1.0,59,0,-0.4097,0.132,0.177,3.5762711864406778,5,0,2,12,6,2024-08-04 12:01:14,0,2.0,1.0,2.0,1.0,0.0,0,0.0
107,1842,"I feel like I’m in a rut , unable to get out . I hear my abusive ex’s voice in my head “you’re too passive . You’re wallowing in self-pity . ” Maybe he’s right . Maybe I don’t have to willpower to continue .",2024-08-04 17:00:58,7,False,0.0,2.0,2.0,0.0,45,0,-0.2263,0.109,0.106,3.6222222222222222,5,0,0,17,6,2024-08-04 12:01:14,0,0.0,1.0,0.0,1.0,0.0,1,0.0
107,1843,"I am feeling ok or neutral this morning . Although my situation is not ideal as I am facing a lot of stress right now , but I can choose to be kind to myself and respond to the life stress with calmness .",2024-08-05 12:10:15,7,False,2.0,2.0,-1.0,1.0,44,0,0.5442,0.227,0.154,3.659090909090909,5,0,0,12,0,2024-08-04 12:01:14,1,0.0,1.5,0.0,2.0,0.0,2,0.0
107,1844,I drank too much coffee . I am feeling jittery and anxious . My heart rate is higher than normal . I feel like I’m on edge . Also I’m feeling lonely and down . I wish I could travel with my friends together .,2024-08-05 17:14:59,7,False,1.0,3.0,1.0,0.0,45,0,0.7003,0.264,0.105,3.6444444444444444,7,0,0,17,0,2024-08-04 12:01:14,1,0.6666666666666666,1.6666666666666667,2.0,2.0,1.1547005383792517,3,1.0
107,1845,"Angry , Irritated , Annoyed , Bothered , Sad",2024-08-05 22:54:35,7,True,2.0,3.0,-1.0,-1.0,9,1,-0.9231,0.0,1.0,4.0,0,0,0,22,0,2024-08-04 12:01:14,1,0.75,2.0,1.0,3.0,0.9574271077563381,4,1.5
107,1846,I find it hard to have motivation to do anything . I feel a sense of loss : loss of confidence and identity . I am not sure who I am or what I want anymore . I feel like it’s easier to just sleep all day and not think about anything .,2024-08-06 12:01:19,7,False,1.0,2.0,0.0,0.0,53,0,0.6529,0.235,0.152,3.4339622641509435,6,0,0,12,1,2024-08-04 12:01:14,2,1.0,2.2,2.0,3.0,1.0,5,1.6666666666666667
107,1847,"I am moving slowly , feeling listless . I am standing in a crowded , bustling train station , but I am feeling very alone . I feel like no one wants me . I crave connection and love but I have been hurt too many times .",2024-08-06 17:03:07,7,False,1.0,2.0,1.0,-1.0,48,0,0.2746,0.25,0.208,3.5833333333333335,7,0,1,17,1,2024-08-04 12:01:14,2,1.0,2.1666666666666665,1.0,2.0,0.8944271909999159,6,0.6666666666666666
107,1848,"Tired , Exhausted , Content , Chill , Supported",2024-08-06 22:46:36,7,True,2.0,1.0,-2.0,0.0,9,1,-0.4767,0.237,0.557,4.333333333333333,0,0,0,22,1,2024-08-04 12:01:14,2,1.0,2.142857142857143,1.0,2.0,0.816496580927726,7,0.5833333333333334
107,1849,"Tired , Unmotivated , Exhausted , Drained , Fatigued",2024-08-07 12:22:56,7,True,0.0,1.0,1.0,1.0,9,1,-0.8934,0.0,1.0,4.888888888888889,0,0,0,12,2,2024-08-04 12:01:14,3,1.125,2.0,2.0,1.0,0.8345229603962802,8,0.75
107,1850,I don’t feel like I did a good job at my job interview today . I feel bad about myself . I have a lot of criticism about myself . I’m trying to challenge my inner critic but I’m still feeling down . I know I need to be more patient with myself and my progress .,2024-08-07 17:01:57,7,False,1.0,2.0,0.0,1.0,57,0,0.5499,0.198,0.11,3.5964912280701755,12,0,0,17,2,2024-08-04 12:01:14,3,1.0,1.8888888888888888,0.0,1.0,0.8660254037844386,9,0.44999999999999996
107,1852,"I feel overwhelmed . There is so much to do and so little time . I feel the urge to pull away and hide myself from all my responsibilities . But I have to resist the urge , because although it provides temporary relief , it won’t help me in the long run—it will actually make me hate myself more and make my long-term anxiety worse .",2024-08-07 22:12:23,7,False,1.0,3.0,-1.0,0.0,67,0,-0.5859,0.122,0.174,3.985074626865672,9,0,2,22,2,2024-08-04 12:01:14,3,1.0,1.9,1.0,2.0,0.816496580927726,10,0.0
107,1853,"My cat is sick , and I am very worried for him . I was in such an anxious state that I missed my job interview so now I feel really bad about myself . I’m having a lot of thoughts of self-blame , and I’m feeling nervous , worried , anxious , and down .",2024-08-08 17:00:41,7,False,0.0,3.0,1.0,0.0,56,0,-0.9507,0.027,0.365,3.517857142857143,7,0,3,17,3,2024-08-04 12:01:14,4,1.0,2.0,1.0,3.0,0.7745966692414834,11,0.0
107,1854,"Nervous , Worried , Anxious , Stressed , Jittery",2024-08-08 22:19:29,7,True,1.0,3.0,-1.0,0.0,9,1,-0.7717,0.0,0.897,4.444444444444445,0,0,0,22,3,2024-08-04 12:01:14,4,0.9166666666666666,2.0833333333333335,0.0,3.0,0.7929614610987591,12,-0.16666666666666663
107,1855,"My cat is in pain . I am very worried about him , but I also have a job interview soon and have to prepare for that . The constant stress is making me very tired . I feel like I do not have enough energy to handle the day .",2024-08-09 12:54:43,7,False,0.0,3.0,0.0,-2.0,51,0,-0.8577,0.069,0.267,3.392156862745098,6,0,2,12,4,2024-08-04 12:01:14,5,0.9230769230769231,2.1538461538461537,1.0,3.0,0.75955452531275,13,-0.1428571428571429
107,1856,"Tired , Drained , Worried , Nervous , Sad",2024-08-09 17:25:15,7,True,0.0,1.0,2.0,1.0,9,1,-0.8957,0.0,1.0,3.6666666666666665,0,0,0,17,4,2024-08-04 12:01:14,5,0.8571428571428571,2.2142857142857144,0.0,3.0,0.7703288865196432,14,-0.2857142857142857
107,1857,"Relieved , Content , Connected , Accomplished , Tired",2024-08-10 17:10:27,7,True,2.0,2.0,-1.0,1.0,9,1,0.3818,0.529,0.279,5.0,0,0,0,17,5,2024-08-04 12:01:14,6,0.8,2.1333333333333333,0.0,1.0,0.7745966692414835,15,-0.375
107,1858,"Worried , Content , Relieved , Excited , Anxious",2024-08-10 22:15:13,7,True,1.0,3.0,0.0,0.0,9,1,0.2023,0.49,0.412,4.444444444444445,0,0,0,22,5,2024-08-04 12:01:14,6,0.875,2.125,2.0,2.0,0.806225774829855,16,-0.5
108,1878,"Happy , Calm , Excited , Good , Active",2024-10-14 12:31:38,7,True,4.0,2.0,0.0,0.0,9,1,0.9186,1.0,0.0,3.3333333333333335,0,0,0,12,0,2024-10-14 12:31:38,0,2.0,1.0,2.0,1.0,0.0,0,0.0
108,1879,"I am currently feeling active , good and happy . Without feeling weak , I have been working and feeling active lately and with the help of my brother around working together , it has been fun and have not been feeling down so I have good",2024-10-14 17:02:04,7,False,4.0,2.0,0.0,0.0,47,0,0.9759,0.511,0.0,4.0638297872340425,4,0,1,17,0,2024-10-14 12:31:38,0,4.0,2.0,4.0,2.0,0.0,1,0.0
108,1880,"Feeling good and active . I am not feeling emotional , physical and mentally drained because I am currently working and going about my daily business which nothing is intervening with it and not stresses or nervous about anything",2024-10-14 22:02:17,7,False,4.0,2.0,0.0,0.0,39,0,0.7253,0.261,0.122,4.897435897435898,3,0,0,22,0,2024-10-14 12:31:38,0,4.0,2.0,4.0,2.0,0.0,2,0.0
108,1881,"I am feeling calm and relax . I am on the sofa resting , telling good and not worried of anything around just focusing on the positive things I can get done and contribute . So I am good and fine and optimistic about my work .",2024-10-15 12:03:00,7,False,4.0,2.0,0.0,-1.0,47,0,0.9589,0.424,0.0,3.8297872340425534,5,0,1,12,1,2024-10-14 12:31:38,0,4.0,2.0,4.0,2.0,0.0,3,0.0
108,1882,"Calm , Cool , Relaxed , Reserved , Gentle",2024-10-15 17:23:33,7,True,4.0,1.0,0.0,1.0,9,1,0.8658,0.915,0.0,3.6666666666666665,0,0,0,17,1,2024-10-14 12:31:38,1,4.0,2.0,4.0,2.0,0.0,4,0.0
108,1883,"Happy , Active , Calm , Relax , Lovely",2024-10-16 12:04:30,7,True,4.0,2.0,0.0,0.0,9,1,0.9371,1.0,0.0,3.3333333333333335,0,0,0,12,2,2024-10-14 12:31:38,1,4.0,1.8,4.0,1.0,0.0,5,0.0
108,1885,I am feeling good and active . I am not down or feeling depressed . I have a strong mind and I am happy right now . I have been smiling and wondering how blessed I am which brings joy to my heart and that makes me feel good,2024-10-16 17:01:28,7,False,4.0,2.0,0.0,0.0,49,0,0.9747,0.483,0.055,3.5714285714285716,8,0,0,17,2,2024-10-14 12:31:38,2,4.0,1.8333333333333333,4.0,2.0,0.0,6,0.0
108,1886,"Happy , Active , Strong , Lovely , Calm",2024-10-17 12:02:24,7,True,4.0,2.0,0.0,0.0,9,1,0.9413,1.0,0.0,3.4444444444444446,0,0,0,12,3,2024-10-14 12:31:38,2,4.0,1.8571428571428572,4.0,2.0,0.0,7,0.0
108,1887,"Calm , Relax , Active , Alert , Happy",2024-10-17 17:06:09,7,True,4.0,2.0,0.0,0.0,9,1,0.9153,1.0,0.0,3.2222222222222223,0,0,0,17,3,2024-10-14 12:31:38,3,4.0,1.875,4.0,2.0,0.0,8,0.0
108,1888,"Calm , Relax , Happy , Active , Strong",2024-10-18 12:11:39,7,True,4.0,2.0,0.0,0.0,9,1,0.9313,1.0,0.0,3.3333333333333335,0,0,0,12,4,2024-10-14 12:31:38,3,4.0,1.8888888888888888,4.0,2.0,0.0,9,0.0
108,1889,"Excited , Calm , Lovely , Happy , Active",2024-10-18 17:09:05,7,True,4.0,2.0,0.0,0.0,9,1,0.9313,1.0,0.0,3.5555555555555554,0,0,0,17,4,2024-10-14 12:31:38,4,4.0,1.9,4.0,2.0,0.0,10,0.0
108,1890,"I am currently feeling good and calm , happy . This is because I am off from work today so I will be chance to rest and get lot of things done and also do my chores , little cleaning and so on . So I am relaxed of not having to think of anything",2024-10-19 12:01:49,7,False,4.0,2.0,0.0,0.0,55,0,0.9342,0.282,0.0,3.4727272727272727,5,0,3,12,5,2024-10-14 12:31:38,4,4.0,1.9090909090909092,4.0,2.0,0.0,11,0.0
108,1891,"Happy , Calm , Active , Excited , Relaxed",2024-10-20 12:06:50,7,True,4.0,2.0,0.0,0.0,9,1,0.9231,1.0,0.0,3.6666666666666665,0,0,0,12,6,2024-10-14 12:31:38,5,4.0,1.9166666666666667,4.0,2.0,0.0,12,0.0
108,1892,I am currently happy and good to go . I have no worries and I am feeling refreshed and relaxed even with the situation around . I never back down been happy . I am currently active also and willing to go miles to get with so ever I want to get,2024-10-20 17:01:29,7,False,4.0,2.0,0.0,0.0,52,0,0.9228,0.331,0.086,3.6923076923076925,6,0,1,17,6,2024-10-14 12:31:38,6,4.0,1.9230769230769231,4.0,2.0,0.0,13,0.0
108,1893,"Happy , Calm , Excited , Relaxed , Joyful",2024-10-21 12:06:28,7,True,4.0,2.0,0.0,0.0,9,1,0.9382,1.0,0.0,3.6666666666666665,0,0,0,12,0,2024-10-14 12:31:38,6,4.0,1.9285714285714286,4.0,2.0,0.0,14,0.0
108,1894,"I am fine , happy and good . And I am currently active and doing activities gladly . I am currently excited with the way things are going , I not nervous or emotionally affected in any way because I did not allow anything to affect my joy and I have keep things that too",2024-10-21 17:04:28,7,False,4.0,2.0,0.0,0.0,55,0,0.9535,0.36,0.055,3.9272727272727272,7,0,0,17,0,2024-10-14 12:31:38,7,4.0,1.9333333333333333,4.0,2.0,0.0,15,0.0
108,1896,I am currently happy and feeling calm because everything is going as plan and having control of things around . I am happy because even at my work place things are working well with no complications . I feel strong and healthy because I eat well and feel health I ' m and out,2024-10-22 12:07:48,7,False,4.0,2.0,0.0,0.0,54,0,0.9531,0.359,0.037,4.111111111111111,6,0,0,12,1,2024-10-14 12:31:38,7,4.0,1.9375,4.0,2.0,0.0,16,0.0
108,1897,"Happy , Calm , Strong , Lovely , Active",2024-10-22 17:01:28,7,True,4.0,2.0,0.0,0.0,9,1,0.9413,1.0,0.0,3.4444444444444446,0,0,0,17,1,2024-10-14 12:31:38,8,4.0,1.9411764705882353,4.0,2.0,0.0,17,0.0
108,1898,"I am feeling super good because I had a good news from my cousin , therefore I am feeling active and happy . I have been good and going out tonight to celebrate with a few friends on the good news . I am excited about the people around me and what I have been enjoying since the month began too",2024-10-23 12:36:32,7,False,4.0,2.0,0.0,0.0,61,0,0.9877,0.503,0.0,3.8360655737704916,8,0,0,12,2,2024-10-14 12:31:38,9,4.0,1.9444444444444444,4.0,2.0,0.0,18,0.0
108,1899,"I feeling active and good . I   not nervous about anything , no stress . I am not emotional   drained at all but I am active and strong . No reason to think negatively or be depressed and feeling okay and to crown it all I am very happy",2024-10-23 17:58:33,7,False,4.0,2.0,0.0,0.0,49,0,0.9123,0.409,0.191,3.7551020408163267,5,0,1,17,2,2024-10-14 12:31:38,9,4.0,1.9473684210526316,4.0,2.0,0.0,19,0.0
108,1900,"Happy , Excited , Active , Joyful , Good",2024-10-23 22:47:05,7,True,4.0,2.0,0.0,0.0,9,1,0.9393,1.0,0.0,3.5555555555555554,0,0,0,22,2,2024-10-14 12:31:38,9,4.0,1.95,4.0,2.0,0.0,20,0.0
108,1901,"Happy , Active , Strong , Excited , Good",2024-10-24 12:05:17,7,True,4.0,2.0,0.0,0.0,9,1,0.9325,1.0,0.0,3.5555555555555554,0,0,0,12,3,2024-10-14 12:31:38,9,4.0,1.9523809523809523,4.0,2.0,0.0,21,0.0
108,1902,"I am currently happy and good . I am excited and joyful . I am not nervous or sad about anything , talkless of been depressed . I am feeling good and active with no complain about anything . I am up and grateful about life and I am not down with any thought whatsoever",2024-10-24 17:09:38,7,False,4.0,2.0,0.0,0.0,55,0,0.9543,0.412,0.121,3.890909090909091,6,0,0,17,3,2024-10-14 12:31:38,10,4.0,1.9545454545454546,4.0,2.0,0.0,22,0.0
108,1903,"I am currently feeling good and active . I am not bothered about thing around , I am feeling excited and happy . I am not depressed or feeling ill toward anyone or coworkers I am strong and feeling good .",2024-10-25 12:02:35,7,False,4.0,2.0,0.0,0.0,41,0,0.9673,0.567,0.056,4.0,5,0,0,12,4,2024-10-14 12:31:38,10,4.0,1.9565217391304348,4.0,2.0,0.0,23,0.0
108,1904,I am currently fine and good . No form of depression or stress . I am feeling happy and active . I don ' t feel down in any way or thinking about any thing . I am not sad but happy with the things going on in my life currently .,2024-10-25 17:27:57,7,False,4.0,2.0,-1.0,-1.0,52,0,0.8306,0.298,0.111,3.4038461538461537,5,0,0,17,4,2024-10-14 12:31:38,11,4.0,1.9583333333333333,4.0,2.0,0.0,24,0.0
108,1905,"At the moment and right now I feel excites because I get to have amazing and wonderful time with family , friends we get to talk about amazing things and doing fun stuffs together like playing games and watching series together which always mke me happy and less worried about life hitches",2024-10-26 17:23:30,7,False,3.0,1.0,1.0,1.0,52,0,0.9796,0.413,0.027,4.576923076923077,3,0,0,17,5,2024-10-14 12:31:38,12,4.0,1.96,4.0,2.0,0.0,25,0.0
108,1911,"Happy , Calm , Excited , Joyful , Rejoicing",2024-10-26 22:08:17,7,True,4.0,2.0,0.0,0.0,9,1,0.9442,1.0,0.0,3.888888888888889,0,0,0,22,5,2024-10-14 12:31:38,12,3.9615384615384617,1.9230769230769231,3.0,1.0,0.19611613513818402,26,-0.0769230769230771
108,1912,"I am happy and currently active without any form of depression or nervous . I am currently excited and calm , I am not nervous and worried about anything I am good and not depressed at all . I am not thicking about anything bad and not feeling sad",2024-10-27 12:01:42,7,False,4.0,2.0,0.0,0.0,49,0,0.8113,0.342,0.206,4.061224489795919,5,0,0,12,6,2024-10-14 12:31:38,12,3.962962962962963,1.9259259259259258,4.0,2.0,0.19245008972987523,27,-0.07142857142857162
109,1913,"Calm , Content , Anxious , Tired , Excited",2024-10-17 12:39:25,7,True,3.0,1.0,1.0,0.0,9,1,-0.0516,0.443,0.462,3.7777777777777777,0,0,0,12,3,2024-10-17 12:39:25,0,2.0,1.0,2.0,1.0,0.0,0,0.0
109,1914,"I am pretty stressed with work , but otherwise content and appreciative of the pleasant fall day and weather . I had a nice , productive lunch with coworkers and someone who was interviewing , so overall quite nice .",2024-10-17 17:09:39,7,False,4.0,1.0,-3.0,2.0,40,0,0.9593,0.405,0.037,4.425,2,0,1,17,3,2024-10-17 12:39:25,0,3.0,1.0,3.0,1.0,0.0,1,0.0
109,1915,"Currently I am tired and am having some canker sores , which is making it hard to eat . I feel pretty exhausted from the day , and still have some work left to do to prepare for tomorrow . Other than that , I feel like I am super busy and need more time to do all of the things I need to .",2024-10-17 22:38:00,7,False,1.0,3.0,2.0,-1.0,65,0,0.5859,0.149,0.106,3.4615384615384617,5,0,0,22,3,2024-10-17 12:39:25,0,3.5,1.0,4.0,1.0,0.7071067811865476,2,1.0
109,1916,"Relieved , Content , Cold , Excited , Worried",2024-10-18 17:56:36,7,True,3.0,2.0,0.0,1.0,9,1,0.4215,0.543,0.239,4.111111111111111,0,0,0,17,4,2024-10-17 12:39:25,1,2.6666666666666665,1.6666666666666667,1.0,3.0,1.5275252316519465,3,-0.5
109,1917,"I’m a bit hungry , but I feel super refreshed after a 5km water along the water . Definitely helped to clear the mind and feel happy going into the weekend ! I definitely feel more relaxed and less overwhelmed after today’s work meetings .",2024-10-18 22:33:27,7,False,3.0,3.0,1.0,0.0,45,0,0.9814,0.454,0.02,4.333333333333333,2,1,0,22,4,2024-10-17 12:39:25,1,2.75,1.75,3.0,2.0,1.2583057392117916,4,-1.5
109,1918,"I’m currently feeling refreshed after a good night’s rest , and feeling relaxed with a quiet morning having breakfast . I’m looking forward to the day ahead ; it’s supposed to be beautiful outside on this warm fall day , and the sun is out . So much to be thankful for !",2024-10-19 12:41:18,7,False,4.0,3.0,0.0,0.0,53,0,0.9525,0.335,0.0,4.113207547169812,0,1,1,12,5,2024-10-17 12:39:25,2,2.8,2.0,3.0,3.0,1.0954451150103321,5,-1.1666666666666665
109,1919,"Refreshed , Happy , Joyful , Creative , Excited",2024-10-19 17:12:48,7,True,4.0,3.0,0.0,0.0,9,1,0.9169,0.928,0.0,4.333333333333333,0,0,0,17,5,2024-10-17 12:39:25,2,3.0,2.1666666666666665,4.0,3.0,1.0954451150103321,6,0.666666666666667
113,2046,"Tired , Happy , Calm , Stressed , Anxious",2024-10-29 12:09:25,7,True,4.0,1.0,-2.0,1.0,9,1,-0.0772,0.451,0.549,3.6666666666666665,0,0,0,12,1,2024-10-29 12:09:25,0,2.0,1.0,2.0,1.0,0.0,0,0.0
113,2047,"Busy , Slightly tired , Calm , Nervous , Happy",2024-10-29 17:04:38,7,True,2.0,2.0,-1.0,-1.0,10,1,0.3134,0.47,0.365,3.7,0,0,0,17,1,2024-10-29 12:09:25,0,4.0,1.0,4.0,1.0,0.0,1,0.0
113,2048,"Hungry , Tired , Stressed , nervous , Happy",2024-10-29 22:05:58,7,True,1.0,1.0,2.0,1.0,9,1,-0.4019,0.306,0.612,3.888888888888889,0,0,0,22,1,2024-10-29 12:09:25,0,3.0,1.5,2.0,2.0,1.4142135623730951,2,-2.0
113,2049,"Nervous , Tired , Hungry , Happy , Calm",2024-10-30 12:16:05,7,True,3.0,2.0,-2.0,1.0,9,1,0.25,0.5,0.417,3.4444444444444446,0,0,0,12,2,2024-10-29 12:09:25,1,2.3333333333333335,1.3333333333333333,1.0,1.0,1.5275252316519465,3,-2.5
113,2050,"Nervous , Anxious , Jittery , Happy , Tired",2024-10-30 17:02:29,7,True,1.0,3.0,1.0,-1.0,9,1,-0.3182,0.316,0.598,3.888888888888889,0,0,0,17,2,2024-10-29 12:09:25,1,2.5,1.5,3.0,2.0,1.2909944487358056,4,-1.0
113,2051,"Bored , Tired , Calm , Neutral , Happy",2024-10-31 12:05:12,7,True,2.0,2.0,-1.0,-1.0,9,1,0.25,0.5,0.417,3.3333333333333335,0,0,0,12,3,2024-10-29 12:09:25,1,2.2,1.8,1.0,3.0,1.3038404810405297,5,-1.3333333333333333
113,2052,"exhausted , Sore , Full , Sleepy , Calm",2024-10-31 17:18:52,7,True,1.0,1.0,0.0,0.0,9,1,-0.4019,0.247,0.538,3.4444444444444446,0,0,0,17,3,2024-10-29 12:09:25,2,2.1666666666666665,1.8333333333333333,2.0,2.0,1.1690451944500122,6,-0.3333333333333335
113,2054,"Nauseous , Tired , Sleepy , Calm , Sluggish",2024-10-31 22:03:06,7,True,1.0,1.0,1.0,0.0,9,1,-0.5106,0.232,0.566,3.888888888888889,0,0,0,22,3,2024-10-29 12:09:25,2,2.0,1.7142857142857142,1.0,1.0,1.1547005383792515,7,-0.5833333333333335
113,2055,"I feel tired since I’m currently at work . I also feel sore because of neck pain . Otherwise , I feel neutral . I am a bit stressed with my school life because I have midterms and a lot of assignments due .",2024-11-01 12:17:19,7,False,2.0,1.0,-1.0,0.0,44,0,-0.8779,0.0,0.284,3.7045454545454546,6,0,0,12,4,2024-10-29 12:09:25,3,1.875,1.625,1.0,1.0,1.1259916264596033,8,-1.25
113,2056,I am currently at work so I feel a bit tired but my coworker is keeping me awake . I feel a little but hungry . I also feel a bit stressed because I know I have school work to do after work .,2024-11-01 17:04:05,7,False,1.0,1.0,0.0,0.0,44,0,-0.6348,0.0,0.147,3.3636363636363638,8,0,1,17,4,2024-10-29 12:09:25,3,1.8888888888888888,1.5555555555555556,2.0,1.0,1.0540925533894598,9,-1.1
113,2057,"Tired , Full , Calm , Happy , Neutral",2024-11-01 22:02:59,7,True,1.0,1.0,0.0,0.0,9,1,0.4767,0.55,0.266,3.2222222222222223,0,0,0,22,4,2024-10-29 12:09:25,3,1.8,1.5,1.0,1.0,1.0327955589886446,10,-0.8000000000000003
114,2078,"Sad , Lonely , Tired , Nervous , Achey",2024-09-23 17:19:51,7,True,1.0,2.0,0.0,0.0,9,1,-0.8625,0.0,0.914,3.3333333333333335,0,0,0,17,0,2024-09-23 17:19:51,0,2.0,1.0,2.0,1.0,0.0,0,0.0
114,2079,"Sad , Dejected , Alone , Weary , Glum",2024-09-24 12:03:10,7,True,1.0,2.0,0.0,0.0,9,1,-0.91,0.0,1.0,3.2222222222222223,0,0,0,12,1,2024-09-23 17:19:51,0,1.0,2.0,1.0,2.0,0.0,1,0.0
114,2080,"Nervous , Lonely , Bored , Hungry , Tired",2024-09-24 17:47:02,7,True,1.0,2.0,1.0,0.0,9,1,-0.8225,0.0,0.906,3.6666666666666665,0,0,0,17,1,2024-09-23 17:19:51,1,1.0,2.0,1.0,2.0,0.0,2,0.0
114,2081,"Indifferent , Bored , Tired , Lonely , Sleepy",2024-09-24 22:20:48,7,True,2.0,2.0,-1.0,-1.0,9,1,-0.8074,0.0,0.903,4.111111111111111,0,0,0,22,1,2024-09-23 17:19:51,1,1.0,2.0,1.0,2.0,0.0,3,0.0
114,2082,Im feeling pretty sluggish and tired . I feel a little bit jittery and wanting to sleep but can ' t . I ' m not feeling either sad or happy just very neutral . I ' m tired and sluggish and kind of just existing at the moment,2024-09-25 12:17:11,7,False,1.0,1.0,1.0,1.0,49,0,0.314,0.261,0.217,3.5918367346938775,3,0,1,12,2,2024-09-23 17:19:51,1,1.25,2.0,2.0,2.0,0.5,4,0.5
114,2083,"Neutral , Content , Comfortable , Okay , Tired",2024-09-25 17:35:48,7,True,2.0,2.0,1.0,-1.0,9,1,0.3182,0.515,0.287,4.222222222222222,0,0,0,17,2,2024-09-23 17:19:51,2,1.2,1.8,1.0,1.0,0.4472135954999579,5,0.33333333333333326
114,2300,"Content , Satisfied , Sleepy , Peaceful , Relaxed",2024-09-25 22:26:28,7,True,3.0,1.0,-2.0,0.0,9,1,0.8481,0.821,0.0,4.555555555555555,0,0,0,22,2,2024-09-23 17:19:51,2,1.3333333333333333,1.8333333333333333,2.0,2.0,0.5163977794943222,6,0.6666666666666667
114,2301,"Lonely , Bored , Sleepy , Unmotivated , Glum",2024-09-26 17:36:43,7,True,1.0,1.0,0.0,0.0,9,1,-0.8442,0.0,0.91,4.0,0,0,0,17,3,2024-09-23 17:19:51,3,1.5714285714285714,1.7142857142857142,3.0,1.0,0.7867957924694432,7,1.0
114,2302,"Tired , Sleepy , Bored , Thirsty , Lonely",2024-09-26 22:13:43,7,True,1.0,1.0,0.0,1.0,9,1,-0.7579,0.0,0.789,3.6666666666666665,0,0,0,22,3,2024-09-23 17:19:51,3,1.5,1.625,1.0,1.0,0.7559289460184544,8,0.5
114,2303,"I feel a little sad today , it might be under the influence of the weather or season , but I just feel a sort of emptiness inside of me . I am also very lonely today , wishing I could just hang out with some friends or something .",2024-09-27 17:30:49,7,False,1.0,2.0,1.0,0.0,50,0,-0.4565,0.136,0.195,3.62,5,0,1,17,4,2024-09-23 17:19:51,4,1.4444444444444444,1.5555555555555556,1.0,1.0,0.7264831572567789,9,0.3500000000000001
114,2304,"Indifferent , Okay , Neutral , Tired , Comfortable",2024-09-27 22:16:09,7,True,2.0,2.0,-1.0,0.0,9,1,0.128,0.477,0.431,4.666666666666667,0,0,0,22,4,2024-09-23 17:19:51,4,1.4,1.6,1.0,2.0,0.6992058987801011,10,0.40000000000000013
114,2305,"Sad , Lonely , Distressed , Bored , Tired",2024-09-28 17:12:14,7,True,1.0,2.0,0.0,0.0,9,1,-0.9081,0.0,1.0,3.6666666666666665,0,0,0,17,5,2024-09-23 17:19:51,4,1.4545454545454546,1.6363636363636365,2.0,2.0,0.6875516509523286,11,0.4666666666666668
114,2306,"Tired , Sluggish , Lonely , Bored , Sad",2024-09-28 22:37:00,7,True,1.0,2.0,1.0,-1.0,9,1,-0.9062,0.0,1.0,3.4444444444444446,0,0,0,22,5,2024-09-23 17:19:51,5,1.4166666666666667,1.6666666666666667,1.0,2.0,0.6685579234215214,12,0.16666666666666674
114,2307,"Im feeling pretty tired and almost like I am catching a slight cold . I don ' t have much energy and although i feel lonely , it ' s not really a high level . I ' m tired mostly , and just want to stay in bed all day today .",2024-09-29 12:08:33,7,False,2.0,1.0,0.0,0.0,53,0,0.0018,0.221,0.178,3.2452830188679247,4,0,1,12,6,2024-09-23 17:19:51,5,1.3846153846153846,1.6923076923076923,1.0,2.0,0.650443635587991,13,0.09523809523809534
116,2363,"I am feeling alright today . I woke up knowing my tasks . The weather sort of got on my nerves , but my moods are in tact . I don ' t think there is no reason for me to be depressed at the moment . I am a little tired , but my spirits are high .",2024-08-08 17:05:37,7,False,3.0,2.0,0.0,0.0,59,0,-0.8782,0.051,0.221,3.169491525423729,9,0,0,17,3,2024-08-08 17:05:37,0,2.0,1.0,2.0,1.0,0.0,0,0.0
116,2364,I feel optimistic for tomorrow . I like that I completed my goal today . I ' m feeling very goal-oriented . I ' m also a little cold because it got cooler outside . I can ' t wait until September when it ' s autumn . I ' m not sad right now .,2024-08-08 22:01:02,7,False,3.0,2.0,0.0,-1.0,56,0,0.7817,0.24,0.0,3.3392857142857144,8,0,1,22,3,2024-08-08 17:05:37,0,3.0,2.0,3.0,2.0,0.0,1,0.0
116,2368,I ' m a little hyper because I have so many tasks to do right now . I want to stay positive no matter what . I woke up with a slight headache because of the way I was sleeping . I think I ' m less stressed than last week .,2024-08-09 12:03:58,7,False,3.0,1.0,0.0,1.0,52,0,0.1761,0.149,0.107,3.2884615384615383,7,0,1,12,4,2024-08-08 17:05:37,0,3.0,2.0,3.0,2.0,0.0,2,0.0
116,2369,"Grateful , Settled , Confident , Balanced , Happy",2024-08-09 17:09:42,7,True,3.0,2.0,0.0,0.0,9,1,0.872,0.832,0.0,4.555555555555555,0,0,0,17,4,2024-08-08 17:05:37,1,3.0,1.6666666666666667,3.0,1.0,0.0,3,0.0
116,2370,"Calm , Posed , Smooth , Neutral , Good",2024-08-10 17:35:56,7,True,3.0,2.0,1.0,0.0,9,1,0.6369,0.634,0.0,3.3333333333333335,0,0,0,17,5,2024-08-08 17:05:37,2,3.0,1.75,3.0,2.0,0.0,4,0.0
116,2371,I feel very happy because I won a contest . I ' m a little tired right now because I just cooked dinner . I have a slight headache off being a little busy right . I have a load of emotions right now . That ' s how it is right now .,2024-08-10 22:05:48,7,False,4.0,2.0,-1.0,0.0,54,0,0.7468,0.191,0.063,3.2962962962962963,6,0,1,22,5,2024-08-08 17:05:37,2,3.0,1.8,3.0,2.0,0.0,5,0.0
116,2372,"Right now , I am calm and happy . I slept really well . I ' m trying to get things done on a constant basis . I can ' t wait to see some exciting things happen tomorrow . I ' m glad that the rain stopped . I don ' t know what else to say .",2024-08-11 12:01:50,7,False,3.0,2.0,0.0,0.0,59,0,0.9134,0.307,0.04,3.0677966101694913,6,0,1,12,6,2024-08-08 17:05:37,2,3.1666666666666665,1.8333333333333333,4.0,2.0,0.408248290463863,6,0.3333333333333335
116,2373,I am feeling okay right now . I am settled in my emotions . Nothing else is bothering me at the moment . I had a good breakfast to eat at the moment . I don ' t know what else to say really say . I am okay right now .,2024-08-11 17:02:22,7,False,3.0,2.0,0.0,0.0,52,0,0.8118,0.239,0.0,3.1923076923076925,7,0,1,17,6,2024-08-08 17:05:37,2,3.142857142857143,1.8571428571428572,3.0,2.0,0.37796447300922725,7,0.25
116,2374,"satisfied , hungry , worried , content , curious",2024-08-11 22:00:48,7,True,3.0,2.0,0.0,0.0,9,1,0.4404,0.548,0.237,4.444444444444445,0,0,0,22,6,2024-08-08 17:05:37,3,3.125,1.875,3.0,2.0,0.3535533905932738,8,0.25
116,2375,"Alright , Settled , Nervous , Okay , Restless",2024-08-12 12:07:02,7,True,3.0,2.0,0.0,0.0,9,1,-0.0772,0.429,0.462,4.111111111111111,0,0,0,12,0,2024-08-08 17:05:37,3,3.111111111111111,1.8888888888888888,3.0,2.0,0.33333333333333337,9,0.20000000000000018
116,2378,"Happy , Peaceful , Sweet , Together , Careful",2024-08-12 17:13:48,7,True,3.0,2.0,0.0,0.0,9,1,0.8885,0.92,0.0,4.111111111111111,0,0,0,17,0,2024-08-08 17:05:37,4,3.1,1.9,3.0,2.0,0.31622776601683794,10,0.20000000000000018
116,2379,"Calm , Excited , Patient , Exhilerated , Awesome",2024-08-12 22:04:03,7,True,3.0,2.0,-1.0,-1.0,9,1,0.8316,0.815,0.0,4.444444444444445,0,0,0,22,0,2024-08-08 17:05:37,4,3.090909090909091,1.9090909090909092,3.0,2.0,0.30151134457776363,11,0.16666666666666652
116,2380,I ' m not in my happiest state . I could feel much better when I woke up . I ' m thinking about a variety of things going on in my life right now . It ' s more of a personal conflict I have with someone . I don ' t know . I feel strange .,2024-08-13 12:03:02,7,False,2.0,1.0,0.0,1.0,59,0,-0.5902,0.068,0.181,3.0508474576271185,9,0,0,12,1,2024-08-08 17:05:37,4,3.0833333333333335,1.9166666666666667,3.0,2.0,0.28867513459481287,12,-0.16666666666666652
116,2381,"I am feeling sober and focused . Sober as in , very calm . I am a little anxious because I wanna make sure I get an assignment done . I don ' t know what else to really say . Earlier today , I was a little tired and thrown off guard when I woke up .",2024-08-13 17:03:54,7,False,2.0,2.0,1.0,0.0,58,0,0.5689,0.19,0.091,3.310344827586207,7,0,2,17,1,2024-08-08 17:05:37,4,3.0,1.8461538461538463,2.0,1.0,0.408248290463863,13,-0.3095238095238093
116,2382,I am okay right now . I don ' t have anything mentally overwhelming happening to me right now . I ' m still in a mental state of focus . I get really focused on getting tasks done . I ' m also a little hungry right now because I ' m another to have some food . That ' s it right now .,2024-08-13 22:02:47,7,False,3.0,2.0,-1.0,0.0,66,0,0.5849,0.107,0.0,3.3181818181818183,7,0,1,22,1,2024-08-08 17:05:37,5,2.9285714285714284,1.8571428571428572,2.0,2.0,0.47463114654932337,14,-0.4285714285714284
116,2383,"Calm , Purposeful , Okay , Smooth , Alright",2024-08-14 12:07:23,7,True,2.0,2.0,1.0,0.0,9,1,0.6369,0.756,0.0,3.888888888888889,0,0,0,12,2,2024-08-08 17:05:37,5,2.933333333333333,1.8666666666666667,3.0,2.0,0.4577377082170634,15,-0.3928571428571428
116,2384,"Today , I ' m feeling alright . Nothing is really bringing me down right now . I think I ' m in a good place . I was able to get some tasks done today with no problem . You can really see things change in the middle of the month .",2024-08-14 17:01:10,7,False,3.0,2.0,-1.0,0.0,53,0,0.128,0.144,0.111,3.358490566037736,5,0,2,17,2,2024-08-08 17:05:37,5,2.875,1.875,2.0,2.0,0.5,16,-0.5
116,2385,"Right now , my mood is neutral . Nothing too crazy is happening . I ' m not angry at all or having an emotional breakdown . I think music really helps me to calm down and be in the moment . It definitely helps to be calm in the evening time .",2024-08-14 22:01:09,7,False,2.0,2.0,1.0,0.0,53,0,0.9471,0.357,0.0,3.5849056603773586,4,0,1,22,2,2024-08-08 17:05:37,6,2.8823529411764706,1.8823529411764706,3.0,2.0,0.48507125007266594,17,-0.4583333333333335
116,2386,"Well , Calm , Waiting , Alert , Not tired",2024-08-15 12:13:37,7,True,3.0,2.0,0.0,0.0,10,1,0.7909,0.818,0.0,3.2,0,0,0,12,3,2024-08-08 17:05:37,6,2.8333333333333335,1.8888888888888888,2.0,2.0,0.5144957554275266,18,-0.5555555555555558
119,2472,"As of right now , I’m feeling exhausted from not sleeping enough last night . My mind feels foggy , and I’m struggling to stay focused on tasks . I’m hoping to get some rest soon so I can recharge and feel more productive .",2024-10-16 12:34:18,7,False,1.0,1.0,1.0,1.0,45,0,0.1531,0.149,0.115,3.977777777777778,2,0,1,12,2,2024-10-16 12:34:18,0,2.0,1.0,2.0,1.0,0.0,0,0.0
119,2473,"I ' m really hungry since I barely ate while traveling . Also feeling rushed because the events I need to handle aren ' t done yet , and it ' s adding to my stress . Need to refuel and focus on finishing things up .",2024-10-16 22:01:04,7,False,2.0,2.0,-2.0,-1.0,47,0,-0.3182,0.041,0.077,3.595744680851064,4,0,1,22,2,2024-10-16 12:34:18,0,1.0,1.0,1.0,1.0,0.0,1,0.0
119,2474,"Sleepy , Exhausted , Cold , Hungry , Thirsty",2024-10-17 17:26:52,7,True,0.0,1.0,2.0,1.0,9,1,-0.3612,0.0,0.385,4.0,0,0,0,17,3,2024-10-16 12:34:18,1,1.5,1.5,2.0,2.0,0.7071067811865476,2,1.0
119,2475,"As of right now , I feel tired . I didn’t sleep much last night and I don’t feel hungry this early in the morning . It wasn’t as cold as it was yesterday but , it’s cold nonetheless and I didn’t have practice and things to do .",2024-10-18 12:12:18,7,False,2.0,2.0,0.0,1.0,49,0,-0.2382,0.0,0.048,3.6530612244897958,4,0,0,12,4,2024-10-16 12:34:18,1,1.0,1.3333333333333333,0.0,1.0,1.0,3,0.0
119,2476,"Happy , Hot , Thirsty , Hungry , Excited",2024-10-18 17:01:19,7,True,2.0,3.0,2.0,0.0,9,1,0.7269,0.67,0.0,3.5555555555555554,0,0,0,17,4,2024-10-16 12:34:18,2,1.25,1.5,2.0,2.0,0.9574271077563381,4,-0.5
119,2477,"I’m feeling incredibly comfortable and happy right now . After the stress of the last few days , it ' s such a relief to have this moment to unwind . I received some beautiful flowers , which made my day so much brighter . There’s something about flowers that brings a calmness to the room , and it feels good to just be surrounded by something so simple yet cheerful .",2024-10-18 22:57:15,7,False,4.0,3.0,0.0,0.0,72,0,0.9764,0.349,0.035,4.138888888888889,2,0,2,22,4,2024-10-16 12:34:18,2,1.4,1.8,2.0,3.0,0.8944271909999159,5,-0.16666666666666674
120,2485,"tired , anticipatory , scattered , calm , neutral",2024-11-02 17:01:21,7,True,0.0,1.0,4.0,0.0,9,1,-0.1531,0.28,0.354,4.555555555555555,0,0,0,17,5,2024-11-02 17:01:21,0,2.0,1.0,2.0,1.0,0.0,0,0.0
120,2486,I ' m feeling content and happy having spent the day with my family including members I haven ' t seen in a while . I am also feeling energetic & engaged after a day of physical activity and outdoor time .,2024-11-02 22:01:24,7,False,4.0,1.0,0.0,1.0,42,0,0.8834,0.33,0.0,3.9047619047619047,4,0,0,22,5,2024-11-02 17:01:21,0,0.0,1.0,0.0,1.0,0.0,1,0.0
120,2487,"happy , lively , enthusiastic , energetic , ready",2024-11-03 12:17:07,7,True,4.0,2.0,-2.0,1.0,9,1,0.9349,1.0,0.0,4.555555555555555,0,0,0,12,6,2024-11-02 17:01:21,0,2.0,1.0,4.0,1.0,2.8284271247461903,2,4.0
120,2488,"active , energized , hyper , focused , enthused",2024-11-03 17:16:20,7,True,2.0,3.0,-2.0,-2.0,9,1,0.891,0.921,0.0,4.333333333333333,0,0,0,17,6,2024-11-02 17:01:21,1,2.6666666666666665,1.3333333333333333,4.0,2.0,2.3094010767585034,3,4.0
120,2489,"tired , exhausted , content , full , lethargic",2024-11-03 22:01:24,7,True,0.0,1.0,1.0,0.0,9,1,-0.765,0.0,0.792,4.222222222222222,0,0,0,22,6,2024-11-02 17:01:21,1,2.5,1.75,2.0,3.0,1.9148542155126762,4,1.0
120,2502,"tired , sluggish , determined , ready , thoughtful",2024-11-04 12:52:02,7,True,1.0,1.0,1.0,1.0,9,1,0.2263,0.573,0.427,4.666666666666667,0,0,0,12,0,2024-11-02 17:01:21,1,2.0,1.6,0.0,1.0,2.0,5,0.0
120,2503,I am currently feeling neutral as I am engaged with many items at work today with which require my full focus and concentration .   I am also relatively relaxed as most of the work has been completed and deadlines will be met .,2024-11-04 17:08:15,7,False,2.0,2.0,2.0,-1.0,43,0,0.7506,0.175,0.0,4.255813953488372,4,0,0,17,0,2024-11-02 17:01:21,2,1.8333333333333333,1.5,1.0,1.0,1.8348478592697182,6,-1.6666666666666665
120,2504,"I am currently feeling satisfied because I have completed all of my work without needing to put in overtime , relaxed as I have no more pressing concerns for the remainder of today and happy to wind down .",2024-11-04 22:12:01,7,False,4.0,1.0,-4.0,0.0,39,0,0.8402,0.264,0.052,4.282051282051282,4,0,0,22,0,2024-11-02 17:01:21,2,1.8571428571428572,1.5714285714285714,2.0,2.0,1.6761634196950514,7,-1.4166666666666665
120,2505,I am feeling mentally tired and sluggish since I did not get a lot of sleep last night . I am also feeling annoyed because I have unexpected work given to me that I need to finish in a short amount of time today .,2024-11-05 12:17:38,7,False,0.0,1.0,2.0,2.0,45,0,-0.7351,0.071,0.194,3.7555555555555555,6,0,0,12,1,2024-11-02 17:01:21,2,2.125,1.5,4.0,1.0,1.7268882005337975,8,-0.75
120,2506,"active , content , engaged , focused , energetic",2024-11-05 17:33:09,7,True,2.0,3.0,2.0,-1.0,9,1,0.872,0.916,0.0,4.444444444444445,0,0,0,17,1,2024-11-02 17:01:21,3,1.8888888888888888,1.4444444444444444,0.0,1.0,1.7638342073763937,9,-1.1
120,2507,"happy , accomplished , content , energized , eager",2024-11-06 17:27:56,7,True,4.0,2.0,-4.0,-1.0,9,1,0.9081,0.925,0.0,4.666666666666667,0,0,0,17,2,2024-11-02 17:01:21,4,1.9,1.6,2.0,3.0,1.66332999331662,10,-0.19999999999999996
120,2508,I ' m feeling tired and lethargic after a long day at work . I ' m feeling curious about what to eat for dinner . I ' m feeling shocked at how early it became dark today and surprised by how much it affects my mood .,2024-11-06 22:05:35,7,False,0.0,1.0,0.0,0.0,48,0,-0.1779,0.202,0.172,3.5208333333333335,4,0,0,22,2,2024-11-02 17:01:21,4,2.090909090909091,1.6363636363636365,4.0,2.0,1.7002673586554236,11,0.16666666666666652
120,2509,"sluggish , tired , worried , reflective , curious",2024-11-07 12:27:31,7,True,0.0,1.0,0.0,0.0,9,1,-0.6705,0.207,0.703,4.555555555555555,0,0,0,12,3,2024-11-02 17:01:21,4,1.9166666666666667,1.5833333333333333,0.0,1.0,1.729862492345632,12,0.16666666666666674
121,2528,I’m feeling tired . Didn’t sleep good last night . Hungry too because I didn’t have breakfast yet . But I’m excited to watch college football today . Might take a nap soon . Going to birthday party later so excited for that .,2024-11-09 12:01:52,7,False,1.0,1.0,0.0,0.0,44,0,0.875,0.288,0.043,4.136363636363637,1,0,1,12,5,2024-11-09 12:01:52,0,2.0,1.0,2.0,1.0,0.0,0,0.0
121,2529,"Tired , Sick , Calm , Content , Unwell",2024-11-09 17:02:01,7,True,1.0,1.0,-1.0,0.0,9,1,-0.5994,0.219,0.59,3.3333333333333335,0,0,0,17,5,2024-11-09 12:01:52,0,1.0,1.0,1.0,1.0,0.0,1,0.0
121,2530,I am currently sick . I think I have the flu . I have chills and I’m sweating . I stayed in bed all day and I don’t feel good . I didn’t eat a lot today . I only had peanut butter and jelly and some oatmeal,2024-11-09 22:05:58,7,False,0.0,1.0,2.0,1.0,48,0,-0.4588,0.073,0.148,3.3125,8,0,0,22,5,2024-11-09 12:01:52,0,1.0,1.0,1.0,1.0,0.0,2,0.0
121,2531,"Hot , Content , Calm , Sick , Unwell",2024-11-10 12:01:47,7,True,2.0,2.0,-1.0,-1.0,9,1,-0.25,0.267,0.384,3.111111111111111,0,0,0,12,6,2024-11-09 12:01:52,0,0.6666666666666666,1.0,0.0,1.0,0.5773502691896258,3,-0.5
121,2532,"Tired , Calm , Content , Sick , Sleepy",2024-11-10 17:05:46,7,True,1.0,1.0,1.0,1.0,9,1,-0.5994,0.219,0.59,3.3333333333333335,0,0,0,17,6,2024-11-09 12:01:52,1,1.0,1.25,2.0,2.0,0.816496580927726,4,0.0
121,2533,I am feeling better . Originally was sick but am feeling better . Not as hot anymore . Have school tomorrow but I am not going . Don’t have practice but have lift but missing that too . Feel happier because I am feeling better .,2024-11-10 22:03:50,7,False,2.0,2.0,1.0,0.0,46,0,0.9194,0.366,0.095,3.9782608695652173,3,0,0,22,6,2024-11-09 12:01:52,1,1.0,1.2,1.0,1.0,0.7071067811865476,5,0.0
121,2534,"Calm , Content , Somewhat happy , Tired , Sleepy",2024-11-11 12:02:12,7,True,3.0,2.0,0.0,0.0,10,1,0.4741,0.504,0.231,3.9,0,0,0,12,0,2024-11-09 12:01:52,2,1.1666666666666667,1.3333333333333333,2.0,2.0,0.752772652709081,6,1.0
121,2535,I’m feeling a little happier . My medicine is working and I am feeling better . I took a nap so I’m not as tired . I didn’t sleep as good last night . I just cleaned my car so I’m happy that it’s clean . I am going back to school tomorrow and I’m excited about that .,2024-11-11 17:01:37,7,False,3.0,2.0,-1.0,-1.0,59,0,0.9656,0.387,0.0,3.542372881355932,7,0,2,17,0,2024-11-09 12:01:52,2,1.4285714285714286,1.4285714285714286,3.0,2.0,0.9759000729485331,7,1.3333333333333335
121,2536,The medicine is wearing off . I’m starting to feel sick again . I’m still happy and excited to go back to school tomorrow . I’m going to take the medicine again . Hopefully I sleep better tonight because last night I didn’t sleep too good I took another nap before dinner now I’m just watching a new TV show before Football starts . Feeling happy .,2024-11-11 22:07:15,7,False,2.0,1.0,0.0,1.0,67,0,0.9382,0.275,0.046,4.208955223880597,3,0,0,22,0,2024-11-09 12:01:52,2,1.625,1.5,3.0,2.0,1.0606601717798212,8,1.25
121,2538,Feeling not happy but not sad . I slept a lot better last night . still have fever and still feel sick . going back to school today I don’t know about tomorrow yet . Just been watching TV laying on bed past few days .,2024-11-12 12:15:54,7,False,2.0,2.0,0.0,0.0,46,0,0.2458,0.176,0.135,3.739130434782609,2,0,0,12,1,2024-11-09 12:01:52,3,1.6666666666666667,1.4444444444444444,2.0,1.0,1.0,9,1.2000000000000002
121,2539,I’m feeling pretty good . Not happy or sad . Medicine kicked in and I feel better . Will probably feel sick again once the medicine wears off . Not going back to school today I don’t know about tomorrow yet . I’ve just been watching TV in my bed all day .,2024-11-12 17:21:38,7,False,2.0,2.0,1.0,0.0,53,0,0.6962,0.228,0.11,3.830188679245283,3,0,0,17,1,2024-11-09 12:01:52,3,1.7,1.5,2.0,2.0,0.9486832980505138,10,1.4
121,2540,"Calm , Content , Somewhat happy , Neutral , Little bored",2024-11-12 22:36:23,7,True,3.0,2.0,0.0,0.0,11,1,0.5994,0.496,0.157,4.181818181818182,0,0,0,22,1,2024-11-09 12:01:52,3,1.7272727272727273,1.5454545454545454,2.0,2.0,0.9045340337332908,11,1.3333333333333335
121,2541,"Healthy , Calm , Happy , Content , Excited",2024-11-13 12:01:44,7,True,3.0,2.0,0.0,0.0,9,1,0.8779,0.917,0.0,3.7777777777777777,0,0,0,12,2,2024-11-09 12:01:52,3,1.8333333333333333,1.5833333333333333,3.0,2.0,0.9374368665610922,12,1.3333333333333333
121,2542,"Calm , Happy , Content , Neutral , Healthy",2024-11-13 22:02:02,7,True,3.0,2.0,0.0,0.0,9,1,0.8271,0.813,0.0,3.7777777777777777,0,0,0,22,2,2024-11-09 12:01:52,4,1.9230769230769231,1.6153846153846154,3.0,2.0,0.9540735874430285,13,1.4047619047619049
121,2543,"Feeling not as sick anymore , the medicine is really working . I am doing some work that I missed this week . I am going away this weekend on a little getaway . Excited and happy about that . I like my new TV show . I’m watching .",2024-11-14 12:10:21,7,False,3.0,2.0,-2.0,-1.0,50,0,0.8528,0.268,0.047,3.62,5,0,1,12,3,2024-11-09 12:01:52,5,2.0,1.6428571428571428,3.0,2.0,0.9607689228305228,14,1.142857142857143
121,2544,"Kind of tired . Might take a nap . Good football game on tonight . Excited to watch that . Then hockey is on so happy to watch that . Caught up on work this morning from this week of school that I missed . Felt happy I started doing stuff again , related to school .",2024-11-14 17:53:50,7,False,1.0,1.0,2.0,1.0,57,0,0.8929,0.247,0.085,3.6842105263157894,2,0,1,17,3,2024-11-09 12:01:52,5,2.066666666666667,1.6666666666666667,3.0,2.0,0.9611501047232549,15,1.1964285714285714
121,2545,"Happy , Calm , Content , Neutral , Healthy",2024-11-14 22:05:44,7,True,3.0,2.0,0.0,0.0,9,1,0.8271,0.813,0.0,3.7777777777777777,0,0,0,22,3,2024-11-09 12:01:52,5,2.0,1.625,1.0,1.0,0.9660917830792959,16,0.75
121,2546,I Slept very good last night . Going on a little getaway with my family this weekend so I’m excited about that . Watch football and hockey last night and my team won finishing up one of the seasons of my show and I’m happy about that .,2024-11-15 12:01:41,7,False,3.0,2.0,0.0,0.0,48,0,0.9227,0.254,0.0,3.9166666666666665,4,0,2,12,4,2024-11-09 12:01:52,5,2.0588235294117645,1.6470588235294117,3.0,2.0,0.9663454503498037,17,0.8194444444444446
121,2547,"Healthy , Calm , Content , Happy , Neutral",2024-11-15 17:03:12,7,True,3.0,2.0,0.0,0.0,9,1,0.8271,0.813,0.0,3.7777777777777777,0,0,0,17,4,2024-11-09 12:01:52,6,2.111111111111111,1.6666666666666667,3.0,2.0,0.9633818428657449,18,0.8888888888888886
122,2587,I am feeling stressed because of a few large projects at work that I feel I am behind on . I also did not get enough sleep last night . Looking forward to the weekend so I can catch up on sleep and maybe even do something fun,2024-08-29 12:02:11,7,False,3.0,1.0,-1.0,1.0,48,0,0.34,0.109,0.054,3.7083333333333335,5,0,1,12,3,2024-08-29 12:02:11,0,2.0,1.0,2.0,1.0,0.0,0,0.0
122,2589,"Stressed , Tired , Worried , Exhausted , Thankful",2024-08-29 17:05:37,7,True,2.0,2.0,1.0,0.0,9,1,-0.6486,0.27,0.73,4.555555555555555,0,0,0,17,3,2024-08-29 12:02:11,0,3.0,1.0,3.0,1.0,0.0,1,0.0
122,2590,I am glad to be done with work but I am feeling very tired . Definitely looking forward to the upcoming long weekend . Not feeling particularly happy or sad at the moment . I plan to go to sleep pretty early,2024-08-29 22:11:33,7,False,3.0,2.0,-2.0,-1.0,42,0,-0.3377,0.251,0.24,3.9523809523809526,3,0,1,22,3,2024-08-29 12:02:11,0,2.5,1.5,2.0,2.0,0.7071067811865476,2,-1.0
122,2591,"I am feeling good because it is Friday , and the workday always ends a bit earlier on a holiday weekend vs . a normal week . I will mostly just be relaxing this weekend but am hoping to get some nice bike rides in . The weather looks like it will be good as well .",2024-08-30 12:05:43,7,False,1.0,1.0,2.0,1.0,57,0,0.9694,0.39,0.0,3.6491228070175437,2,0,0,12,4,2024-08-29 12:02:11,1,2.6666666666666665,1.6666666666666667,3.0,2.0,0.5773502691896258,3,-0.5
122,2592,"Hapoy , Content , Joyful , Relaxed , Okay",2024-08-31 22:03:28,7,True,3.0,2.0,0.0,0.0,9,1,0.8402,0.818,0.0,3.6666666666666665,0,0,0,22,5,2024-08-29 12:02:11,2,2.25,1.5,1.0,1.0,0.9574271077563381,4,-0.5
122,2593,"Calm , Content , Joyful , Glad , Happy",2024-09-02 17:03:56,7,True,3.0,2.0,-1.0,0.0,9,1,0.9169,0.928,0.0,3.3333333333333335,0,0,0,17,0,2024-08-29 12:02:11,4,2.4,1.6,3.0,2.0,0.8944271909999159,5,-0.16666666666666652
122,2594,"Content , Tired , Sleepy , Happy , Wondering",2024-09-02 22:30:57,7,True,2.0,2.0,0.0,0.0,9,1,0.2023,0.385,0.302,4.0,0,0,0,22,0,2024-08-29 12:02:11,4,2.5,1.6666666666666667,3.0,2.0,0.8366600265340756,6,-0.33333333333333304
122,2595,"I am feeling okay right now . I am at work and things are a little slow because it is the first day back at work after a long three-day holiday weekend for Labor Day . So luckily it is not too stressful , but I am still wishing it was the weekend again .",2024-09-03 12:00:54,7,False,2.0,2.0,0.0,0.0,55,0,0.7934,0.216,0.0,3.6363636363636362,3,0,1,12,1,2024-08-29 12:02:11,4,2.4285714285714284,1.7142857142857142,2.0,2.0,0.7867957924694432,7,-0.4166666666666665
122,2596,"Calm , Bored , Daydreaming , Tired , Hopeful",2024-09-03 17:20:20,7,True,2.0,2.0,1.0,0.0,9,1,0.1531,0.483,0.431,4.0,0,0,0,17,1,2024-08-29 12:02:11,5,2.375,1.75,2.0,2.0,0.7440238091428449,8,0.25
122,2597,"I am feeling relaxed right now because it is Tuesday night and work was not all that stressful today . I think because today was the first day back after the long holiday weekend for Labor Day , people were mostly heads down doing their own work .",2024-09-03 22:52:17,7,False,3.0,2.0,-2.0,1.0,48,0,0.8443,0.206,0.0,4.166666666666667,2,0,0,22,1,2024-08-29 12:02:11,5,2.3333333333333335,1.7777777777777777,2.0,2.0,0.7071067811865475,9,0.1499999999999999
122,2598,Today has been a busy day at work thus far . I have had a few meetings and have been getting a lot of requests from stakeholders . Therefore I am feeling a moderate level of stress currently . I am also a little tired because I did not sleep all that well .,2024-09-04 12:07:42,7,False,1.0,3.0,1.0,-1.0,54,0,-0.4228,0.078,0.118,3.7777777777777777,4,0,0,12,2,2024-08-29 12:02:11,6,2.4,1.8,3.0,2.0,0.6992058987801011,10,0.0
122,2600,"I am feeling neutral at the moment . The work day is almost over since it is nearly 4 : 00PM , and the day was moderately stressful . I am hoping for a relaxing evening . I might even go to a local run club at a running store for a group workout .",2024-09-04 17:45:50,7,False,2.0,2.0,0.0,0.0,55,0,0.4939,0.157,0.069,3.5090909090909093,3,0,0,17,2,2024-08-29 12:02:11,6,2.272727272727273,1.9090909090909092,1.0,3.0,0.7862453931068966,11,-0.2333333333333334
124,2627,"I just woke up after sleeping in late . I feel kind of tired since I went to bed later than I normally do . I don’t like staying up too late because then I sleep in late which makes my sleep schedule complicated . I also was tossing and turning during my sleep which made it less restful than I would like . Once I get outside , exercise , or drink some coffee . I think I will feel a lot better .",2024-10-31 12:01:26,7,False,1.0,1.0,2.0,2.0,85,0,0.7108,0.138,0.044,3.6823529411764704,13,0,0,12,3,2024-10-31 12:01:26,0,2.0,1.0,2.0,1.0,0.0,0,0.0
124,2628,Currently I am feeling very excited because I am about to leave to go to a Halloween party . I am doing my hair and makeup to dress up as PERSON  from the movie Almost Famous . That’s a movie my dad and I really like so it means a lot to me that I am dressing up as her . It’s making me feel happy .,2024-10-31 17:17:26,7,False,3.0,3.0,0.0,-1.0,67,0,0.9039,0.211,0.019,3.462686567164179,9,0,3,17,3,2024-10-31 12:01:26,0,1.0,1.0,1.0,1.0,0.0,1,0.0
124,2629,Right now I am happy because I am with friends for Halloween . Halloween is a nostalgic holiday for me so today made me pretty happy . I’m also really tired so I’m looking forward to going home soon . But overall I am feeling pretty happy and content .,2024-10-31 22:00:53,7,False,3.0,2.0,-1.0,1.0,50,0,0.9565,0.383,0.037,4.06,5,0,3,22,3,2024-10-31 12:01:26,0,2.0,2.0,3.0,3.0,1.4142135623730951,2,2.0
124,2630,"Tired , Sad , Depressed , Annoyed , Irritated",2024-11-01 12:50:52,7,True,2.0,3.0,1.0,0.0,9,1,-0.9313,0.0,1.0,4.111111111111111,0,0,0,12,4,2024-10-31 12:01:26,1,2.3333333333333335,2.0,3.0,2.0,1.1547005383792515,3,2.0
124,2631,"Excited , Tired , Hungry , Happy , Love",2024-11-01 17:05:20,7,True,3.0,3.0,-1.0,-1.0,9,1,0.8126,0.725,0.204,3.4444444444444446,0,0,0,17,4,2024-10-31 12:01:26,1,2.25,2.25,2.0,3.0,0.9574271077563381,4,0.5
124,2633,"Right now I’m feeling ok . I just finished dinner with a Friend that I haven’t seen in a long time so it was nice to catch up with her . However , I am a little sad because I felt there was nothing positive I could share about my life at the current moment .",2024-11-01 22:47:38,7,False,2.0,2.0,1.0,0.0,56,0,0.328,0.183,0.14,3.625,6,0,1,22,4,2024-10-31 12:01:26,1,2.4,2.4,3.0,3.0,0.8944271909999159,5,0.6666666666666665
124,2634,"Awake , Excited , Happy , Tired , Hopeful",2024-11-02 12:00:59,7,True,3.0,2.0,0.0,1.0,9,1,0.7579,0.707,0.218,3.6666666666666665,0,0,0,12,5,2024-10-31 12:01:26,1,2.3333333333333335,2.3333333333333335,2.0,2.0,0.816496580927726,6,0.0
124,2635,I am excited because I am on my way to a Halloween party . I get to see some friends that I haven’t seen in a long time so I am happy about that . I also feel a little tired but that’s ok . I feel somewhat lively because I am about to see my friends at the party .,2024-11-02 22:01:22,7,False,3.0,3.0,-1.0,-1.0,61,0,0.9595,0.362,0.03,3.3442622950819674,10,0,1,22,5,2024-10-31 12:01:26,2,2.4285714285714284,2.2857142857142856,3.0,2.0,0.7867957924694432,7,0.16666666666666652
124,2636,"Neutral , Tired , Melancholy , Tired , Sad",2024-11-03 12:01:28,7,True,2.0,2.0,-1.0,0.0,9,1,-0.8957,0.0,0.922,3.7777777777777777,0,0,0,12,6,2024-10-31 12:01:26,3,2.5,2.375,3.0,3.0,0.7559289460184544,8,0.5
124,2637,"Sad , Annoyed , Disappointed , Lonely , Hungry",2024-11-03 17:01:12,7,True,1.0,2.0,-1.0,0.0,9,1,-0.8834,0.0,0.919,4.222222222222222,0,0,0,17,6,2024-10-31 12:01:26,3,2.4444444444444446,2.3333333333333335,2.0,2.0,0.7264831572567788,9,0.3500000000000001
124,2638,"Sad , Depressed , Lonely , Melancholy , Tired",2024-11-03 22:21:05,7,True,0.0,2.0,1.0,0.0,9,1,-0.9287,0.0,1.0,4.111111111111111,0,0,0,22,6,2024-10-31 12:01:26,3,2.3,2.3,1.0,2.0,0.8232726023485646,10,-0.19999999999999973
124,2639,"Sad , Tired , Worried , Sad , Tired",2024-11-04 12:12:01,7,True,1.0,2.0,0.0,0.0,9,1,-0.9217,0.0,1.0,3.0,0,0,0,12,0,2024-10-31 12:01:26,4,2.090909090909091,2.272727272727273,0.0,2.0,1.044465935734187,11,-0.5666666666666667
124,2640,"Sad , Tired , Sluggish , Worried , Sad",2024-11-04 17:05:06,7,True,1.0,2.0,1.0,0.0,9,1,-0.9186,0.0,1.0,3.3333333333333335,0,0,0,17,0,2024-10-31 12:01:26,4,2.0,2.25,1.0,2.0,1.044465935734187,12,-0.6666666666666667
124,2641,Honestly right now I just feel kind of numb . I’m kind of sad because I miss my dad and my brother . I’m also sad because my brother hasn’t really been talking to me . I want to see them soon but it’s been hard to keep hope . I also feel a little bit emotionally drained .,2024-11-04 22:01:04,7,False,2.0,2.0,1.0,1.0,59,0,-0.4577,0.119,0.203,3.6271186440677967,8,0,1,22,0,2024-10-31 12:01:26,4,1.9230769230769231,2.230769230769231,1.0,2.0,1.0377490433255416,13,-0.7619047619047621
124,2642,"Awake , Alive , Energized , Happy , Alive",2024-11-05 12:27:43,7,True,3.0,3.0,-1.0,-1.0,9,1,0.9042,0.924,0.0,3.6666666666666665,0,0,0,12,1,2024-10-31 12:01:26,5,1.9285714285714286,2.2142857142857144,2.0,2.0,0.9972489631508746,14,-0.9999999999999998
124,2644,"I am feeling ok . I just finished acupuncture which was very relaxing and also made me want to go back to bed . I am slightly happy because I got to speak to my dad today , I miss him very much . I am also looking forward to the dinner I am going to cook tonight .",2024-11-05 17:05:00,7,False,2.0,2.0,0.0,0.0,59,0,0.8519,0.218,0.029,3.4915254237288136,9,0,2,17,1,2024-10-31 12:01:26,5,2.0,2.2666666666666666,3.0,3.0,1.0,15,-0.8035714285714284
124,2645,"Tired , Ok , Excited , Neutral , Sleepy",2024-11-05 22:01:13,7,True,2.0,2.0,0.0,0.0,9,1,0.1779,0.484,0.305,3.4444444444444446,0,0,0,22,1,2024-10-31 12:01:26,5,2.0,2.25,2.0,2.0,0.9660917830792959,16,-1.0
124,2646,"Right now I am feeling ok . I have to commute today which is slightly annoying , however I am happy because I found a free parking spot . I am a little tired because I stayed up late watching the election though .",2024-11-06 12:12:13,7,False,2.0,2.0,-2.0,0.0,44,0,0.6894,0.257,0.12,3.8636363636363638,6,0,0,12,2,2024-10-31 12:01:26,6,2.0,2.235294117647059,2.0,2.0,0.9354143466934853,17,-0.9444444444444444
124,2647,Right now I am feeling extremely irate . I can’t even process how I am feeling . I hate commuting with a passion and I cannot stand the people I work with . They are evil . I can’t wait until I do not work there anymore and don’t have to commute anymore .,2024-11-06 17:01:24,7,False,0.0,2.0,1.0,0.0,54,0,-0.8516,0.115,0.235,3.740740740740741,8,0,1,17,2,2024-10-31 12:01:26,6,2.0,2.2222222222222223,2.0,2.0,0.9074852129730301,18,-0.8888888888888891
124,2648,"Sad , Tired , Anxious , Exhausted , Worried",2024-11-06 22:07:39,7,True,1.0,2.0,2.0,0.0,9,1,-0.8934,0.0,1.0,3.888888888888889,0,0,0,22,2,2024-10-31 12:01:26,6,1.894736842105263,2.210526315789474,0.0,2.0,0.9941348467724344,19,-1.0444444444444447
124,2649,I am feeling slightly happy because I had a good dream and woke up early . Even though I don’t like waking up early it definitely sets a better pace for my day . I decided to go to bed early and wake up early to do my work . Currently doing my work on the train .,2024-11-07 12:30:34,7,False,3.0,2.0,-2.0,0.0,58,0,0.9424,0.304,0.0,3.5517241379310347,7,0,0,12,3,2024-10-31 12:01:26,7,1.85,2.2,1.0,2.0,0.9880869341680844,20,-0.8999999999999999
124,2650,"Currently , I’m feeling extremely tired , exhausted , and emotionally drained . I had a really long day with my commute and woke up too early which is the reason why I’m tired . Additionally I am sad because I had an issue with my advisor .",2024-11-07 22:26:29,7,False,1.0,2.0,0.0,0.0,48,0,-0.9226,0.031,0.306,4.020833333333333,5,0,2,22,3,2024-10-31 12:01:26,7,1.9047619047619047,2.1904761904761907,3.0,2.0,0.9952267030562385,21,-0.7545454545454544
124,2651,"Energized , Open , Sad , Stressed , Ok",2024-11-08 12:27:27,7,True,1.0,2.0,1.0,0.0,9,1,-0.0,0.458,0.458,3.3333333333333335,0,0,0,12,4,2024-10-31 12:01:26,8,1.8636363636363635,2.1818181818181817,1.0,2.0,0.9902118361842988,22,-0.45454545454545436
124,2652,I’m feeling ok . I am a little tired but I am happy that it is Friday . I am also happy because I get to see my best friend for dinner tonight . I’m excited to try some new food that I’ve been seeing on my social media .,2024-11-08 17:38:55,7,False,2.0,2.0,1.0,0.0,50,0,0.9784,0.429,0.03,3.42,6,0,0,17,4,2024-10-31 12:01:26,8,1.826086956521739,2.1739130434782608,1.0,2.0,0.9840627249521833,23,-0.5075757575757576
124,2653,"Happy , Full , Alive , Happy , Peace",2024-11-08 22:41:39,7,True,3.0,2.0,-1.0,0.0,9,1,0.926,0.931,0.0,3.111111111111111,0,0,0,22,4,2024-10-31 12:01:26,8,1.8333333333333333,2.1666666666666665,2.0,2.0,0.9630868246861536,24,-0.33333333333333326
124,2656,"Tired , Neutral , Sad , Neutral , Lonely",2024-11-09 12:20:12,7,True,2.0,2.0,0.0,0.0,9,1,-0.8176,0.0,0.81,3.5555555555555554,0,0,0,12,5,2024-10-31 12:01:26,9,1.88,2.16,3.0,2.0,0.971253485622231,25,-0.23076923076923084
124,2657,Right now I feel sort of happy and sort of sad so I guess I have mixed emotions . I just talked to my dad on the phone for the longest amount of time in a while . It was nice to hear his voice and talk to him . We both miss each other so much .,2024-11-09 17:20:55,7,False,2.0,2.0,0.0,0.0,58,0,0.2991,0.11,0.089,3.2241379310344827,5,0,2,17,5,2024-10-31 12:01:26,9,1.8846153846153846,2.1538461538461537,2.0,2.0,0.9519211344191526,26,-0.07692307692307687
124,2658,"Right now I feel a little bit tired and that’s why I’m only feeling neutral . However I am chopping with my brother which is something that makes me happy . I was also feeling kind of depressed when I was sitting at my house , but I’m glad that I finally got out .",2024-11-09 22:20:08,7,False,2.0,2.0,0.0,0.0,55,0,0.5979,0.171,0.076,3.8181818181818183,8,0,0,22,5,2024-10-31 12:01:26,9,1.8888888888888888,2.1481481481481484,2.0,2.0,0.9336995618478525,27,-0.06593406593406592
124,2659,I am feeling ok because I want to start my day off on the right foot . I want to go for a run which I think will make me happy . I’m just slightly tired so I am having a little bit of trouble getting my day started . I’m hopeful that today can be a good day .,2024-11-10 12:03:48,7,False,2.0,2.0,0.0,0.0,60,0,0.8464,0.269,0.084,3.3333333333333335,8,0,1,12,6,2024-10-31 12:01:26,10,1.8928571428571428,2.142857142857143,2.0,2.0,0.9164862737363229,28,-0.0714285714285714
124,2660,"Neutral , Tired , Melancholy , Overwhelmed , Ok",2024-11-10 17:03:03,7,True,2.0,2.0,0.0,0.0,9,1,-0.5267,0.333,0.569,4.333333333333333,0,0,0,17,6,2024-10-31 12:01:26,10,1.896551724137931,2.1379310344827585,2.0,2.0,0.9001915504970078,29,-0.06190476190476191
124,2661,"Ok , Neutral , Melancholy , Tired , Sleepy",2024-11-10 22:08:15,7,True,2.0,2.0,-2.0,-1.0,9,1,-0.5574,0.22,0.58,3.7777777777777777,0,0,0,22,6,2024-10-31 12:01:26,10,1.9,2.1333333333333333,2.0,2.0,0.8847364696279086,30,-0.19999999999999996
124,2662,This morning I am feeling really tired . I am also feeling extremely annoyed because I have to commute today . That seems to be a point of contention for me . I also am annoyed because I haven’t heard from my dad or brother and that really bothers me .,2024-11-11 12:14:50,7,False,0.0,1.0,2.0,1.0,51,0,-0.8431,0.061,0.226,3.9607843137254903,8,0,3,12,0,2024-10-31 12:01:26,11,1.903225806451613,2.129032258064516,2.0,2.0,0.8700512900466432,31,-0.1875
124,2663,Right now I feel a little bit better than I did last night . I got to talk to my dad which made me feel a lot better . I am also happy because I was able to rearrange my schedule today so that I am free to get a lot of work done tomorrow .,2024-11-11 17:36:48,7,False,2.0,2.0,1.0,0.0,56,0,0.9101,0.238,0.0,3.2857142857142856,9,0,1,17,0,2024-10-31 12:01:26,11,1.84375,2.09375,0.0,1.0,0.9196554403863755,32,-0.3125
124,2664,I am currently feeling happy because I just had dinner with my brother . Before this I had a meeting that went well . I am feeling a little bit nervous because there is work that I need to do tonight and tomorrow but overall I feel good .,2024-11-11 22:03:14,7,False,3.0,2.0,0.0,1.0,49,0,0.7807,0.235,0.032,3.877551020408163,7,0,0,22,0,2024-10-31 12:01:26,11,1.8484848484848484,2.090909090909091,2.0,2.0,0.9055803429711565,33,-0.2941176470588236
124,2665,"Happy , Energized , Understood , Content , Happy",2024-11-12 12:49:35,7,True,3.0,3.0,0.0,-1.0,9,1,0.8934,0.843,0.0,4.444444444444445,0,0,0,12,1,2024-10-31 12:01:26,12,1.8823529411764706,2.088235294117647,3.0,2.0,0.913358964991575,34,-0.23529411764705888
124,2667,Right now I’m feeling pretty happy because I finally went to the library and did some work . This is making me feel pretty productive and it’s a good way to spend my time . I’m also looking forward to the dinner that I’m going to be cooking tonight with my brother .,2024-11-12 17:10:23,7,False,3.0,2.0,1.0,0.0,53,0,0.926,0.252,0.0,4.037735849056604,4,0,0,17,1,2024-10-31 12:01:26,12,1.9142857142857144,2.1142857142857143,3.0,3.0,0.9194444797052752,35,-0.16666666666666674
124,2668,"Happy , Content , Hopeful , Happy , Cheerful",2024-11-12 22:46:04,7,True,4.0,2.0,-1.0,1.0,9,1,0.9349,0.934,0.0,4.0,0,0,0,22,1,2024-10-31 12:01:26,12,1.9444444444444444,2.111111111111111,3.0,2.0,0.9241040276766755,36,-0.11111111111111116
124,2669,I am currently feeling energized because I woke up early to start my morning with a run and a coffee from ORG . This was how I started my day yesterday and it put me in a good mood so I decided to do it again today . I am also happy because I made my train by one minute .,2024-11-13 12:26:01,7,False,3.0,3.0,0.0,-1.0,61,0,0.886,0.202,0.0,3.4754098360655736,10,0,1,12,2,2024-10-31 12:01:26,13,2.0,2.108108108108108,4.0,2.0,0.97182531580755,37,0.0
124,2670,Right now I’m feeling slightly happy because I had a meeting that went well . I’m also happy because I’m on my way home and I will get to see my dog soon . I’m also glad that I started my day off on the right foot .,2024-11-13 17:47:46,7,False,3.0,2.0,-1.0,0.0,48,0,0.9084,0.271,0.0,3.5,6,0,0,17,2,2024-10-31 12:01:26,13,2.026315789473684,2.1315789473684212,3.0,3.0,0.9722318182370926,38,0.26315789473684226
124,2671,"Tired , Neutral , Overwhelmed , Ok , Tired",2024-11-13 22:32:59,7,True,2.0,2.0,0.0,0.0,9,1,-0.5267,0.333,0.569,3.7777777777777777,0,0,0,22,2,2024-10-31 12:01:26,13,2.051282051282051,2.128205128205128,3.0,2.0,0.971941029961179,39,0.3052631578947371
125,2672,"Active , alive , Ready , Prepared , On point",2024-11-14 12:04:16,7,True,2.0,3.0,0.0,-1.0,10,1,0.8271,0.829,0.0,3.5,0,0,0,12,3,2024-11-14 12:04:16,0,2.0,1.0,2.0,1.0,0.0,0,0.0
125,2673,"Feeling neutral is a calm , measured emotion that can mean feeling indifferent , impartial , or unbiased , feeling neutral may not always be adaptive . For example , feeling neutral when speaking to a difficult boss might not help you assert yourself .",2024-11-14 17:43:47,7,False,2.0,2.0,0.0,0.0,45,0,-0.092,0.193,0.178,4.622222222222222,0,0,0,17,3,2024-11-14 12:04:16,0,2.0,3.0,2.0,3.0,0.0,1,0.0
125,2674,"Neutral , Lowkey , No feelings , Down , Just myself",2024-11-15 12:13:06,7,True,2.0,2.0,-1.0,-1.0,11,1,-0.296,0.0,0.268,3.727272727272727,1,0,0,12,4,2024-11-14 12:04:16,1,2.0,2.5,2.0,2.0,0.0,2,0.0
125,2675,"Sluggish , Slow , Dull , Down , Tired",2024-11-15 17:02:33,7,True,1.0,1.0,0.0,0.0,9,1,-0.8074,0.0,0.806,3.2222222222222223,0,0,0,17,4,2024-11-14 12:04:16,1,2.0,2.3333333333333335,2.0,2.0,0.0,3,0.0
125,2676,"Sluggish , Slow , Dull , Down , Sad",2024-11-16 12:06:32,7,True,1.0,1.0,3.0,1.0,9,1,-0.8176,0.0,0.81,3.0,0,0,0,12,5,2024-11-14 12:04:16,2,1.75,2.0,1.0,1.0,0.5,4,-0.5
125,2871,"Happy , Grateful , Excited , Lively , Joyous",2024-11-16 17:01:52,7,True,4.0,2.0,-2.0,1.0,9,1,0.9442,1.0,0.0,4.0,0,0,0,17,5,2024-11-14 12:04:16,2,1.6,1.8,1.0,1.0,0.5477225575051661,5,-0.6666666666666667
125,2872,"Being active can release chemicals in your brain that make you feel good , such as energy , vigor , and joy . It can also help you sleep better , concentrate , and boost your self-esteem This term describes someone who has lots of energy and enthusiasm . It can also refer to a powerful , focused effort to achieve something",2024-11-17 12:26:33,7,False,2.0,3.0,-2.0,-2.0,62,0,0.9823,0.441,0.0,4.241935483870968,0,0,0,12,6,2024-11-14 12:04:16,3,2.0,1.8333333333333333,4.0,2.0,1.0954451150103321,6,0.0
125,2873,"a general state of fatigue that involves a lack of energy and motivation for physical and mental tasks . People may also describe this as “feeling lethargic” . Some simple causes , such as overexertion or not getting enough sleep , can leave a person feeling lethargic .",2024-11-18 12:30:35,7,False,0.0,1.0,2.0,0.0,48,0,-0.1779,0.128,0.165,4.645833333333333,0,0,0,12,0,2024-11-14 12:04:16,4,2.0,2.0,2.0,3.0,1.0,7,0.0
125,2874,"There are many reasons why you might feel off , weird , or empty , including :\ nPhysical needs : You might be tired , sore , or need to eat or drink might be experiencing depression , bipolar disorder , generalized anxiety disorder , or post-traumatic stress disorder",2024-11-18 22:55:38,7,False,2.0,1.0,0.0,2.0,49,0,-0.9735,0.0,0.487,4.489795918367347,0,0,0,22,0,2024-11-14 12:04:16,4,1.75,1.875,0.0,1.0,1.164964745021435,8,0.0
125,2875,"Active , Alive , At alert , On point , Ready",2024-11-19 12:24:17,7,True,2.0,3.0,-2.0,-1.0,11,1,0.8402,0.769,0.0,3.090909090909091,0,0,0,12,1,2024-11-14 12:04:16,5,1.7777777777777777,1.7777777777777777,2.0,1.0,1.0929064207170003,9,0.050000000000000044
125,2876,"Sad , Down , Not happy , Low , Bad",2024-11-19 17:59:11,7,True,0.0,2.0,0.0,-1.0,10,1,-0.3472,0.365,0.478,2.5,0,0,0,17,1,2024-11-14 12:04:16,5,1.8,1.9,2.0,3.0,1.0327955589886444,10,0.3999999999999999
125,2877,"Sluggish , Slow , Tired , Down , Not happy",2024-11-20 12:03:27,7,True,0.0,1.0,4.0,0.0,10,1,-0.8224,0.0,0.741,3.3,0,0,0,12,2,2024-11-14 12:04:16,5,1.6363636363636365,1.9090909090909092,0.0,2.0,1.12006493318265,11,0.06666666666666665
125,2878,"Calm , Cool , Chilled , Lowkey , Calm",2024-11-20 17:13:23,7,True,4.0,1.0,-2.0,2.0,9,1,0.7096,0.775,0.0,3.2222222222222223,0,0,0,17,2,2024-11-14 12:04:16,6,1.5,1.8333333333333333,0.0,1.0,1.1677484162422844,12,-1.0
125,2879,"A neurotransmitter that increases alertness and attention , and can make you feel active and aroused . It ' s released during times of stress or anxiety , and can cause your heart rate to increase , your pupils to dilate , and your senses to heighten",2024-11-21 12:10:18,7,False,2.0,3.0,2.0,-2.0,47,0,0.128,0.112,0.101,4.340425531914893,0,0,0,12,3,2024-11-14 12:04:16,7,1.6923076923076923,1.7692307692307692,4.0,1.0,1.3155870289605438,13,-0.5714285714285714
125,2880,There is nothing good about yourself anymore . You are tired of living . Everyday is just struggle . Fighting the same demon every time . You don’t know what happened to you . everything you cared about is gone . ruined . Turned to shit . Right is all gone .\ nit feels like you are stupid and worthless and never right and you think its not your fault .,2024-11-21 17:18:45,7,False,4.0,1.0,0.0,1.0,71,0,-0.9387,0.093,0.283,4.0,0,0,0,17,3,2024-11-14 12:04:16,7,1.7142857142857142,1.8571428571428572,2.0,3.0,1.2666473875533018,14,-0.5714285714285714
125,2882,"Happy , Exicted , Joyous , Loving , Good",2024-11-22 12:07:37,7,True,4.0,2.0,-2.0,-1.0,9,1,0.9393,0.936,0.0,3.5555555555555554,0,0,0,12,4,2024-11-14 12:04:16,8,1.8666666666666667,1.8,4.0,1.0,1.3557637102737476,15,-0.25
125,2883,"There are many reasons why you might feel ""off "" or ""weird "" from time to time , and it ' s normal to have an ""off "" day . However , if you ' re experiencing feelings of emptiness , numbness , or other symptoms that are lasting more than a day or two , you can try to reflect on what ' s going on and reach out for support",2024-11-22 17:22:06,7,False,2.0,1.0,0.0,0.0,72,0,-0.4404,0.061,0.107,3.486111111111111,0,0,0,17,4,2024-11-14 12:04:16,8,2.0,1.8125,4.0,2.0,1.4142135623730951,16,0.5
125,2884,"If you ' re having trouble identifying or expressing your emotions , you might have alexithymia . This condition makes it difficult to process emotions , and people with alexithymia may not be able to label or describe their emotions . Alexithymia can occur with certain conditions , such as depression , neurological conditions , and brain injury",2024-11-23 12:03:07,7,False,2.0,1.0,-2.0,0.0,58,0,-0.8625,0.036,0.199,5.0,0,0,0,12,5,2024-11-14 12:04:16,8,2.0,1.7647058823529411,2.0,1.0,1.3693063937629153,17,0.4722222222222223
125,2885,"general state of fatigue that involves a lack of energy and motivation for physical and mental tasks . People may also describe this as “feeling lethargic” . Some simple causes , such as overexertion or not getting enough sleep , can leave a person feeling lethargic .",2024-11-24 12:50:45,7,False,0.0,1.0,2.0,1.0,47,0,-0.1779,0.128,0.165,4.723404255319149,0,0,0,12,6,2024-11-14 12:04:16,10,2.0,1.7222222222222223,2.0,1.0,1.3284223283101428,18,0.44444444444444464
125,2886,"Neutral , Normal , No feeling , ORG , Soft",2024-11-24 17:03:43,7,True,2.0,2.0,-2.0,0.0,10,1,-0.1779,0.195,0.286,3.3,0,0,0,17,6,2024-11-14 12:04:16,10,1.894736842105263,1.6842105263157894,0.0,1.0,1.3701069237311885,19,0.22222222222222232
125,2887,"Feeling sad is a normal human emotion that can occur in response to difficult life events or losses . Sadness can make you feel disappointed , glum , or hopeless . You might react to sadness by crying , listening to sad music , or spending more time alone .",2024-11-25 12:10:58,7,False,0.0,2.0,2.0,-1.0,50,0,-0.9822,0.024,0.502,4.16,0,0,0,12,0,2024-11-14 12:04:16,11,1.9,1.7,2.0,2.0,1.3337718577107003,20,0.19999999999999996
125,2888,"Sometimes I am just very deep in thought or going off into my own little world . Other times , I just don ' t have much to say or just feel like enjoying silent time . In my home I have a very chatty wife and 2 young kids , a lot of neighbors , and I have to talk a lot at work . Some days I just want to sit in silence and watch Lost Girl or Arrow",2024-11-26 12:01:47,7,False,2.0,1.0,-2.0,0.0,81,0,0.5994,0.104,0.033,3.308641975308642,7,0,2,12,1,2024-11-14 12:04:16,11,1.8095238095238095,1.7142857142857142,0.0,2.0,1.3645163106041502,21,0.018181818181818077
125,2889,"Tired , Sluggish , Dull , Down , Sad",2024-11-26 22:19:12,7,True,0.0,1.0,2.0,0.0,9,1,-0.886,0.0,0.919,3.111111111111111,0,0,0,22,1,2024-11-14 12:04:16,12,1.8181818181818181,1.6818181818181819,2.0,1.0,1.3322506426689291,22,0.36363636363636354
125,2890,"Usually , when people suppress a lot they bottle up emotions as a coping mechanism which may come from trauma etc . Which means when they are presented with an emotional situation they cannot exactly explain what they feel/ shutdown or door slam . It is completely okay to feel overwhelmed in stressful situations . However , you will need to self- reflect and figure out how and what caused you to feel that way . In that manner you will feel better and be more conscious . Sometimes , I’d say most people would cry which is easier to express stress , sadness and loneliness . Since it’s more wiser than speaking words to people who wouldn’t understand . You need to ask them and be around them not for interrogation but for hearing them out , which acts as comfort to them .\ n",2024-11-27 12:33:46,7,False,2.0,1.0,0.0,0.0,146,0,-0.2356,0.089,0.096,4.342465753424658,0,0,0,12,2,2024-11-14 12:04:16,13,1.7391304347826086,1.6521739130434783,0.0,1.0,1.355708178049989,23,0.1969696969696968
126,2892,"Content and relaxed . I just ate dinner (two grilled cheese sandwiches with turkey) and am winding down for the day . I’m calm and ready for the upcoming week . I’m on the phone with my boyfriend , and we are simply relaxing and spending time with each other . There is nothing too stressful going on in my life so I’m rather laid back right now .",2024-09-22 22:28:07,7,False,4.0,1.0,-1.0,0.0,69,0,0.917,0.196,0.0,4.043478260869565,3,0,1,22,6,2024-09-22 22:28:07,0,2.0,1.0,2.0,1.0,0.0,0,0.0
126,2893,"I feel okay .   Not too excited or happy for anything in particular but not drained or upset .   I feel very neutral , but slightly upbeat .   I ' m almost done with classes for today and am not stressed out over any homework or assignments .   I feel fine at work , nothing is bothering me , but I do feel bored sometimes .",2024-09-23 17:35:34,7,False,3.0,1.0,-2.0,2.0,66,0,0.8911,0.266,0.066,3.803030303030303,6,0,1,17,0,2024-09-22 22:28:07,0,4.0,1.0,4.0,1.0,0.0,1,0.0
126,2894,"I ' m about to take the first half of my Spanish quiz .   I ' m a little nervous , but trying not to let it get to me .   I really want to do well , so I ' m feeling a bit anxious about my performance .   I ' m trying not to work myself up and remain calm by grounding myself .   I know that after this class , I will feel much better , regardless of how I do .   This is the only thing that ' s really on my mind , I ' m really focused on my performance .",2024-09-24 12:13:04,7,False,1.0,3.0,0.0,-1.0,107,0,0.9241,0.203,0.049,3.177570093457944,16,0,4,12,1,2024-09-22 22:28:07,1,3.5,1.0,3.0,1.0,0.7071067811865476,2,-1.0
126,2895,"I’ve calmed down a bit from earlier today . Now I just feel sad . Not super stressed or deeply hopeless . Just sad . I’m trying to not get lost in my mind and am just distracting myself . I have things to keep me busy and people I can talk to , I just feel a lingering bit of blueness .",2024-09-24 22:00:55,7,False,1.0,2.0,1.0,-1.0,63,0,-0.8497,0.104,0.234,3.5555555555555554,7,0,0,22,1,2024-09-22 22:28:07,1,2.6666666666666665,1.6666666666666667,1.0,3.0,1.5275252316519465,3,-2.0
126,2896,"I still feel very neutral . I’m in class right now , trying to stay engaged . Nothing urgent or pressing is coming up but I am feeling burdened ( ? ) by some physical pains right now . They are mild but persistent which makes me feel a bit worse for wear , but not entirely awful .",2024-09-25 17:01:28,7,False,2.0,1.0,0.0,1.0,59,0,-0.7615,0.119,0.212,3.7796610169491527,3,0,1,17,2,2024-09-22 22:28:07,2,2.25,1.75,1.0,2.0,1.5,4,-2.5
126,2897,"Neutral , Pleasant , Okay , Meh , Fine",2024-09-25 22:38:01,7,True,2.0,2.0,-1.0,1.0,9,1,0.6908,0.753,0.14,3.3333333333333335,0,0,0,22,2,2024-09-22 22:28:07,3,2.2,1.6,2.0,1.0,1.3038404810405297,5,-2.166666666666667
126,2898,"I’m about to take a quiz so I’m a bit nervous as to how I’ll do on it . It’s not too intimidating , but I think just a natural case of the jitters that comes with taking tests and quizzes . I woke up with a bad headache too so I feel a bit sluggish from that , but luckily I still feel focused for my quiz .",2024-09-26 12:22:53,7,False,1.0,3.0,1.0,-1.0,69,0,0.3454,0.18,0.146,3.463768115942029,5,0,2,12,3,2024-09-22 22:28:07,3,2.1666666666666665,1.6666666666666667,2.0,2.0,1.1690451944500122,6,-0.9999999999999998
126,2899,"I feel neutral . I’ve gotten part of my Spanish quiz back and I’m content with my grade . I have a bit of a headache which is bothering me , but it’s not affecting my mood or activity too much . I feel fine and okay .",2024-09-26 17:00:53,7,False,2.0,2.0,2.0,0.0,48,0,0.4118,0.11,0.044,3.5416666666666665,7,0,0,17,3,2024-09-22 22:28:07,3,2.0,1.8571428571428572,1.0,3.0,1.1547005383792515,7,-1.1666666666666665
126,2901,"I’m spending time with my friends . I feel very happy , light of heart . I feel safe and comfortable and am having a great time . I don’t have anything stressful on my mind or anything weighing me down . We’re all having a good time .",2024-09-26 22:42:56,7,False,4.0,2.0,-2.0,0.0,49,0,0.9516,0.372,0.06,3.795918367346939,6,0,1,22,3,2024-09-22 22:28:07,4,2.0,1.875,2.0,2.0,1.0690449676496976,8,-0.5
126,2902,"Plain , Okay , Neutral , Pleasant , Good",2024-09-27 12:00:51,7,True,2.0,2.0,1.0,0.0,9,1,0.7964,0.802,0.0,3.5555555555555554,0,0,0,12,4,2024-09-22 22:28:07,4,2.2222222222222223,1.8888888888888888,4.0,2.0,1.2018504251546631,9,-0.04999999999999982
126,2903,"Happy , Full , Relaxed , Pleasant , Good",2024-09-27 17:00:43,7,True,3.0,2.0,0.0,0.0,9,1,0.9201,0.929,0.0,3.5555555555555554,0,0,0,17,4,2024-09-22 22:28:07,4,2.2,1.9,2.0,2.0,1.1352924243950933,10,0.0
126,2904,I feel okay . Not particularly enthusiastic about anything but also not feeling down over anything . I’m in a good mood but just neutral . Very lazy Saturday feelings . Just existing . I don’t have any homework to worry about at the moment and am doing okay academically/socially .,2024-09-28 17:16:49,7,False,3.0,2.0,-1.0,0.0,51,0,-0.5215,0.143,0.205,4.529411764705882,2,0,1,17,5,2024-09-22 22:28:07,5,2.272727272727273,1.9090909090909092,3.0,2.0,1.1037127426019047,11,0.1333333333333333
126,2905,"I feel okay . I woke up feeling about the same , which sucks but it’s good I don’t feel worse . I hope whatever I’m sick with is minor . I’m excited for some events in the coming weeks and am on top of my work . I feel pleasant with the exception of whatever has me sick .",2024-10-01 12:15:15,7,False,2.0,2.0,0.0,0.0,60,0,0.5187,0.276,0.203,3.55,7,0,0,12,1,2024-09-22 22:28:07,8,2.3333333333333335,1.9166666666666667,3.0,2.0,1.0730867399773196,12,0.3333333333333335
126,2906,"Okay , Fine , Meh , Tired , Pleasant",2024-10-01 17:26:05,7,True,2.0,2.0,1.0,-1.0,9,1,0.4215,0.625,0.375,3.111111111111111,0,0,0,17,1,2024-09-22 22:28:07,8,2.3076923076923075,1.9230769230769231,2.0,2.0,1.0315534712764842,13,0.26190476190476186
126,2907,"Okay , Chill , Relaxed , Fine , Pleasant",2024-10-02 12:42:32,7,True,3.0,1.0,-1.0,1.0,9,1,0.8481,0.911,0.0,3.5555555555555554,0,0,0,12,2,2024-09-22 22:28:07,9,2.2857142857142856,1.9285714285714286,2.0,2.0,0.9944903161976937,14,0.5714285714285716
126,2908,"I feel okay . I’m definitely tired and my head feels like it’s full of sand (clogged sinuses) but emotionally I’m fine . I don’t have any homework for the rest of the week and no pressing concerns or projects . I’m just going to focus on taking it easy for the next few days to get rid of what I have , but I’m at a nice steady neutral right now .",2024-10-02 22:27:32,7,False,2.0,2.0,-2.0,-1.0,73,0,0.8422,0.196,0.063,3.767123287671233,4,0,0,22,2,2024-09-22 22:28:07,9,2.3333333333333335,1.8666666666666667,3.0,1.0,0.9759000729485332,15,0.625
126,2909,"Sick , Down , Meh , Tired , Drained",2024-10-03 12:18:13,7,True,0.0,1.0,1.0,0.0,9,1,-0.8402,0.0,0.909,3.0,0,0,0,12,3,2024-09-22 22:28:07,10,2.3125,1.875,2.0,2.0,0.9464847243000456,16,0.625
126,2910,"I feel okay . Nothing exciting is going on , I’m just trying to relax and rest to purge my sickness out . I feel a bit of FOMO watching all of my friends hang out while I just rest , but it’s fine I guess . It’s just a bit sucky .",2024-10-04 17:44:00,7,False,1.0,1.0,0.0,0.0,53,0,-0.0036,0.158,0.117,3.358490566037736,6,0,0,17,4,2024-09-22 22:28:07,11,2.176470588235294,1.8235294117647058,0.0,1.0,1.0744355563298724,17,0.3333333333333335
127,2912,"Last night , I went out and had a great time , but now I’m just feeling really tired . I stayed out later than I planned , and even though I slept , I still woke up feeling drained . My whole body feels heavy , and I can’t seem to shake off the tiredness . I thought a good night’s sleep would help , but instead , I’m just dragging through the day , barely able to focus on anything .",2024-09-15 12:00:40,7,False,1.0,1.0,3.0,0.0,83,0,0.433,0.175,0.124,3.6506024096385543,8,0,1,12,6,2024-09-15 12:00:40,0,2.0,1.0,2.0,1.0,0.0,0,0.0
127,2913,"Calm , Cool , Happy , Chill , Relaxed",2024-09-15 17:01:04,7,True,4.0,1.0,0.0,1.0,9,1,0.8885,0.92,0.0,3.2222222222222223,0,0,0,17,6,2024-09-15 12:00:40,0,1.0,1.0,1.0,1.0,0.0,1,0.0
127,2914,I feel happy enjoying the process of helping kids learn new things . My work brings me joy and keeps me motivated each day as I love seeing their progress and growth . It’s fulfilling to know I’m making a positive impact on their learning journey .,2024-09-16 17:09:44,7,False,4.0,2.0,0.0,-1.0,47,0,0.9823,0.478,0.0,4.297872340425532,5,0,0,17,0,2024-09-15 12:00:40,1,2.5,1.0,4.0,1.0,2.1213203435596424,2,3.0
127,2915,"Calm , Rested , Happy , Cool , Chill",2024-09-16 22:02:39,7,True,4.0,1.0,-1.0,2.0,9,1,0.8074,0.806,0.0,3.111111111111111,0,0,0,22,0,2024-09-15 12:00:40,1,3.0,1.3333333333333333,4.0,2.0,1.7320508075688772,3,3.0
127,2916,"Happy , Calm , Nice , Relaxed , Cool",2024-09-17 12:00:25,7,True,3.0,3.0,-2.0,-1.0,9,1,0.9231,1.0,0.0,3.111111111111111,0,0,0,12,1,2024-09-15 12:00:40,1,3.25,1.25,4.0,1.0,1.5,4,1.5
127,2917,"happy , mad , glad , nervous , anxious",2024-09-17 22:03:15,7,True,1.0,2.0,-1.0,1.0,9,1,0.1027,0.479,0.521,3.3333333333333335,0,0,0,22,1,2024-09-15 12:00:40,2,3.2,1.6,3.0,3.0,1.3038404810405297,5,1.1666666666666665
127,2918,"I’m feeling jittery , with a sense of nervous energy that makes it hard to focus . My mind feels restless , and it’s tough to sit still or concentrate . It’s an uncomfortable feeling , but I’m trying to stay calm and manage it by taking deep breaths .",2024-09-18 12:39:31,7,False,0.0,3.0,2.0,0.0,50,0,0.1655,0.145,0.152,4.04,1,0,0,12,2,2024-09-15 12:00:40,3,2.8333333333333335,1.6666666666666667,1.0,2.0,1.4719601443879744,6,-0.3333333333333335
127,2919,"CHILL , CALM , RELAXED , HAPPY , CONTENT",2024-09-18 17:16:20,7,True,2.0,3.0,1.0,-1.0,9,1,0.8481,0.821,0.0,3.5555555555555554,0,0,0,17,2,2024-09-15 12:00:40,3,2.4285714285714284,1.8571428571428572,0.0,3.0,1.7182493859684491,7,-1.0
127,2920,"Hungry , Happy , Calm , Angry , Cold",2024-09-18 22:00:32,7,True,3.0,2.0,-3.0,1.0,9,1,0.4019,0.531,0.292,3.111111111111111,0,0,0,22,2,2024-09-15 12:00:40,3,2.375,2.0,2.0,3.0,1.5979898086569353,8,-1.75
127,2921,"I ' m feeling really annoyed at work today . It seems like everything is going wrong , and it ' s starting to get under my skin . There are constant interruptions , making it hard to focus on what I need to get done . The workload is piling up , but instead of tackling it , I’m spending most of my time fixing small issues that keep popping up . It feels like I ' m putting out fires all day , and it’s exhausting .\ n",2024-09-19 12:01:15,7,False,0.0,3.0,3.0,0.0,90,0,-0.4672,0.079,0.129,3.6666666666666665,5,0,1,12,3,2024-09-15 12:00:40,4,2.4444444444444446,2.0,3.0,2.0,1.509230856356236,9,-1.45
127,2923,"I ' m feeling really annoyed at work today . It seems like everything is going wrong , and it ' s starting to get under my skin . There are constant interruptions , making it hard to focus on what I need to get done . The workload is piling up , but instead of tackling it , I’m spending most of my time fixing small issues that keep popping up . It feels like I ' m putting out fires all day , and it’s exhausting .",2024-09-19 17:00:42,7,False,3.0,3.0,-2.0,0.0,89,0,-0.4672,0.08,0.131,3.6853932584269664,5,0,1,17,3,2024-09-15 12:00:40,4,2.2,2.1,0.0,3.0,1.6193277068654823,10,-2.0
127,2924,"happy , sad , content , aggravated , smiling",2024-09-20 12:51:46,7,True,1.0,3.0,1.0,-1.0,9,1,0.1779,0.489,0.438,4.0,0,0,0,12,4,2024-09-15 12:00:40,5,2.272727272727273,2.1818181818181817,3.0,3.0,1.555050423035156,11,-1.7000000000000002
127,2925,"I am currently experiencing a state of emotional neutrality . There are no strong positive or negative feelings overwhelming me at the moment . My emotions feel calm and composed , like a still pond . My mind is clear and focused , without any distracting thoughts or feelings . I am simply present and observing my surroundings without any particular reactions .",2024-09-20 17:49:03,7,False,2.0,2.0,0.0,0.0,63,0,0.9098,0.299,0.086,4.777777777777778,6,0,0,17,4,2024-09-15 12:00:40,5,2.1666666666666665,2.25,1.0,3.0,1.5275252316519465,12,-1.3333333333333335
128,2954,"So far I feel sleepy and tired because I am currently on my clinical rotation . I am about to get some coffee so I can be more energetic and stop yawning the whole time . I usually go with the hazelnut flavored coffee because the smell calms me down a lot . It’s nice to take a little ten minutes break in the morning , especially how the weather is very nice recently and the sun is shining on me .",2024-11-07 12:05:07,7,False,0.0,1.0,4.0,2.0,82,0,0.6936,0.138,0.067,3.8780487804878048,8,0,3,12,3,2024-11-07 12:05:07,0,2.0,1.0,2.0,1.0,0.0,0,0.0
128,2955,"Just finished my clinical rotation for today and walking towards my husband’s office . Although the walk will be at least an hour and a half , I am still very excited and I think this is a very good exercise for me .",2024-11-07 17:07:26,7,False,4.0,3.0,-3.0,0.0,44,0,0.7083,0.144,0.0,3.9318181818181817,5,0,2,17,3,2024-11-07 12:05:07,0,0.0,1.0,0.0,1.0,0.0,1,0.0
128,2956,"Tired , Exhausted , Frustrated , A little excited for weekend , Hungry",2024-11-08 12:01:26,7,True,1.0,3.0,3.0,0.0,13,1,-0.7713,0.141,0.59,4.461538461538462,0,0,0,12,4,2024-11-07 12:05:07,0,2.0,2.0,4.0,3.0,2.8284271247461903,2,4.0
128,2957,"Relax , Happy , Excited , Fulfilled , Energetic",2024-11-08 17:01:58,7,True,4.0,3.0,0.0,0.0,9,1,0.9287,1.0,0.0,4.333333333333333,0,0,0,17,4,2024-11-07 12:05:07,1,1.6666666666666667,2.3333333333333335,1.0,3.0,2.0816659994661326,3,2.5
128,2958,"I’m currently feeling very good ! Although I got a flat tire on my way to the clinical this morning but luckily I just left my house and my insurance covered the price for tire replacement ! I’m also very glad to finish my urinalysis and coagulation rotation . I’m currently working out at the gym , it feels very nice to do some lifting . Cannot wait to go home and get a good sleep .",2024-11-08 22:24:26,7,False,4.0,3.0,0.0,-2.0,77,0,0.9692,0.258,0.0,4.012987012987013,6,2,3,22,4,2024-11-07 12:05:07,1,2.25,2.5,4.0,3.0,2.0615528128088303,4,0.5
128,2960,"Relaxed , Happy , Passionate , 0 , 0",2024-11-09 12:01:47,7,True,4.0,1.0,0.0,0.0,9,1,0.8834,1.0,0.0,3.111111111111111,0,0,0,12,5,2024-11-07 12:05:07,1,2.6,2.6,4.0,3.0,1.9493588689617927,5,1.0
128,2961,"I am having a very relaxing day so far ! It feels very nice to turned off my alarm and sleep in , I had a fulfilling lunch , and I tried the customized coffee from ORG (it’s pretty good) I’m having a very good rest and it feels very nice .",2024-11-09 17:04:01,7,False,4.0,1.0,-1.0,1.0,52,0,0.9321,0.299,0.044,3.6153846153846154,4,1,5,17,5,2024-11-07 12:05:07,2,2.8333333333333335,2.3333333333333335,4.0,1.0,1.834847859269718,6,2.333333333333333
128,2962,"I had a very good leg day today . I made myself some beef stew before I left for work out with instant pot and they came back great ! Although I’m feeling a little uncomfortable from eating too much but overall it was awesome . I also watched the new Arcane episodes , they are really good !!! I can’t wait for next Saturday for new episodes",2024-11-09 22:01:54,7,False,3.0,2.0,-1.0,-1.0,68,0,0.9464,0.244,0.024,4.029411764705882,6,4,2,22,5,2024-11-07 12:05:07,2,3.0,2.142857142857143,4.0,1.0,1.7320508075688772,7,2.333333333333333
128,2963,"Sleepy , Lazy , Relax , A little tired , 0",2024-11-10 12:17:09,7,True,2.0,1.0,-1.0,2.0,11,1,-0.2975,0.29,0.51,2.909090909090909,0,0,0,12,6,2024-11-07 12:05:07,3,3.0,2.125,3.0,2.0,1.6035674514745464,8,1.5
128,2964,"I had a good rest over the weekend , but I’m kind of nervous for tomorrow because I will be starting my clinical rotation in blood bank . Although I am most likely going to be reading ORG for my first day , I still feel a little nervous about the new environment .",2024-11-10 22:01:57,7,False,1.0,3.0,-1.0,-2.0,54,0,-0.6404,0.04,0.126,3.9074074074074074,6,0,0,22,6,2024-11-07 12:05:07,3,2.888888888888889,2.0,2.0,1.0,1.536590742882148,9,1.15
128,2965,I was reading SOP for the whole morning and I will probably be reading more SOP for the afternoon . I was really sleepy and I’m getting some coffee so hopefully I can wake up . I understand my first day in blood bank will be boring but I hope they will let me out early and tomorrow will be better,2024-11-11 12:47:25,7,False,0.0,1.0,2.0,1.0,61,0,0.8517,0.164,0.027,3.8852459016393444,8,0,2,12,0,2024-11-07 12:05:07,4,2.7,2.1,1.0,3.0,1.5670212364724212,10,0.19999999999999973
128,2966,I’m very glad that today is almost finished . I’m currently working out in the gym and this really helps me with relieving my pressure . I’m a little stressful about tomorrow so hopefully things will go well .,2024-11-11 22:01:55,7,False,2.0,2.0,-1.0,-1.0,39,0,0.843,0.301,0.11,4.384615384615385,2,0,3,22,0,2024-11-07 12:05:07,4,2.4545454545454546,2.0,0.0,1.0,1.694912172570388,11,-0.2666666666666666
128,2967,So far the morning has been calm and busy . I did a bunch of type and screen for practice and they all went pretty well . I’m currently sitting in cafeteria having my coffee break and it feels really nice to see the sunshine . Hopefully the day will be busy so it won’t be boring,2024-11-12 12:24:21,7,False,1.0,1.0,1.0,1.0,57,0,0.923,0.26,0.036,3.912280701754386,2,0,3,12,1,2024-11-07 12:05:07,5,2.4166666666666665,2.0,2.0,2.0,1.6213537179739277,12,-0.8333333333333335
128,2968,I am very glad to finish today’s work ! I feel tired and exhausted just by imagining what can I do for the next few days for my rotation . Hopefully things will go well . I can’t wait for the weekend so I can relax and do things that I like .,2024-11-12 17:23:51,7,False,2.0,2.0,1.0,1.0,53,0,0.8254,0.254,0.097,3.5849056603773586,7,1,2,17,1,2024-11-07 12:05:07,5,2.3076923076923075,1.9230769230769231,1.0,1.0,1.6012815380508714,13,-0.9761904761904763
128,2969,It feels very nice after my leg day !!! It helps so much with relieving my pressure and I feel much much better and energetic now ! I am a very lazy person but exercise sure helps people feel good and i hope I can continue this habit .,2024-11-12 22:21:45,7,False,3.0,3.0,-1.0,-2.0,49,0,0.9655,0.419,0.059,3.816326530612245,6,4,3,22,1,2024-11-07 12:05:07,5,2.2857142857142856,1.9285714285714286,2.0,2.0,1.5406577730392865,14,-1.4285714285714286
128,2971,The morning has been calm and quiet so far . I am feeling a little sleepy so I will probably go get some coffee later . Although I’m just repeating what I was doing yesterday (type and screen) it still feels nice to have something to do instead of reading ORG .,2024-11-13 12:18:40,7,False,2.0,1.0,0.0,0.0,52,0,0.7063,0.14,0.0,4.038461538461538,3,0,2,12,2,2024-11-07 12:05:07,6,2.3333333333333335,2.0,3.0,3.0,1.4960264830861913,15,-1.25
131,3044,"chill , enthusiastic , snacky , thirsty , clean",2024-10-01 22:05:57,7,True,3.0,3.0,-3.0,-2.0,9,1,0.7096,0.663,0.0,4.333333333333333,0,0,0,22,1,2024-10-01 22:05:57,0,2.0,1.0,2.0,1.0,0.0,0,0.0
131,3045,"tired , uncomfortable , hungry , neutral , content",2024-10-02 12:00:49,7,True,0.0,1.0,2.0,1.0,9,1,-0.6705,0.0,0.647,4.666666666666667,0,0,0,12,2,2024-10-01 22:05:57,0,3.0,3.0,3.0,3.0,0.0,1,0.0
131,3046,I’m dreading checking the produce at my job and I’m drained being at work even though I haven’t been here since Sunday . I don’t look forward to this shift or getting home at 3 am when my fiancé is already asleep .,2024-10-02 22:29:27,7,False,2.0,2.0,-1.0,-1.0,43,0,-0.7096,0.0,0.141,4.0,4,0,0,22,2,2024-10-01 22:05:57,1,1.5,2.0,0.0,1.0,2.1213203435596424,2,-3.0
131,3048,"full , uncomfortable , tired , dread , unwell",2024-10-03 12:46:50,7,True,1.0,1.0,1.0,1.0,9,1,-0.8176,0.0,0.81,4.111111111111111,0,0,0,12,3,2024-10-01 22:05:57,1,1.6666666666666667,2.0,2.0,2.0,1.5275252316519465,3,-2.0
131,3049,"tired , excited , dread , focused , worried",2024-10-03 17:06:05,7,True,2.0,2.0,0.0,-1.0,9,1,-0.4767,0.382,0.618,3.888888888888889,0,0,0,17,3,2024-10-01 22:05:57,1,1.5,1.75,1.0,1.0,1.2909944487358056,4,0.0
131,3050,"about to drive an hour home with my yelling cat . she hates the car but hopefully there’s no traffic , i really wanna get home and see my girlfriend before i have work at 6 . why 200 words that seems like a lot",2024-10-04 17:00:57,7,False,2.0,1.0,-1.0,0.0,45,0,0.4678,0.149,0.104,3.688888888888889,4,0,1,17,4,2024-10-01 22:05:57,2,1.6,1.8,2.0,2.0,1.140175425099138,5,0.16666666666666674
131,3051,i’m on a break at work and excited to eat my mac n cheese . i wanna go home it’s slow today and this shift is completely dragging . i don’t have the motivation to be energetic so im just skating by and doing the bare minimum,2024-10-04 22:24:26,7,False,1.0,1.0,2.0,2.0,47,0,0.7717,0.168,0.0,3.7872340425531914,3,0,1,22,4,2024-10-01 22:05:57,3,1.6666666666666667,1.6666666666666667,2.0,1.0,1.0327955589886444,6,0.0
131,3052,i’m at work again . this shift is dead compared to the ones i usually work . i always kinda regret picking up extra shifts and my girlfriend doesn’t like it but i really need the money so im toughing it out . at least i like my coworkers a lot and i can kinda do whatever i want,2024-10-05 17:27:13,7,False,3.0,3.0,-1.0,-1.0,59,0,-0.1322,0.109,0.118,3.7288135593220337,8,0,2,17,5,2024-10-01 22:05:57,3,1.5714285714285714,1.5714285714285714,1.0,1.0,0.9759000729485332,7,-0.16666666666666674
131,3053,upset because i think i missed the 3pm survey (and possibly the 12) but i had this open in my browser so im filling it out anyway . i was just three minutes late to work and im also upset w myself about that bc every minute and every cent counts right now . i really wanted to have a good day and be pumped for this shift because sundays are always busy but my day didn’t end up how i wanted,2024-10-06 20:03:24,7,False,2.0,2.0,0.0,-1.0,82,0,-0.2382,0.049,0.086,3.7804878048780486,9,0,2,20,6,2024-10-01 22:05:57,4,1.75,1.75,3.0,3.0,1.0350983390135313,8,0.5
131,3054,i’m disappointed in myself for sleeping so much today but can’t do anything about it so i’m just trying to get stuff done that i meant to do earlier . i’m feeling a little manic too . but honestly content like im not devastated,2024-10-07 22:12:07,7,False,2.0,1.0,1.0,1.0,44,0,0.9058,0.265,0.041,4.181818181818182,2,0,2,22,0,2024-10-01 22:05:57,6,1.7777777777777777,1.7777777777777777,2.0,2.0,0.9718253158075502,9,0.5
131,3055,"content , talkative , neutral , chill , relaxed",2024-10-08 12:28:33,7,True,3.0,2.0,1.0,0.0,9,1,0.4939,0.444,0.0,4.333333333333333,0,0,0,12,1,2024-10-01 22:05:57,6,1.8,1.7,2.0,1.0,0.9189365834726815,10,0.3999999999999999
131,3056,"excited , happy , high , focused , healthy",2024-10-08 17:23:00,7,True,4.0,2.0,0.0,1.0,9,1,0.886,0.919,0.0,3.7777777777777777,0,0,0,17,1,2024-10-01 22:05:57,6,1.9090909090909092,1.7272727272727273,3.0,2.0,0.9438798074485389,11,0.5666666666666664
131,3057,"drunk , happy , worried , mischievous , PERSON",2024-10-08 22:34:31,7,True,4.0,3.0,-1.0,-1.0,9,1,0.0258,0.359,0.447,4.222222222222222,0,0,0,22,1,2024-10-01 22:05:57,7,2.0833333333333335,1.75,4.0,2.0,1.0836246694508316,12,0.8333333333333333
131,3059,"full from breakfast , enthusiastic about the day in front of me , nervous for a doctors appointment that i have , grateful for my family and my girlfriend , unsure about the timeline of events today , worried about money",2024-10-10 12:37:16,7,False,3.0,2.0,-3.0,-1.0,41,0,0.2263,0.149,0.152,4.390243902439025,4,0,0,12,3,2024-10-01 22:05:57,8,2.230769230769231,1.8461538461538463,4.0,3.0,1.1657505560686467,13,1.0476190476190477
131,3060,"uncomfortable , tired , weary , done , annoyed",2024-10-10 17:01:54,7,True,0.0,1.0,2.0,1.0,9,1,-0.8481,0.0,0.911,4.222222222222222,0,0,0,17,3,2024-10-01 22:05:57,8,2.2857142857142856,1.8571428571428572,3.0,2.0,1.1387288073563857,14,1.4285714285714286
131,3061,"dismayed that this one is a box and not five words . tired , have to pee , want to go home , dragging , annoyed at ORG , wanting to sit down and not have to get up for a while (about to take my break) extra words here",2024-10-10 22:25:56,7,False,2.0,2.0,0.0,0.0,50,0,-0.4203,0.079,0.117,3.36,1,0,0,22,3,2024-10-01 22:05:57,9,2.1333333333333333,1.8,0.0,1.0,1.245945806357946,15,1.0535714285714286
131,3062,a little nervous because my shift lead intimidates me and i don’t work with her often so i feel like kind of rigid and like everything i do is intentional because i don’t want her to think badly of me since im still relatively new . i was really hoping it would just be me and the guys so i could kick back and do less work but she’s leaving at 10 so its fine . i’m bummed i won’t get home til 3 am and won’t see my girlfriend until monday but idek if ill see her because ORG isn’t even closed for the public holiday so she’ll have to cut class to see me,2024-10-12 22:13:15,7,False,2.0,2.0,0.0,1.0,116,0,0.1126,0.111,0.107,3.7844827586206895,13,0,5,22,5,2024-10-01 22:05:57,11,2.125,1.8125,2.0,2.0,1.2041594578792296,16,0.75
131,3063,"sweaty , excited , chill , idk , neutral",2024-10-13 22:42:09,7,True,2.0,3.0,1.0,-1.0,9,1,0.25,0.353,0.206,3.5555555555555554,0,0,0,22,6,2024-10-01 22:05:57,12,2.1176470588235294,1.8235294117647058,2.0,2.0,1.1663164740528442,17,0.6944444444444446
131,3064,"high , hungry , happy , good , good",2024-10-14 17:15:13,7,True,3.0,2.0,0.0,0.0,9,1,0.8591,0.826,0.0,3.0,0,0,0,17,0,2024-10-01 22:05:57,12,2.111111111111111,1.8888888888888888,2.0,3.0,1.1318329168362207,18,0.666666666666667
131,3065,"heavy , focused , relaxed , chill , happy",2024-10-14 22:25:44,7,True,3.0,2.0,0.0,0.0,9,1,0.8591,0.826,0.0,3.6666666666666665,0,0,0,22,0,2024-10-01 22:05:57,13,2.1578947368421053,1.894736842105263,3.0,2.0,1.11868761873192,19,0.7222222222222223
133,3098,"Currently I feel wonderful , like all I have been hoping for are coming through . So I feels good and great \nHappy ! I just finished The Chamber of Secrets for the first time and oh God what a read it is . I recommend it to everyone",2024-09-12 12:11:19,7,False,3.0,1.0,0.0,1.0,49,0,0.9646,0.398,0.0,3.7755102040816326,5,1,1,12,3,2024-09-12 12:11:19,0,2.0,1.0,2.0,1.0,0.0,0,0.0
133,3099,"Happy , Loved , Excited , Wanted , Proud",2024-09-13 17:14:04,7,True,3.0,2.0,-1.0,0.0,9,1,0.9201,0.929,0.0,3.5555555555555554,0,0,0,17,4,2024-09-12 12:11:19,1,3.0,1.0,3.0,1.0,0.0,1,0.0
133,3100,"Happy , Good , Hopefull , Excited , Grateful",2024-09-14 12:04:48,7,True,2.0,2.0,2.0,0.0,9,1,0.9001,0.923,0.0,4.0,0,0,0,12,5,2024-09-12 12:11:19,1,3.0,1.5,3.0,2.0,0.0,2,0.0
133,3101,"Happy , Grateful , GOOD , Excited , Wonderful",2024-09-14 22:19:34,7,True,4.0,2.0,-2.0,1.0,9,1,0.9471,1.0,0.0,4.111111111111111,0,0,0,22,5,2024-09-12 12:11:19,2,2.6666666666666665,1.6666666666666667,2.0,2.0,0.5773502691896258,3,-0.5
133,3103,"I’m feeling a blend of anxiety and hope right now . The anxiety comes from worries about an upcoming event or unresolved issues , which seem to linger in the back of my mind and affect my daily routine . At the same time , there ' s a sense of hope that counterbalances this anxiety , giving me a glimmer of positivity and a belief in a better outcome . This mix makes me cautious and reserved in some moments , yet optimistic and enthusiastic about potential positive outcomes in others . Overall , it’s a complex interplay between worry and optimism that shapes how I approach things .",2024-09-15 12:06:10,7,False,2.0,3.0,0.0,0.0,110,0,0.9538,0.246,0.105,4.345454545454546,5,0,0,12,6,2024-09-12 12:11:19,2,3.0,1.75,4.0,2.0,0.816496580927726,4,0.0
133,3104,"Active , Happy , Excited , Loved , Wanted",2024-09-15 17:07:57,7,True,2.0,3.0,1.0,-1.0,9,1,0.9136,0.927,0.0,3.6666666666666665,0,0,0,17,6,2024-09-12 12:11:19,3,2.8,2.0,2.0,3.0,0.8366600265340756,5,-0.3333333333333335
133,3105,"I’m experiencing a deep sense of happiness right now that feels incredibly fulfilling and uplifting . It’s not anchored to a specific event but rather a general sense of well-being and contentment that seems to infuse my daily life . Everything feels a bit more vibrant and enjoyable , as if I’m seeing the world through a brighter , more optimistic lens . This feeling has a way of making even the simplest moments more delightful . I’m smiling more often , and interactions with others are marked by a genuine enthusiasm and positive energy .",2024-09-16 12:20:41,7,False,3.0,2.0,-1.0,0.0,96,0,0.9931,0.394,0.0,4.677083333333333,1,0,0,12,0,2024-09-12 12:11:19,4,2.6666666666666665,2.1666666666666665,2.0,3.0,0.816496580927726,6,0.0
133,3106,"Happy , Anxious , Excited , Hopefull , Graceful",2024-09-16 17:05:09,7,True,2.0,2.0,1.0,-1.0,9,1,0.7964,0.752,0.165,4.333333333333333,0,0,0,17,0,2024-09-12 12:11:19,4,2.7142857142857144,2.142857142857143,3.0,2.0,0.7559289460184545,7,0.08333333333333348
133,3107,"Happy , Excited , Graceful , Hopefull , Contented",2024-09-17 12:11:47,7,True,3.0,1.0,0.0,1.0,9,1,0.8885,0.92,0.0,4.555555555555555,0,0,0,12,1,2024-09-12 12:11:19,5,2.625,2.125,2.0,2.0,0.7440238091428449,8,-0.75
133,3108,"Excited , Grateful , Happy , Loved , Wanted",2024-09-17 17:00:41,7,True,3.0,2.0,0.0,0.0,9,1,0.9186,0.929,0.0,3.888888888888889,0,0,0,17,1,2024-09-12 12:11:19,5,2.6666666666666665,2.0,3.0,1.0,0.7071067811865475,9,-0.6000000000000001
133,3109,"Excited , Happy , Wanted , Loved , Grateful",2024-09-18 12:12:00,7,True,3.0,2.0,0.0,0.0,9,1,0.9186,0.929,0.0,3.888888888888889,0,0,0,12,2,2024-09-12 12:11:19,6,2.7,2.0,3.0,2.0,0.6749485577105528,10,-0.19999999999999973
134,3122,"I woke up today and struggled to get out of bed . When I left my bed , I was extremely tired and lethargic and wanted to get back in it . I had to go to college , so I pushed through anyway . I was tired when I arrived at my first class , and was late due to my aforementioned struggle to get out of bed .",2024-10-16 12:34:06,7,False,0.0,1.0,2.0,1.0,70,0,-0.9109,0.0,0.21,3.3714285714285714,10,0,2,12,2,2024-10-16 12:34:06,0,2.0,1.0,2.0,1.0,0.0,0,0.0
134,3123,"Hungry , Impatient , Restless , Nervous , Lethargic",2024-10-16 17:01:00,7,True,2.0,2.0,1.0,0.0,9,1,-0.765,0.0,0.896,4.777777777777778,0,0,0,17,2,2024-10-16 12:34:06,0,0.0,1.0,0.0,1.0,0.0,1,0.0
134,3125,"Procrastinating , Moody , Happy , Satisfied , Lethargic",2024-10-16 22:15:22,7,True,3.0,2.0,-2.0,-1.0,9,1,0.4215,0.533,0.385,5.222222222222222,0,0,0,22,2,2024-10-16 12:34:06,0,1.0,1.5,2.0,2.0,1.4142135623730951,2,2.0
134,3126,"Lethargic , Sleepy , Moody , Worried , Anxious",2024-10-17 12:00:57,7,True,1.0,1.0,1.0,2.0,9,1,-0.7845,0.0,0.899,4.222222222222222,0,0,0,12,3,2024-10-16 12:34:06,0,1.6666666666666667,1.6666666666666667,3.0,2.0,1.5275252316519468,3,2.5
134,3127,"Agitated , Content , Restless , Happy , Joyous",2024-10-17 17:02:27,7,True,2.0,3.0,0.0,-1.0,9,1,0.5719,0.561,0.367,4.222222222222222,0,0,0,17,3,2024-10-16 12:34:06,1,1.5,1.5,1.0,1.0,1.2909944487358056,4,1.0
134,3128,"Lethargic , Neutral , Unmotivated , Content , Sleepy",2024-10-17 22:03:03,7,True,2.0,2.0,-2.0,-1.0,9,1,-0.5574,0.0,0.605,4.888888888888889,0,0,0,22,3,2024-10-16 12:34:06,1,1.6,1.8,2.0,3.0,1.140175425099138,5,1.0
134,3129,I stayed up until 3 A . M . yesterday because I had too much caffeine but feel okay today . I am anxious because I have to do my English Midterm today . I also need to brush my teeth and dreading it . I don ' t really want to do anything ever .,2024-10-18 12:30:02,7,False,0.0,1.0,2.0,1.0,56,0,-0.5941,0.091,0.153,3.375,8,0,1,12,4,2024-10-16 12:34:06,1,1.6666666666666667,1.8333333333333333,2.0,2.0,1.0327955589886444,6,0.0
134,3130,"I am currently feeling like I am a wet dish rag , to say the least . I literally didn ' t do anything today except masturbate which made me feel like a failure . I would say that I am not feeling bad , but not feeling good .",2024-10-18 22:01:16,7,False,2.0,2.0,0.0,0.0,50,0,0.1068,0.225,0.122,3.5,6,0,0,22,4,2024-10-16 12:34:06,2,1.4285714285714286,1.7142857142857142,0.0,1.0,1.1338934190276817,7,-0.41666666666666674
134,3131,"Neutral , Lethargic , Anxious , Content , Melancholic",2024-10-19 17:09:24,7,True,2.0,2.0,-1.0,-1.0,9,1,-0.5423,0.0,0.733,5.0,0,0,0,17,5,2024-10-16 12:34:06,3,1.5,1.75,2.0,2.0,1.0690449676496976,8,0.0
134,3132,"Sluggish , Uncomfortable , Lethargic , Anxious , Nervous",2024-10-19 22:01:36,7,True,1.0,1.0,1.0,1.0,9,1,-0.8625,0.0,1.0,5.333333333333333,0,0,0,22,5,2024-10-16 12:34:06,3,1.5555555555555556,1.7777777777777777,2.0,2.0,1.0137937550497031,9,0.10000000000000009
134,3133,"I went to counseling today to discuss my issues and felt like I could tackle them . I had a very pleasant morning and felt better than usual . I had a good enjoyable lunch too , it was a cheeseburger ! Nothing will stop me today .",2024-10-20 17:48:14,7,False,2.0,2.0,1.0,0.0,48,0,0.943,0.361,0.0,3.8125,6,1,1,17,6,2024-10-16 12:34:06,4,1.5,1.7,1.0,1.0,0.97182531580755,10,-0.20000000000000018
134,3134,"I did not complete my math homework yesterday that I had a week to do and felt like a useless failure . I did get out of bed today at a reasonable time , and math class was slightly interesting , so I guess I ' m happy . Slightly joyous , even .",2024-10-21 12:44:43,7,False,3.0,2.0,-2.0,-1.0,54,0,0.7644,0.25,0.12,3.5555555555555554,6,0,1,12,0,2024-10-16 12:34:06,5,1.5454545454545454,1.7272727272727273,2.0,2.0,0.9341987329938276,11,-0.10000000000000009
134,3137,I just finished my Javascript Exam and am confident I got 100 % so I feel accomplished ! I am feeling quite tired and lazy though . I have to do my math homework . I don ' t feel as useless as I did this morning .,2024-10-22 17:41:12,7,False,1.0,1.0,1.0,0.0,48,0,-0.2893,0.175,0.201,3.4583333333333335,9,1,1,17,1,2024-10-16 12:34:06,6,1.6666666666666667,1.75,3.0,2.0,0.9847319278346619,12,0.0
134,3138,"My headlights on my car was not working which made me scared . I have to hit the center console on the car in order to get it to work , which made me anxious and frightened . I felt like a failure today because I didn ' t go to math class .",2024-10-22 22:01:04,7,False,2.0,1.0,0.0,0.0,54,0,-0.8225,0.048,0.211,3.462962962962963,7,0,0,22,1,2024-10-16 12:34:06,6,1.6153846153846154,1.6923076923076923,1.0,1.0,0.9607689228305227,13,-0.09523809523809534
137,3433,"Disappointed , Worried , Apprehensive , Concerned",2024-11-06 12:56:50,7,True,1.0,2.0,1.0,0.0,7,1,-0.6486,0.0,0.726,6.142857142857143,0,0,0,12,2,2024-11-06 12:56:50,0,2.0,1.0,2.0,1.0,0.0,0,0.0
137,3434,"Uncertain , Motivated , Tentative , Hopeful , Worried",2024-11-06 17:01:38,7,True,2.0,2.0,2.0,-1.0,9,1,0.4404,0.538,0.376,5.0,0,0,0,17,2,2024-11-06 12:56:50,0,1.0,2.0,1.0,2.0,0.0,1,0.0
137,3437,Feeling calm and content . Feeling hopeful for the future and proud of my baby daughter and her growth over the past few weeks . Feeling unconcerned with the rest of the world as I enjoy a free morning with my family .,2024-11-07 12:57:55,7,False,4.0,1.0,-1.0,0.0,43,0,0.9545,0.427,0.036,4.093023255813954,3,0,0,12,3,2024-11-06 12:56:50,1,1.5,2.0,2.0,2.0,0.7071067811865476,2,1.0
137,3438,"Feeling relaxed and maybe a little bit bored . Mood is relatively neutral and pleased . Feeling stress free and like I should seek out some excitement or an activity to keep busy with . That’s all I’ve got , I’m not sure what else I’m expected to say to reach the character limit .",2024-11-07 17:01:44,7,False,3.0,1.0,0.0,0.0,55,0,0.8914,0.306,0.105,4.127272727272727,1,0,0,17,3,2024-11-06 12:56:50,1,2.3333333333333335,1.6666666666666667,4.0,1.0,1.5275252316519465,3,2.0
137,3439,I am feeling tired but calm and content . I’m feeling unconcerned about what the future holds and trying to enjoy the here and now . I’m also thinking about the day ahead and how I can make the best use of it .,2024-11-08 12:01:39,7,False,3.0,1.0,-1.0,0.0,44,0,0.9144,0.307,0.082,3.7954545454545454,2,0,0,12,4,2024-11-06 12:56:50,1,2.5,1.5,3.0,1.0,1.2909944487358056,4,2.0
137,3440,"Tired , Unfocused , Calm",2024-11-08 22:02:08,7,True,2.0,1.0,0.0,0.0,5,1,-0.5106,0.291,0.709,4.0,0,0,0,22,4,2024-11-06 12:56:50,2,2.6,1.4,3.0,1.0,1.140175425099138,5,1.8333333333333335
137,3441,"Tired , Content , Calm",2024-11-09 12:50:42,7,True,2.0,1.0,2.0,0.0,5,1,-0.1531,0.371,0.468,3.6,0,0,0,12,5,2024-11-06 12:56:50,2,2.5,1.3333333333333333,2.0,1.0,1.0488088481701516,6,0.33333333333333304
137,3442,"I’m feeling calm , content and pleased with life . It’s a relaxing weekend and there’s nothing of note to be concerned about . It’s a slow Saturday without any stress or work to fret over . I’m looking forward to a nice quiet evening as well .",2024-11-09 17:09:29,7,False,4.0,1.0,0.0,1.0,48,0,0.9341,0.342,0.0,4.083333333333333,0,0,0,17,5,2024-11-06 12:56:50,3,2.4285714285714284,1.2857142857142858,2.0,1.0,0.9759000729485333,7,0.16666666666666652
137,3443,"Happy , Energized , Engaged , Connected",2024-11-09 22:11:45,7,True,4.0,2.0,0.0,0.0,7,1,0.8658,0.907,0.0,4.714285714285714,0,0,0,22,5,2024-11-06 12:56:50,3,2.625,1.25,4.0,1.0,1.0606601717798212,8,0.25
137,3444,"Feeling energized and happy , calm and content . Everything feels right in the world in this moment . I’m full of joy and I’m feeling excited to spend the rest of the day with people I love and care about .",2024-11-10 12:33:18,7,False,4.0,2.0,0.0,0.0,42,0,0.9747,0.481,0.0,3.9285714285714284,1,0,0,12,6,2024-11-06 12:56:50,3,2.7777777777777777,1.3333333333333333,4.0,2.0,1.092906420717,9,0.5
137,3445,"I feel relaxed and hopeful , peaceful and excited for the future . I feel connected to life and the world despite imperfections in the background . I feel surrounded by people I love and care about . It feels like a great weekend .",2024-11-10 17:02:22,7,False,4.0,2.0,0.0,0.0,45,0,0.9779,0.492,0.0,4.155555555555556,4,0,0,17,6,2024-11-06 12:56:50,4,2.9,1.4,4.0,2.0,1.1005049346146119,10,0.6000000000000001
137,3446,"Happy , Energized , Satisfied , Engaged",2024-11-11 12:02:09,7,True,4.0,2.0,-1.0,-1.0,7,1,0.91,1.0,0.0,4.714285714285714,0,0,0,12,0,2024-11-06 12:56:50,4,3.0,1.4545454545454546,4.0,2.0,1.0954451150103321,11,0.7333333333333334
137,3448,Feeling calm and content but a little bit bored . Things are quiet and relaxed . Feeling a little bit stir crazy and wondering what I can do to stay occupied . Thinking about heading to the gym later and listening to some music .,2024-11-11 17:09:17,7,False,3.0,1.0,1.0,0.0,45,0,0.4612,0.195,0.108,4.111111111111111,1,0,0,17,0,2024-11-06 12:56:50,5,3.0833333333333335,1.5,4.0,2.0,1.0836246694508316,12,1.1666666666666665
137,3449,"Tired , Calm , Content , Happy",2024-11-11 22:02:10,7,True,4.0,1.0,0.0,0.0,7,1,0.4767,0.606,0.293,3.4285714285714284,0,0,0,22,0,2024-11-06 12:56:50,5,3.076923076923077,1.4615384615384615,3.0,1.0,1.0377490433255416,13,1.0714285714285716
138,3466,"Tired , Nervous , Content , Happy , Productive",2024-11-08 12:36:57,7,True,2.0,2.0,0.0,0.0,9,1,-0.0772,0.346,0.467,4.222222222222222,0,0,0,12,4,2024-11-08 12:36:57,0,2.0,1.0,2.0,1.0,0.0,0,0.0
138,3467,I feel tired . I also feel overworked and burnt out . I have 2 children under the age of 3 and I work 3 jobs and it’s a lot . The outcome of the elections stresses me as a women and immigrant . I’m worried about people being more racist and xenophobic and I’m worried about raising my children in this climate,2024-11-08 17:37:14,7,False,2.0,2.0,2.0,0.0,63,0,-0.9273,0.0,0.245,3.9206349206349205,6,0,0,17,4,2024-11-08 12:36:57,0,2.0,2.0,2.0,2.0,0.0,1,0.0
138,3468,"Hungry , Tired , Happy , Hungry , Drained",2024-11-08 22:02:17,7,True,4.0,2.0,-4.0,-1.0,9,1,-0.1779,0.333,0.486,3.6666666666666665,0,0,0,22,4,2024-11-08 12:36:57,0,2.0,2.0,2.0,2.0,0.0,2,0.0
138,3469,"I’m overworked and underpaid and I feel so burned out .   Working 3 jobs and having 2 under 3 aged kids is so tiring , I’m constantly dropping the ball and letting someone down . I just need a break or a vacation . I think about wanting a drink often but I feel like I can’t because I can’t afford being drunk or having a hangover .",2024-11-09 17:04:04,7,False,0.0,1.0,3.0,0.0,68,0,0.0387,0.06,0.057,3.8676470588235294,6,0,2,17,5,2024-11-08 12:36:57,1,2.6666666666666665,2.0,4.0,2.0,1.1547005383792515,3,1.0
138,3470,I just ate dinner with the in-laws and now I’m trying to set up their dinner . It’s a very frustrating process as I keep hitting snags . I am sad because I’m missing time with my kids . They are happy and I’m happy that they are happy but I miss them .,2024-11-09 22:12:08,7,False,3.0,1.0,1.0,0.0,54,0,0.1036,0.134,0.145,3.685185185185185,5,0,1,22,5,2024-11-08 12:36:57,1,2.0,1.75,0.0,1.0,1.632993161855452,4,0.0
138,3472,"Tired , Disappointed , Anxious , Tired , Content",2024-11-10 12:37:37,7,True,4.0,1.0,-4.0,0.0,9,1,-0.872,0.0,0.916,4.444444444444445,0,0,0,12,6,2024-11-08 12:36:57,2,2.2,1.6,3.0,1.0,1.4832396974191326,5,0.3333333333333335
138,3473,"Tired , Content , Happy , Nervous , Tired",2024-11-10 17:07:53,7,True,0.0,1.0,0.0,0.0,9,1,-0.4939,0.294,0.627,3.6666666666666665,0,0,0,17,6,2024-11-08 12:36:57,2,2.5,1.5,4.0,1.0,1.51657508881031,6,-0.33333333333333304
138,3474,It’s been a super long day and I’m going to bed early . I’m very very tired from not sleeping well and just a long day all together . The kids got new beds so they are having a hard time which is making me feel even more tired and burnt out .,2024-11-11 22:27:26,7,False,0.0,1.0,0.0,0.0,53,0,-0.6436,0.07,0.181,3.5849056603773586,1,0,3,22,0,2024-11-08 12:36:57,3,2.142857142857143,1.4285714285714286,0.0,1.0,1.6761634196950517,7,-0.9166666666666665
138,3475,"I’m exhausted . The little one bumped her head and had to rush to urgent care to evaluate whether she needs stitches so I feel nervous and worried for my child . And because she’s my child , my anxiety is through the roof .",2024-11-12 22:05:26,7,False,0.0,1.0,0.0,0.0,45,0,-0.4173,0.105,0.184,3.977777777777778,4,0,1,22,1,2024-11-08 12:36:57,4,1.875,1.375,0.0,1.0,1.7268882005337975,8,-0.25
138,3476,"I’m happy because I’m home with my family , I’m just so exhausted and tired . But my daughter called me her hero so I’m just so happy and feeling loved . I’m tired from working and lack of sleep but my babies make me so incredibly happy .",2024-11-13 17:02:09,7,False,0.0,1.0,2.0,0.0,49,0,0.9473,0.349,0.16,3.877551020408163,5,0,4,17,2,2024-11-08 12:36:57,5,1.6666666666666667,1.3333333333333333,0.0,1.0,1.7320508075688772,9,-0.6000000000000001
138,3477,I’m sad because my library card expired and I just realized . This is also the first moment I’m getting to myself in days so it’s nice to just sit in the quiet . I feel content and motivated to get some laundry put away .,2024-11-13 22:02:50,7,False,2.0,1.0,0.0,1.0,46,0,0.4549,0.129,0.066,3.8260869565217392,4,0,1,22,2,2024-11-08 12:36:57,5,1.5,1.3,0.0,1.0,1.7159383568311668,10,-1.4000000000000001
138,3478,"angry , frustrated , tired , tired , tired",2024-11-14 12:10:44,7,True,2.0,2.0,-2.0,-1.0,9,1,-0.9371,0.0,1.0,3.7777777777777777,0,0,0,12,3,2024-11-08 12:36:57,5,1.5454545454545454,1.2727272727272727,2.0,1.0,1.6348477827391983,11,-1.2000000000000002
138,3479,"Im sad because I heard one of my friends will be leaving . Im tired from working so much and my children make me feel so happy whenever I’m even just looking at them . So I’m happy , tired , exhausted , stressed , and anxious .",2024-11-14 17:01:55,7,False,0.0,1.0,4.0,1.0,48,0,-0.0561,0.212,0.266,3.75,4,0,3,17,3,2024-11-08 12:36:57,6,1.5833333333333333,1.3333333333333333,2.0,2.0,1.5642792899510294,12,-1.8333333333333335
138,3480,I’m feeling super tired because I have not had a break from teaching class and back to back meetings all day . Fridays is my busiest and most stressful day . It’s also my happiest day as I’m maximizing my student interaction . I can’t wait to spend the weekend with my kids so I’m also happy . Happy and tired and content .,2024-11-15 17:26:15,7,False,4.0,2.0,0.0,-1.0,64,0,0.8347,0.231,0.126,4.0625,6,0,1,17,4,2024-11-08 12:36:57,7,1.4615384615384615,1.3076923076923077,0.0,1.0,1.5607361839521232,13,-1.9285714285714286
138,3482,"Tired , Content , Happy , Exhausted , Happy",2024-11-15 22:03:37,7,True,4.0,1.0,-2.0,1.0,9,1,0.4588,0.536,0.391,3.888888888888889,0,0,0,22,4,2024-11-08 12:36:57,7,1.6428571428571428,1.3571428571428572,4.0,2.0,1.6458405781822274,14,-1.0
138,3483,I’m home with the children and they are a lot but I’m also happy because I get to spend time with them . My mother in law is also trying my patience is running thin so I’m trying to hard to feel patient but I am getting frustrated .,2024-11-16 12:42:07,7,False,2.0,2.0,-2.0,-1.0,49,0,-0.0387,0.097,0.119,3.7551020408163267,4,0,1,12,5,2024-11-08 12:36:57,8,1.8,1.3333333333333333,4.0,1.0,1.6987390281365429,15,-0.6428571428571428
138,3484,Im so exhausted after running after my kids for 4 hours at ORG    . Im so run down and feel like I’m gonna get sick which would suck because I have 3 jobs . I’m happy my kids had fun but I’m just extremely exhausted .,2024-11-16 22:02:31,7,False,0.0,1.0,3.0,2.0,46,0,-0.5324,0.128,0.198,3.6739130434782608,3,0,3,22,5,2024-11-08 12:36:57,8,1.8125,1.375,2.0,2.0,1.6418993066973788,16,-0.125
138,3485,"Tired , Happy , Content , Excited , Exhausted",2024-11-18 12:13:32,7,True,3.0,3.0,-1.0,-2.0,9,1,0.1779,0.488,0.432,4.111111111111111,0,0,0,12,0,2024-11-08 12:36:57,9,1.7058823529411764,1.3529411764705883,0.0,1.0,1.6494205756247002,17,-0.3194444444444444
138,3486,"Tired , Quiet , Loved , Happy , Happy",2024-11-21 17:11:39,7,True,2.0,1.0,0.0,0.0,9,1,0.8555,0.743,0.191,3.2222222222222223,0,0,0,17,3,2024-11-08 12:36:57,13,1.7777777777777777,1.4444444444444444,3.0,3.0,1.6289858106324409,18,0.2222222222222221
139,3487,"happy , fantastic , cool , delightful , reserved",2024-11-12 12:09:12,7,True,3.0,2.0,0.0,0.0,9,1,0.9246,0.931,0.0,4.444444444444445,0,0,0,12,1,2024-11-12 12:09:12,0,2.0,1.0,2.0,1.0,0.0,0,0.0
139,3488,"Confident , Relaxed , Happy , Buzzed , Energetic",2024-11-12 17:07:51,7,True,3.0,2.0,0.0,1.0,9,1,0.9186,0.929,0.0,4.444444444444445,0,0,0,17,1,2024-11-12 12:09:12,0,3.0,2.0,3.0,2.0,0.0,1,0.0
139,3489,"I feel relaxed and euphoric , with reduced inhibitions and heightened sociability , often accompanied by a sense of warmth and calmness . I feel so confident and energetic to try out new things and do the things I’m scared of without being scared or anxious , I feel so lightheaded , impaired balance with heightened mood \ nI feel so cool and reserved and have less worry and increased emotional sensitivity ……… \ n \ nIt feels like I’m at the top of the world and having confidence to try out new things",2024-11-12 22:08:36,7,False,3.0,3.0,0.0,-1.0,94,0,0.9708,0.323,0.11,4.382978723404255,3,0,3,22,1,2024-11-12 12:09:12,0,3.0,2.0,3.0,2.0,0.0,2,0.0
139,3490,"I currently feel relaxed and euphoric , with a sense of warmth spreading throughout my body , accompanied by reduced inhibitions and heightened sociability .\ nEmotionally , I feel anxious , depressed and irritable , with heightened sensitivity to surroundings , struggling to focus and maintain a clear train of thought .",2024-11-13 12:02:59,7,False,3.0,2.0,1.0,-1.0,52,0,0.4767,0.255,0.22,5.211538461538462,3,0,0,12,2,2024-11-12 12:09:12,0,3.0,2.3333333333333335,3.0,3.0,0.0,3,0.0
139,3491,"I currently feel relaxed and euphoric , with a sense of warmth spreading throughout my body , accompanied by reduced inhibitions and heightened sociability . My thoughts are slightly foggy , and my coordination is impaired , making everyday tasks challenging . Physically , I ' m experiencing a pleasant numbness .\ n \ n , I feel lethargic and weak , with hangover symptoms like headaches , fatigue and nausea setting in . Emotionally , I ' m anxious and irritable , struggling to focus . My body feels drained .\ n \ n I feel disoriented and confused , with increased emotional sensitivity and mood swings causing regrettable decisions and actions .",2024-11-13 17:10:16,7,False,4.0,1.0,-2.0,1.0,114,0,-0.5994,0.209,0.261,4.719298245614035,9,0,0,17,2,2024-11-12 12:09:12,1,3.0,2.25,3.0,2.0,0.0,4,0.0
139,3493,"I ' m feeling relaxed and calm , with a gentle haze enveloping my thoughts . The alcohol ' s warmth has seeped into my muscles , easing any tension or stress , and my senses seem slightly dulled . My thoughts are floating effortlessly .\ nI feel a soothing tranquility wash over me , calming my mind and easing my muscles . The initial sharpness of my thoughts begins to blur , replaced by a gentle haze that softens the edges of my worries . My senses , once acute , now feel slightly dulled , as if viewed through a warm , fuzzy lens . The world around me seems more mellow .\ nMy limbs feel heavier , weighed down by a pleasant lethargy that discourages unnecessary movement . Conversation flows more easily , unencumbered by self-consciousness or inhibitions . Emotions , too , become more fluid , with laughter and smiles emerging more readily \ n \ n",2024-11-13 22:06:07,7,False,2.0,2.0,0.0,1.0,161,0,0.9668,0.257,0.119,4.3229813664596275,12,0,0,22,2,2024-11-12 12:09:12,1,3.2,2.0,4.0,1.0,0.4472135954999579,5,0.3333333333333335
139,3494,"Happy , Calm , Cool , Energetic , Reserved",2024-11-14 12:05:54,7,True,2.0,3.0,1.0,-2.0,9,1,0.8807,0.918,0.0,3.7777777777777777,0,0,0,12,3,2024-11-12 12:09:12,1,3.0,2.0,2.0,2.0,0.6324555320336759,6,0.0
139,3495,"I ' m feeling slightly relaxed , with a subtle warmth spreading through my body . My senses remain sharp , but my mind has eased into a calm , gentle hum . Clarity and focus remain intact . A gentle warmth spreads throughout my body , easing any residual tension and promoting relaxation . My mind , previously alert and active , slows its pace slightly , adopting a calm and serene demeanor \ nMy senses remain sharp and responsive , with no noticeable diminishment in clarity or focus . Emotionally , I feel more at ease , with concerns or worries diminishing in intensity . Social interactions become more comfortable , with conversation flowing effortlessly . Laughter and smiles emerge more readily . my thinking remains clear and logical . Problem-solving abilities and decision-making capacities seem unaffected . Memory recall and concentration remain intactBalance and coordination are maintained .",2024-11-14 17:06:22,7,False,3.0,1.0,1.0,2.0,151,0,0.9971,0.446,0.052,5.013245033112582,8,0,0,17,3,2024-11-12 12:09:12,2,2.857142857142857,2.142857142857143,2.0,3.0,0.6900655593423541,7,-0.25
139,3496,"Happy , Relaxed , Calm , Tranquil , Serene",2024-11-14 22:03:43,7,True,4.0,3.0,-1.0,-1.0,9,1,0.9081,1.0,0.0,3.7777777777777777,0,0,0,22,3,2024-11-12 12:09:12,2,2.875,2.0,3.0,1.0,0.6408699444616557,8,-0.25
139,3497,"I ' m feeling rather chill and relaxed , like the tension in my body has dissipated , leaving me with a warm , fuzzy sensation . My thoughts are still clear , but my mind has shifted gears , and I ' m now cruising at a leisurely pace , enjoying the gentle buzz .\ n \ nThe gentle warmth spreading through my veins is soothing , calming my nervous system and quieting my racing thoughts . My senses remain sharp , but my perception has softened , allowing me to view the world with a more relaxed , laid-back attitude . I find myself laughing more easily , connecting with others on a deeper level . My worries haven ' t vanished , but they ' ve receded into the background , allowing me to focus on the present moment .",2024-11-15 12:03:26,7,False,3.0,2.0,0.0,0.0,143,0,0.9875,0.302,0.056,4.034965034965035,16,0,0,12,4,2024-11-12 12:09:12,2,3.0,2.111111111111111,4.0,3.0,0.7071067811865476,9,0.0
139,3498,"Happy , Energetic , Calm , Cool , Reserved",2024-11-15 17:05:45,7,True,3.0,2.0,0.0,1.0,9,1,0.8807,0.918,0.0,3.7777777777777777,0,0,0,17,4,2024-11-12 12:09:12,3,3.0,2.1,3.0,2.0,0.6666666666666666,10,-0.40000000000000036
139,3499,"I currently feel mildly relaxed and calm , with a subtle sense of euphoria and reduced inhibitions ,   My senses remain relatively sharp , with minimal impairment to coordination and cognitive function , although I may experience slight dizziness .",2024-11-15 22:11:13,7,False,3.0,3.0,0.0,-2.0,40,0,0.8402,0.247,0.045,5.175,3,0,0,22,4,2024-11-12 12:09:12,3,3.0,2.090909090909091,3.0,2.0,0.6324555320336759,11,-0.3666666666666667
139,3500,"I ' m feeling rather chill and relaxed , like the tension in my body has dissipated , leaving me with a warm , fuzzy sensation . My thoughts are still clear , but my mind has shifted gears , and I ' m now cruising at a leisurely pace , enjoying the gentle buzz .\ n \ nThe gentle warmth spreading through my veins is soothing , calming my nervous system and quieting my racing thoughts . My senses remain sharp , but my perception has softened , allowing me to view the world with a more relaxed , laid-back attitude . I find myself laughing more easily , connecting with others on a deeper level . My worries haven ' t vanished , but they ' ve receded into the background , allowing me to focus on the present moment .",2024-11-16 12:21:53,7,False,3.0,1.0,1.0,1.0,143,0,0.9875,0.302,0.056,4.034965034965035,16,0,0,12,5,2024-11-12 12:09:12,4,3.0,2.1666666666666665,3.0,3.0,0.6030226891555273,12,0.0
139,3501,"Delighted , Cool , Calm , Lively , Serene",2024-11-16 17:02:51,7,True,4.0,2.0,-1.0,0.0,9,1,0.9153,1.0,0.0,3.6666666666666665,0,0,0,17,5,2024-11-12 12:09:12,4,3.0,2.076923076923077,3.0,1.0,0.5773502691896257,13,0.0
139,3502,"I feel relaxed and calm , with moderate euphoria and reduced inhibitions . My senses are somewhat impaired , with mild dizziness , slight confusion , and decreased coordination , with potential slurred speech and impaired judgment .",2024-11-16 22:06:10,7,False,3.0,2.0,1.0,-1.0,38,0,0.7783,0.253,0.103,5.131578947368421,2,0,0,22,5,2024-11-12 12:09:12,4,3.0714285714285716,2.0714285714285716,4.0,2.0,0.6157279262148818,14,0.4285714285714284
139,3504,"Happy , Delightful , Calm , Contented , Reserved",2024-11-17 12:04:33,7,True,4.0,1.0,0.0,2.0,9,1,0.9042,0.924,0.0,4.444444444444445,0,0,0,12,6,2024-11-12 12:09:12,4,3.066666666666667,2.066666666666667,3.0,2.0,0.5936168397046636,15,0.3928571428571428
139,3505,"Warm , Relaxed , Calm , Fuzzy , Excited",2024-11-17 17:06:13,7,True,4.0,3.0,-2.0,-1.0,9,1,0.8316,0.907,0.0,3.4444444444444446,0,0,0,17,6,2024-11-12 12:09:12,5,3.125,2.0,4.0,1.0,0.6191391873668903,16,0.5
139,3506,"Cool , Calm , Quiet , Depressed , Nervous",2024-11-18 12:05:54,7,True,2.0,2.0,2.0,-1.0,9,1,-0.2023,0.418,0.491,3.6666666666666665,0,0,0,12,0,2024-11-12 12:09:12,5,3.176470588235294,2.0588235294117645,4.0,3.0,0.6359337738364604,17,0.5694444444444446
139,3507,"Calm , Happy , Cool , Excited , Reserved",2024-11-18 22:05:18,7,True,4.0,1.0,-2.0,1.0,9,1,0.8658,0.915,0.0,3.5555555555555554,0,0,0,22,0,2024-11-12 12:09:12,6,3.111111111111111,2.0555555555555554,2.0,2.0,0.6763995415945232,18,0.22222222222222232
139,3508,"my senses are slightly numb , and coordination takes a bit more effort . Simple tasks require a tad more concentration , and reaction times slow down . My body feels warm , flushed , and cozy .\ nMy worries seem to fade away , replaced by a carefree attitude and increased sociability .",2024-11-19 12:12:44,7,False,2.0,2.0,0.0,0.0,54,0,0.4391,0.174,0.097,4.314814814814815,2,0,0,12,1,2024-11-12 12:09:12,7,3.1578947368421053,2.0,4.0,1.0,0.6882472016116853,19,0.2999999999999998
140,3530,I would say that I am feeling relaxed . Also another way that I would be feeling is happy and the reason for that is because I have been able to spend time with family and also to enjoy the weather also,2024-08-08 17:01:04,7,False,4.0,1.0,0.0,0.0,42,0,0.9022,0.29,0.0,3.8333333333333335,4,0,0,17,3,2024-08-08 17:01:04,0,2.0,1.0,2.0,1.0,0.0,0,0.0
140,3531,"Happy , Great , Peaceful , Na , Na",2024-08-09 17:07:58,7,True,4.0,1.0,-2.0,1.0,9,1,0.9001,0.846,0.0,2.888888888888889,0,0,0,17,4,2024-08-08 17:01:04,1,4.0,1.0,4.0,1.0,0.0,1,0.0
140,3532,I would say that right now that I am feeling relax . The reason that I say that is because it is the weekend and also I am just watching movies . Also the reason thay I say this is because I am happy and also doing something that I enjoy doing alot of the times also,2024-08-10 17:06:05,7,False,2.0,2.0,0.0,0.0,57,0,0.8834,0.204,0.0,3.6842105263157894,7,0,0,17,5,2024-08-08 17:01:04,2,4.0,1.0,4.0,1.0,0.0,2,0.0
140,3533,I am feeling happy right now because I am able to relax and also have the day off of work .   Also another reason why I am not feeling the bad is because I was able to spend time with family today . Also another reason I feel good is because I was able to also get some work done today .,2024-08-10 22:00:46,7,False,2.0,2.0,2.0,-1.0,62,0,0.9239,0.246,0.0,3.6129032258064515,6,0,0,22,5,2024-08-08 17:01:04,2,3.3333333333333335,1.3333333333333333,2.0,2.0,1.1547005383792515,3,-1.0
140,3534,I would say now the way that I am feeling is content and also relax and the reason that I am feeling this way is because I feel that I have made good time of this weekend . Also another reason is because I was able to rest and I also feel alot more better and rested .,2024-08-11 12:00:45,7,False,4.0,1.0,-4.0,0.0,58,0,0.8748,0.214,0.0,3.6379310344827585,7,0,0,12,6,2024-08-08 17:01:04,2,3.0,1.5,2.0,2.0,1.1547005383792515,4,-2.0
140,3535,The way that I am feeling is frustrated right now and the reason for that is because of the way that I am feeling now . The reason that I say that is because some days no matter how hard you try it is like some people try so hard to get to mad .,2024-08-11 17:02:59,7,False,0.0,1.0,2.0,1.0,55,0,-0.7184,0.111,0.196,3.4727272727272727,3,0,1,17,6,2024-08-08 17:01:04,3,3.2,1.4,4.0,1.0,1.0954451150103321,5,-1.3333333333333335
140,3542,"Average , Ok , Making it , Na , Na",2024-08-11 22:02:55,7,True,2.0,2.0,0.0,0.0,10,1,0.296,0.306,0.0,2.5,0,0,0,22,6,2024-08-08 17:01:04,3,2.6666666666666665,1.3333333333333333,0.0,1.0,1.632993161855452,6,-1.3333333333333335
140,3543,Overall the way that I am feeling right now would be not bad but also happy also . The reason that I say this is because I have had am good morning   and also was able to relax an little also . Also another reason thaylt I say this is because I was able to have an good breakfast that I also had enjoyed .,2024-08-12 12:02:19,7,False,2.0,2.0,2.0,-1.0,65,0,0.9756,0.331,0.0,3.6769230769230767,6,0,0,12,0,2024-08-08 17:01:04,3,2.5714285714285716,1.4285714285714286,2.0,2.0,1.511857892036909,7,-1.3333333333333335
140,3544,I would say the way that I am feeling right now is that I am satisfied and the reason for that is because I am relaxed and also at peace . The reason that I say that is because I am out in nature and it is something that is relaxing to me .,2024-08-12 17:01:36,7,False,4.0,1.0,-2.0,1.0,54,0,0.9217,0.257,0.0,3.462962962962963,7,0,0,17,0,2024-08-08 17:01:04,4,2.5,1.5,2.0,2.0,1.4142135623730951,8,-1.0
140,3545,"Even , Good , Fine , Relaxed , Na",2024-08-12 22:01:05,7,True,2.0,2.0,2.0,-1.0,9,1,0.7845,0.798,0.0,2.7777777777777777,0,0,0,22,0,2024-08-08 17:01:04,4,2.6666666666666665,1.4444444444444444,4.0,1.0,1.4142135623730951,9,-0.6000000000000001
140,3546,"Energized , Happy , Relaxed , Na , Na",2024-08-13 12:13:01,7,True,4.0,1.0,-2.0,1.0,9,1,0.8807,0.836,0.0,3.2222222222222223,0,0,0,12,1,2024-08-08 17:01:04,4,2.6,1.5,2.0,2.0,1.349897115421106,10,-1.2000000000000002
140,3547,I would say that the way that I am feeling right now is that I am content and also happy at the same time .   The reason that I say this is because I was able to spend time with family and also be able to get work done at the same time also .,2024-08-13 17:05:24,7,False,2.0,2.0,0.0,0.0,55,0,0.6369,0.102,0.0,3.381818181818182,5,0,0,17,1,2024-08-08 17:01:04,5,2.727272727272727,1.4545454545454546,4.0,1.0,1.3483997249264843,11,-0.8666666666666667
140,3548,"Good , Calm , Tired , Ok , Na",2024-08-13 22:02:48,7,True,2.0,2.0,0.0,0.0,9,1,0.5423,0.655,0.257,2.3333333333333335,0,0,0,22,1,2024-08-08 17:01:04,5,2.6666666666666665,1.5,2.0,2.0,1.3026778945578592,12,0.0
140,3549,I would say that right now that I feel content with where I am and also am enjoying time with family right now .   Also it is an day that you are able to enjoy the weather that it is nice today .   Also it is an great day to be alive today,2024-08-14 12:01:16,7,False,2.0,2.0,2.0,-1.0,53,0,0.9442,0.272,0.0,3.452830188679245,3,0,0,12,2,2024-08-08 17:01:04,5,2.6153846153846154,1.5384615384615385,2.0,2.0,1.2608503439122303,13,-0.0952380952380949
140,3550,The reason that I would say   that I feel calm is because I was able to go out and enjoy what nature had to offer me and also it is something that is an good stress reliver also .   Also it was an time that I was able to spend time with family .,2024-08-14 17:01:31,7,False,4.0,1.0,0.0,0.0,54,0,0.6808,0.152,0.051,3.4814814814814814,5,0,0,17,2,2024-08-08 17:01:04,6,2.5714285714285716,1.5714285714285714,2.0,2.0,1.2224996910042534,14,0.0
140,3551,I would say that I am feeling pretty good and also happy at this moment . The reason that I say this is because I am on vacation and also enjoying the time that I get to spend with family . Also I would say that it was an time that I was having fun,2024-08-14 22:03:31,7,False,4.0,1.0,0.0,0.0,55,0,0.9517,0.31,0.0,3.5272727272727273,7,0,0,22,2,2024-08-08 17:01:04,6,2.6666666666666665,1.5333333333333334,4.0,1.0,1.234426799696735,15,0.17857142857142838
140,3553,"Calm , Happy , Peaceful , Na , Na",2024-08-15 12:04:18,7,True,4.0,1.0,0.0,0.0,9,1,0.8481,0.821,0.0,2.7777777777777777,0,0,0,12,3,2024-08-08 17:01:04,6,2.75,1.5,4.0,1.0,1.2382783747337807,16,0.5
141,3572,"Normal , Calm , Reserved , Nil , Nil",2024-08-24 17:29:36,7,True,2.0,2.0,0.0,-1.0,9,1,0.3182,0.365,0.0,3.111111111111111,0,0,0,17,5,2024-08-24 17:29:36,0,2.0,1.0,2.0,1.0,0.0,0,0.0
141,3573,"Unhappy , Feeling natural , Stressed , Tired , Nothing else",2024-08-24 22:01:03,7,True,2.0,1.0,0.0,2.0,11,1,-0.6249,0.284,0.574,4.454545454545454,0,0,0,22,5,2024-08-24 17:29:36,0,2.0,2.0,2.0,2.0,0.0,1,0.0
141,3575,"Active , Tipsy , Lively , Drunk , Drained",2024-08-25 22:04:51,7,True,2.0,3.0,1.0,-1.0,9,1,0.1779,0.487,0.426,3.6666666666666665,0,0,0,22,6,2024-08-24 17:29:36,1,2.0,1.5,2.0,1.0,0.0,2,0.0
141,3576,I feel tipsy very stressed and tired today I feel so sick and tired but I’m gonna be fine just a little bit drunk too took a few bottles i don’t really know what’s wrong with me right now am just stressed out but I’m gonna be okay \n,2024-08-26 22:37:35,7,False,3.0,2.0,0.0,1.0,49,0,-0.9306,0.077,0.329,3.7755102040816326,4,0,3,22,0,2024-08-24 17:29:36,2,2.0,2.0,2.0,3.0,0.0,3,0.0
141,3577,"Happy , A bit joyful , Glad , Impressed , Joyful",2024-08-30 12:49:30,7,True,3.0,3.0,0.0,-1.0,11,1,0.9559,0.946,0.0,3.4545454545454546,0,0,0,12,4,2024-08-24 17:29:36,5,2.25,2.0,3.0,2.0,0.5,4,0.5
141,3578,I feel stressed out but at the same time a little bit happy and I took a few bottles of alcohol outside in my garage today so am stressed out and a little bit drunk not that drunk I just feel really tired and stressed out,2024-08-30 22:14:36,7,False,3.0,2.0,-2.0,0.0,46,0,-0.8984,0.084,0.318,3.8260869565217392,4,0,2,22,4,2024-08-24 17:29:36,6,2.4,2.2,3.0,3.0,0.5477225575051661,5,0.6666666666666665
141,3579,"Sad , Tired , Stressed , Annoyed , Nervous",2024-08-31 22:22:53,7,True,1.0,2.0,0.0,0.0,9,1,-0.9022,0.0,1.0,3.7777777777777777,0,0,0,22,5,2024-08-24 17:29:36,7,2.5,2.1666666666666665,3.0,2.0,0.5477225575051661,6,1.0
141,3580,"I feel so empty and lost right now ,I do not have the right words I need to explain this kinda feeling but I feel lost and confused ,I am hopeful anyways hoping it all get better and I get to know what’s going on",2024-09-01 12:41:00,7,False,1.0,2.0,1.0,1.0,45,0,0.6683,0.235,0.173,3.7333333333333334,4,0,1,12,6,2024-08-24 17:29:36,7,2.2857142857142856,2.142857142857143,1.0,2.0,0.7559289460184545,7,0.5
141,3581,"It’s Monday and PERSON got no time to slack or feel down ,I am happy about this new week and hope all goodness comes with it .\ nI am active ,cheerful ,happy about the new week and of course PERSON gat to win my bosses heart This week .",2024-09-02 12:55:43,7,False,2.0,3.0,1.0,-1.0,49,0,0.9686,0.356,0.034,3.836734693877551,1,0,0,12,0,2024-08-24 17:29:36,8,2.125,2.125,1.0,2.0,0.8345229603962802,8,-0.25
141,3582,I am so glad that my work got acknowledged today \nThis happened several months back and now it feels like I am on top of the world \nI know this means I gat to push harder go further and do stuffs right \nBut yes am not stopping I keep pushing,2024-09-02 22:11:27,7,False,3.0,2.0,-1.0,0.0,50,0,0.867,0.223,0.0,3.9,5,0,1,22,0,2024-08-24 17:29:36,9,2.111111111111111,2.2222222222222223,2.0,3.0,0.7817359599705717,9,-0.25
141,3583,"I feel glad about today and all that u have seen and heard so far ,I am hopeful and excited for great news and greatness today I would say that has made me positive and somewhat happy too \nI should do a great job at work to feel even better",2024-09-03 12:32:15,7,False,2.0,2.0,-2.0,-1.0,50,0,0.9794,0.414,0.0,3.84,3,0,1,12,1,2024-08-24 17:29:36,9,2.2,2.2,3.0,2.0,0.7888106377466155,10,-0.3999999999999999
141,3584,"Stressed , Tired , Downcast , Sad , Annoyed",2024-09-03 22:05:17,7,True,0.0,1.0,0.0,0.0,9,1,-0.9153,0.0,1.0,3.888888888888889,0,0,0,22,1,2024-08-24 17:29:36,10,2.1818181818181817,2.1818181818181817,2.0,2.0,0.7507571935295483,11,-0.3999999999999999
142,3586,I am tired from getting up several times last night with my 94 year old mother who is home on hospice . I am also concerned about my adult son who lives in GPE and is on the spectrum . He is in his senior year of college and has hit a rough patch .,2024-11-12 12:01:44,7,False,2.0,1.0,0.0,1.0,55,0,-0.4404,0.0,0.057,3.5272727272727273,4,0,0,12,1,2024-11-12 12:01:44,0,2.0,1.0,2.0,1.0,0.0,0,0.0
142,3587,I am feeling a little tired because I was up a lot last night with my mother . I have to keep track of her getting up at night to use the bathroom so that she doesn’t fall . The hospice nurse came to evaluate my mom for a catheter . I’m sharing this information with my sister and mom so that we can decide how to proceed .,2024-11-12 17:01:54,7,False,2.0,2.0,-2.0,1.0,69,0,0.1761,0.068,0.041,3.6956521739130435,6,0,2,17,1,2024-11-12 12:01:44,0,2.0,1.0,2.0,1.0,0.0,1,0.0
142,3588,"Anxious , Empathetic , Frustrated , Concerned , Sad",2024-11-12 22:22:22,7,True,0.0,3.0,0.0,-2.0,9,1,-0.7003,0.221,0.697,4.777777777777778,0,0,0,22,1,2024-11-12 12:01:44,0,2.0,1.5,2.0,2.0,0.0,2,0.0
142,3589,"Tired , Frustrated , Drained , Stressed , Anxious",2024-11-13 12:02:20,7,True,0.0,1.0,3.0,1.0,9,1,-0.9042,0.0,1.0,4.555555555555555,0,0,0,12,2,2024-11-12 12:01:44,1,1.3333333333333333,2.0,0.0,3.0,1.1547005383792517,3,-1.0
142,3590,I’m currently feeling happy because the hospice aide was here and it gave me a chance to leave my mother’s house . I stay here 24 hours a day during the weeks that I am slated to care for my mother . My sister and I take turns caretaking my mom and it’s usually on a weekly schedule . I was abide to use this time to go for a walk at the bay which isn’t far from here . The sunshine and exercise always help me to recharge .,2024-11-13 17:01:53,7,False,3.0,2.0,-2.0,-1.0,90,0,0.9337,0.186,0.014,3.7222222222222223,10,0,0,17,2,2024-11-12 12:01:44,1,1.0,1.75,0.0,1.0,1.1547005383792515,4,-2.0
142,3591,"Tired , A bit hopeful , Anxious , A touch pessimistic , Perseverant",2024-11-13 22:04:36,7,True,1.0,1.0,1.0,1.0,13,1,-0.4767,0.241,0.54,4.230769230769231,0,0,0,22,2,2024-11-12 12:01:44,1,1.4,1.8,3.0,2.0,1.3416407864998738,5,-1.0
142,3592,I’m currently feeling neutral - neither sad nor happy . The electrician is here at my mom’s house to fix some electrical issues she was having so I’m glad that I was able to get an electrician here . I spoke to my son last night and he’s still very anxious about passing the last 2 courses he needs to complete before his senior year project . I know that talking with me helped him vent his stress and hopefully allow him get some relief . It is hard to hear your adult son who is on the autism spectrum so upset especially when he’s so far away . I’m hoping that he can get through this math class roadblock so that he can finish his degree and hopefully move further north to be around his family and friends . He is very isolated from his support system in GPE . It’s sometimes hard to know where I can be of support that assists him and doesn’t enable him .,2024-11-14 12:03:42,7,False,2.0,2.0,1.0,-1.0,170,0,0.949,0.172,0.076,4.076470588235294,7,0,6,12,3,2024-11-12 12:01:44,2,1.3333333333333333,1.6666666666666667,1.0,1.0,1.2110601416389968,6,0.0
142,3593,I am feeling content right now as I have been able to accomplish a lot of things today . I worked with my sister to get my mother to consider a catheter which was recommended for her by the hospice staff . I interpreted the nurse’s concerns and my sister’s explanation of support for the procedure so it feels like we are making progress . My mom’s issue with an overactive bladder has interfered with her sleep as well as my sister and I as her live in caregivers . She is currently getting up every 1-2 hours around the clock to use the bathroom . She is getting exhausted and has fallen twice . I also got a 2 hour break today while the hospice aide was here . I was able to go for a nice walk on the beach and it was refreshing .,2024-11-14 17:03:39,7,False,3.0,1.0,-2.0,2.0,147,0,0.9055,0.136,0.035,3.993197278911565,12,0,1,17,3,2024-11-12 12:01:44,2,1.4285714285714286,1.7142857142857142,2.0,2.0,1.1338934190276817,7,0.16666666666666674
142,3594,I’m currently nervous because I went to my audiologist appointment today and she saw what appears to be a tick in my left ear . After calling all the local ENT offices I finally got a doctor to see me today . I’m currently waiting to see the doctor . I’m also feeling disappointed as my mother has resisted having the catheter inserted that would address all her overactive bladder issues and allow all of us to sleep through the night .,2024-11-15 17:54:05,7,False,1.0,3.0,2.0,-2.0,82,0,-0.4215,0.043,0.066,4.341463414634147,6,0,0,17,4,2024-11-12 12:01:44,3,1.625,1.625,3.0,1.0,1.1877349391654208,8,1.25
142,3595,"Calm , Organized , Communicative , Teamwork , On track",2024-11-16 17:01:43,7,True,3.0,1.0,0.0,0.0,10,1,0.3182,0.315,0.0,4.5,0,0,0,17,5,2024-11-12 12:01:44,4,1.5555555555555556,1.7777777777777777,1.0,3.0,1.1303883305208782,9,1.0
144,3646,"Tired , Calm , Neutral , Balanced , Focused",2024-10-15 12:00:51,7,True,2.0,1.0,1.0,0.0,9,1,0.25,0.5,0.296,3.888888888888889,0,0,0,12,1,2024-10-15 12:00:51,0,2.0,1.0,2.0,1.0,0.0,0,0.0
144,3647,"I am currently feeling a little tired but calm and content . I am not overly joyous , but I do not feel sad or anxious at the moment . I am focused on my work for the day but I do not feel stressed about it .",2024-10-15 17:00:50,7,False,3.0,1.0,0.0,1.0,48,0,0.5179,0.253,0.169,3.3541666666666665,6,0,0,17,1,2024-10-15 12:00:51,0,2.0,1.0,2.0,1.0,0.0,1,0.0
144,3648,"Right now , I feel quite relaxed and happy . I am still a slightly tired , mostly from the work day , but I also feel content and calm . My mood is generally positive and I am not stressed or anxious about anything .",2024-10-15 22:02:34,7,False,3.0,2.0,0.0,0.0,46,0,0.9376,0.367,0.038,3.717391304347826,5,0,0,22,1,2024-10-15 12:00:51,0,2.5,1.0,3.0,1.0,0.7071067811865476,2,1.0
144,3649,"Calm , Content , Happy , Relaxed , Balanced",2024-10-16 12:14:41,7,True,3.0,2.0,-2.0,1.0,9,1,0.8481,0.821,0.0,3.888888888888889,0,0,0,12,2,2024-10-15 12:00:51,1,2.6666666666666665,1.3333333333333333,3.0,2.0,0.5773502691896258,3,1.0
144,3650,"I feel a bit jittery coming off of a few work presentations . However , I do not feel stressed , but rather , relieved that they are over . I am feeling energized and positive today overall , and I feel less tired than I usually do at this time of day .",2024-10-16 17:21:43,7,False,1.0,3.0,1.0,-1.0,54,0,0.9119,0.3,0.064,3.7037037037037037,5,0,0,17,2,2024-10-15 12:00:51,1,2.75,1.5,3.0,2.0,0.5,4,0.5
144,3651,"I feel very neutral right now . I am not stressed or anxious . I am not feeling any strong emotions at the moment . I am calm , content , ’ and balanced . I am not jittery , tired , sad , or overly joyous .",2024-10-16 22:09:00,7,False,2.0,2.0,0.0,-1.0,48,0,0.8769,0.35,0.094,3.3125,5,0,1,22,2,2024-10-15 12:00:51,1,2.4,1.8,1.0,3.0,0.8944271909999159,5,-0.16666666666666652
144,3652,"This morning , I am feeling very neutral and contemplative . I am not feeling stressed or anxious . I am not feeling overly joyous or overly sad . I am also not feeling angry . I am feeling quiet and calm .",2024-10-17 12:01:06,7,False,2.0,1.0,-1.0,1.0,43,0,0.2833,0.331,0.191,3.813953488372093,5,0,1,12,3,2024-10-15 12:00:51,2,2.3333333333333335,1.8333333333333333,2.0,2.0,0.816496580927726,6,-0.6666666666666665
144,3654,"Sad , Nostalgic , Empathetic , Emotional , Sympathetic",2024-10-17 17:11:06,7,True,1.0,2.0,2.0,0.0,9,1,0.5423,0.65,0.265,5.111111111111111,0,0,0,17,3,2024-10-15 12:00:51,2,2.2857142857142856,1.7142857142857142,2.0,1.0,0.7559289460184545,7,-0.6666666666666665
144,3655,"Right now , I feel somewhat happy and content . I feel very comfortable and calm . I do not feel stressed or anxious . I am excited for the weekend ahead . I am looking forward to having time to rest and spend time with loved ones . I do not feel as sad as I did earlier .",2024-10-17 22:04:54,7,False,3.0,2.0,1.0,-1.0,60,0,0.9549,0.338,0.033,3.55,7,0,1,22,3,2024-10-15 12:00:51,2,2.125,1.75,1.0,2.0,0.8345229603962802,8,-1.25
144,3656,Right now I feel happy and content . I am looking forward to a restful and enjoyable weekend . I do not feel anxious or stressed about anything . I do not feel sad or angry . I feel balanced and at ease .,2024-10-18 12:05:01,7,False,4.0,1.0,-2.0,1.0,44,0,0.8479,0.341,0.122,3.659090909090909,5,0,0,12,4,2024-10-15 12:00:51,3,2.2222222222222223,1.7777777777777777,3.0,2.0,0.8333333333333334,9,-0.95
144,3657,"Neutral , Calm , Content , Balanced , Relaxed",2024-10-18 17:01:08,7,True,2.0,2.0,1.0,0.0,9,1,0.6705,0.647,0.0,4.111111111111111,0,0,0,17,4,2024-10-15 12:00:51,3,2.4,1.7,4.0,1.0,0.9660917830792959,10,0.0
144,3658,"Happy , Calm , Balanced , Relaxed , Hopeful",2024-10-18 22:05:16,7,True,3.0,2.0,0.0,0.0,9,1,0.91,0.926,0.0,3.888888888888889,0,0,0,22,4,2024-10-15 12:00:51,3,2.3636363636363638,1.7272727272727273,2.0,2.0,0.9244162777371754,11,-0.06666666666666643
144,3659,Right now I feel energized and happy . I am hopeful and looking forward to the day . I feel content and balanced . I am not stressed or anxious about anything right now . I feel generally in good spirits .,2024-10-19 12:03:42,7,False,3.0,2.0,1.0,-1.0,42,0,0.943,0.395,0.0,3.9047619047619047,5,0,0,12,5,2024-10-15 12:00:51,4,2.4166666666666665,1.75,3.0,2.0,0.90033663737852,12,0.16666666666666652
144,3660,"Calm , Content , Positive , Productive , Happy",2024-10-19 17:01:07,7,True,4.0,1.0,0.0,1.0,9,1,0.8625,0.828,0.0,4.222222222222222,0,0,0,17,5,2024-10-15 12:00:51,4,2.4615384615384617,1.7692307692307692,3.0,2.0,0.8770580193070292,13,0.23809523809523814
144,3661,I feel happy and content at this moment . I do not feel stressed or anxious about anything . I feel relaxed and positive . I feel very at ease . I am feeling excitement for the rest of the weekend . My outlook is generally positive .,2024-10-19 22:03:11,7,False,4.0,2.0,-2.0,-1.0,48,0,0.9666,0.44,0.037,3.875,6,0,1,22,5,2024-10-15 12:00:51,4,2.5714285714285716,1.7142857142857142,4.0,1.0,0.9376144618769908,14,0.5714285714285716
144,3662,"I have felt very happy all day , but right now I feel tired and in need of a nap . However , I do not feel drained or bad . I do not feel sad , anxious , or stressed about anything . I feel quiet and content , as well as relaxed and cozy .",2024-10-20 17:02:21,7,False,2.0,1.0,-1.0,2.0,57,0,0.593,0.282,0.188,3.210526315789474,5,0,1,17,6,2024-10-15 12:00:51,5,2.6666666666666665,1.7333333333333334,4.0,2.0,0.9759000729485332,15,0.7142857142857144
144,3663,Right now I feel somewhat stressed . I am stressed about getting dinner prepared . A series of events happened while making dinner that caused me to feel stressed and anxious . I am starting to feel better thought .,2024-10-20 22:03:55,7,False,1.0,3.0,2.0,-1.0,40,0,-0.3655,0.123,0.213,4.4,4,0,0,22,6,2024-10-15 12:00:51,5,2.625,1.6875,2.0,1.0,0.9574271077563381,16,1.0
144,3665,"Happy , Excited , Balanced , Positive , Energized",2024-10-21 12:17:14,7,True,3.0,2.0,-2.0,-1.0,9,1,0.9186,0.929,0.0,4.555555555555555,0,0,0,12,0,2024-10-15 12:00:51,6,2.5294117647058822,1.7647058823529411,1.0,3.0,1.007326105267277,17,0.7638888888888888
144,3666,"Tired , Sick , Sluggish , Slow , Sleepy",2024-10-21 17:19:43,7,True,1.0,1.0,2.0,1.0,9,1,-0.836,0.0,0.817,3.4444444444444446,0,0,0,17,0,2024-10-15 12:00:51,6,2.5555555555555554,1.7777777777777777,3.0,2.0,0.9835244081556432,18,0.6666666666666665
144,3667,"Happy , Tired , Content , Calm , Sleepy",2024-10-21 22:01:05,7,True,3.0,2.0,0.0,0.0,9,1,0.4767,0.55,0.266,3.4444444444444446,0,0,0,22,0,2024-10-15 12:00:51,6,2.473684210526316,1.736842105263158,1.0,1.0,1.0202625507753482,19,0.47777777777777786
145,3689,"I feel sad and tired right now . It is a gross , rainy day . I am also upset with my boyfriend at the moment . I am giving space and distance for now . I feel very down in the dumps today . I am hoping that my day gets better soon .",2024-08-07 12:08:02,7,False,1.0,2.0,2.0,0.0,55,0,-0.765,0.143,0.276,3.2363636363636363,7,0,1,12,2,2024-08-07 12:08:02,0,2.0,1.0,2.0,1.0,0.0,0,0.0
145,3690,I am feeling much better about myself . I am talking to my friend on FaceTime now about the stress with my boyfriend . He is still annoying me but it is getting better . Hoping he starts to behave better later,2024-08-07 17:29:29,7,False,3.0,2.0,-2.0,0.0,42,0,0.9178,0.338,0.076,4.0,6,0,0,17,2,2024-08-07 12:08:02,0,1.0,2.0,1.0,2.0,0.0,1,0.0
145,3691,"I feel angry about how my boyfriend is acting and am considering breaking up with him . I am currently cooking dinner and trying to talk to friends as a way to distract myself , but there is only so much more I can take right now",2024-08-07 22:05:10,7,False,1.0,2.0,0.0,1.0,47,0,-0.1779,0.047,0.086,3.893617021276596,5,0,1,22,2,2024-08-07 12:08:02,0,2.0,2.0,3.0,2.0,1.4142135623730951,2,2.0
145,3692,"I am anxious , overwhelmed and upset . I am seriously considering leaving my boyfriend of 5 years over him interfering with my friendships and creating problems . I feel horrible and cannot handle the stress",2024-08-08 17:50:25,7,False,1.0,3.0,2.0,-2.0,36,0,-0.6331,0.204,0.306,4.777777777777778,5,0,0,17,3,2024-08-07 12:08:02,1,1.6666666666666667,2.0,1.0,2.0,1.1547005383792517,3,1.0
145,3693,I feel a bit better about the situation with PERSON . He “tOoK aCcOuNtAbIlItY” for his actions . I hope I can come to a good place after speaking with my friend . I feel bad for how I acted in the whole situation,2024-08-08 22:17:23,7,False,3.0,1.0,0.0,0.0,44,0,0.8126,0.268,0.079,3.840909090909091,6,0,0,22,3,2024-08-07 12:08:02,1,1.5,2.25,1.0,3.0,1.0,4,-1.0
145,3694,I am currently on the train going back to the city . I feel very tired . I did a lot this weekend . I will have a relaxing Sunday night at home . I am a little annoyed people are sitting with me on the train because I feel uncomfortable,2024-08-11 17:15:08,7,False,3.0,1.0,-1.0,2.0,51,0,-0.5994,0.071,0.179,3.6470588235294117,7,0,1,17,6,2024-08-07 12:08:02,4,1.8,2.0,3.0,1.0,1.0954451150103324,5,-0.33333333333333326
145,3695,I am going for a walk right now so I can enjoy the weather and get out of the house . I am happy to get outside and be in the sun . I am also happy to be active since I had foot surgery and couldn’t walk for a while,2024-08-13 17:16:42,7,False,2.0,3.0,0.0,0.0,51,0,0.9271,0.263,0.0,3.235294117647059,5,0,1,17,1,2024-08-07 12:08:02,6,2.0,1.8333333333333333,3.0,1.0,1.0954451150103321,6,0.6666666666666667
146,3706,"Tired , Annoyed , Stressed , Worried , Confused",2024-07-23 12:32:27,7,True,1.0,1.0,-1.0,0.0,9,1,-0.886,0.0,1.0,4.333333333333333,0,0,0,12,1,2024-07-23 12:32:27,0,2.0,1.0,2.0,1.0,0.0,0,0.0
146,3707,I am tired because I had a long workday . I am stressed about my class and upcoming events . I am excited because I will eat food and watch a TV show . I am relieved because I do not need to work tomorrow .,2024-07-23 22:33:11,7,False,0.0,1.0,2.0,2.0,46,0,-0.0772,0.127,0.135,3.5,8,0,0,22,1,2024-07-23 12:32:27,0,1.0,1.0,1.0,1.0,0.0,1,0.0
146,3708,I am feeling active because I got enough sleep . I am feeling calm because I am not working today . I am feeling nervous and hopeful because I need to complete tasks today . I am feeling happy because the weather is nice and cool .\ n,2024-07-24 12:17:13,7,False,2.0,3.0,0.0,-1.0,48,0,0.9517,0.451,0.041,3.8958333333333335,7,0,0,12,2,2024-07-23 12:32:27,0,0.5,1.0,0.0,1.0,0.7071067811865476,2,-1.0
146,3709,"Relaxed , Hopeful , Determined , Calm , Excited",2024-07-24 17:16:19,7,True,2.0,2.0,-1.0,-1.0,9,1,0.9118,1.0,0.0,4.333333333333333,0,0,0,17,2,2024-07-23 12:32:27,1,1.0,1.6666666666666667,2.0,3.0,1.0,3,0.0
146,3710,I am feeling tired because I ate dinner and want to sleep . I am feeling dizzy from looking at my laptop and phone too much . I am feeling determined to study for my test and complete my tasks . I am feeling dreadful about going to work tomorrow .\ n,2024-07-24 22:01:58,7,False,1.0,1.0,0.0,1.0,52,0,-0.25,0.189,0.15,3.826923076923077,8,0,0,22,2,2024-07-23 12:32:27,1,1.25,1.75,2.0,2.0,0.9574271077563381,4,1.5
146,3711,"Tired , Sleepy , Annoyed , Frustrated , Bored",2024-07-25 22:30:15,7,True,1.0,2.0,1.0,-1.0,9,1,-0.875,0.0,0.917,4.111111111111111,0,0,0,22,3,2024-07-23 12:32:27,2,1.2,1.6,1.0,1.0,0.8366600265340756,5,1.1666666666666667
146,3712,"Calm , Relaxed , Excited , Determined , Scared",2024-07-26 22:49:57,7,True,2.0,1.0,-1.0,1.0,9,1,0.7506,0.78,0.22,4.222222222222222,0,0,0,22,4,2024-07-23 12:32:27,3,1.1666666666666667,1.6666666666666667,1.0,2.0,0.752772652709081,6,0.33333333333333326
146,3713,I feel disappointed and frustrated because studying for my class is difficult . I feel sad because summer is almost over and I did not have much fun . I feel overwhelmed because I still have a lot left to do to prepare for school .,2024-07-27 17:24:14,7,False,1.0,2.0,1.0,0.0,46,0,-0.9274,0.026,0.315,4.043478260869565,6,0,0,17,5,2024-07-23 12:32:27,4,1.2857142857142858,1.5714285714285714,2.0,1.0,0.7559289460184545,7,0.5
146,3715,"Stressed , Worried , Overwhelmed , Frustrated , Annoyed",2024-07-28 17:33:33,7,True,2.0,2.0,1.0,0.0,9,1,-0.8555,0.102,0.898,5.222222222222222,0,0,0,17,6,2024-07-23 12:32:27,5,1.25,1.625,1.0,2.0,0.7071067811865476,8,0.0
146,3716,"Happy , Proud , Determined , Focused , Bored",2024-07-28 22:00:44,7,True,3.0,2.0,0.0,0.0,9,1,0.8658,0.849,0.151,4.0,0,0,0,22,6,2024-07-23 12:32:27,5,1.3333333333333333,1.6666666666666667,2.0,2.0,0.7071067811865476,9,0.1499999999999999
146,3717,I am happy because I studied hard and did well on my test . I am determined because I am almost done with my class . I am relieved because I can relax and rest . I am excited because I bought new shoes for school . I am sad that summer is almost over .,2024-07-29 17:58:14,7,False,3.0,2.0,-2.0,1.0,56,0,0.891,0.295,0.082,3.517857142857143,11,0,0,17,0,2024-07-23 12:32:27,6,1.5,1.7,3.0,2.0,0.8498365855987975,10,0.6000000000000001
146,3718,"Nervous , Worried , Conflicted , Scared , Stressed",2024-07-29 22:14:30,7,True,1.0,3.0,0.0,0.0,9,1,-0.8225,0.0,0.906,4.666666666666667,0,0,0,22,0,2024-07-23 12:32:27,6,1.6363636363636365,1.7272727272727273,3.0,2.0,0.9244162777371755,11,0.8
147,3731,"Tired , Sluggish , Lazy , Discontented , Anxious",2024-10-14 12:43:40,7,True,1.0,1.0,1.0,1.0,9,1,-0.8979,0.0,1.0,4.444444444444445,0,0,0,12,0,2024-10-14 12:43:40,0,2.0,1.0,2.0,1.0,0.0,0,0.0
147,3732,"Tired , Pain , Sluggish , Cold , Winded",2024-10-14 17:11:54,7,True,2.0,2.0,1.0,-1.0,9,1,-0.836,0.0,0.817,3.4444444444444446,0,0,0,17,0,2024-10-14 12:43:40,0,1.0,1.0,1.0,1.0,0.0,1,0.0
147,3733,"Content , Sleepy , Pained , Calm , Quiet",2024-10-14 22:01:30,7,True,3.0,1.0,0.0,0.0,9,1,-0.128,0.284,0.346,3.5555555555555554,0,0,0,22,0,2024-10-14 12:43:40,0,1.5,1.5,2.0,2.0,0.7071067811865476,2,1.0
147,3734,I feel very content right now not tired or irritated . I am peace with myself right now I ' m calm and quiet . I have no strife with anyone at the present and I feel pleasantly surprised that I don ' t have any anger in myself .,2024-10-15 12:12:26,7,False,3.0,1.0,-1.0,1.0,50,0,0.831,0.31,0.117,3.58,8,0,1,12,1,2024-10-14 12:43:40,0,2.0,1.3333333333333333,3.0,1.0,1.0,3,1.5
147,3735,I am feeling just okay I went for a walk with my friend and her dog . We got some air and sat out for a bit and talked about various things . Then we went up and I went to the store for her and I and I also fed the birds that I have been feeding for about 8 years,2024-10-15 17:09:50,7,False,2.0,2.0,1.0,-1.0,62,0,0.6808,0.121,0.0,3.2580645161290325,7,0,0,17,1,2024-10-14 12:43:40,1,2.25,1.25,3.0,1.0,0.9574271077563381,4,1.5
147,3736,I am feeling very content right now I ' m watching my shows and having an after dinner snack . I like to watch after my shows some videos on YouTube then I get tired and go to bed . They are called ASMR videos and they help me relax before bed or sometimes I watch pimple popping videos as a way to relax,2024-10-15 22:01:47,7,False,3.0,1.0,-2.0,2.0,64,0,0.8225,0.197,0.046,3.765625,8,0,1,22,1,2024-10-14 12:43:40,1,2.2,1.4,2.0,2.0,0.8366600265340756,5,1.1666666666666665
147,3737,"Mad , Anxious , Jittery , Unhappy , Restless",2024-10-16 12:08:19,7,True,1.0,3.0,1.0,-1.0,9,1,-0.8442,0.0,0.91,4.0,0,0,0,12,2,2024-10-14 12:43:40,1,2.3333333333333335,1.3333333333333333,3.0,1.0,0.816496580927726,6,0.6666666666666665
147,3738,I am feeling satisfied right now my housing complex fixed my door and gave me a new key for my apartment because my key broke in the lock . I waited all day but they fixed my problem . Now I am going to feed the birds and print something out at the library that is very important .,2024-10-16 17:01:55,7,False,2.0,2.0,0.0,0.0,59,0,-0.1681,0.099,0.094,3.7796610169491527,9,0,1,17,2,2024-10-14 12:43:40,2,2.142857142857143,1.5714285714285714,1.0,3.0,0.8997354108424372,7,0.25
147,3739,"Content , Satisfied , Neutral , Watching TV , Calm",2024-10-16 22:02:31,7,True,2.0,2.0,1.0,1.0,10,1,0.6249,0.56,0.0,4.1,0,0,0,22,2,2024-10-14 12:43:40,2,2.125,1.625,2.0,2.0,0.8345229603962802,8,-0.25
147,3740,I am feeling good right now it ' s a semi nice day out and I ' m out with my friend and her dog going on a nice walk . We are enjoying the fresh fall air for a few hours then we will go back home and do whatever house work we have to do,2024-10-17 12:34:26,7,False,3.0,3.0,-1.0,-1.0,57,0,0.9509,0.321,0.0,3.1578947368421053,3,0,0,12,3,2024-10-14 12:43:40,2,2.111111111111111,1.6666666666666667,2.0,2.0,0.7817359599705717,9,-0.25
147,3741,"Content , Calm , Neutral , Pleasant , Happy",2024-10-17 17:01:12,7,True,2.0,2.0,0.0,0.0,9,1,0.8519,0.823,0.0,3.888888888888889,0,0,0,17,3,2024-10-14 12:43:40,3,2.2,1.8,3.0,3.0,0.7888106377466155,10,0.0
147,3742,"Content , Neutral , Relaxing , Watching TV , Happy",2024-10-17 22:01:35,7,True,2.0,2.0,0.0,0.0,10,1,0.7845,0.633,0.0,4.1,0,0,0,22,3,2024-10-14 12:43:40,3,2.1818181818181817,1.8181818181818181,2.0,2.0,0.7507571935295483,11,-0.03333333333333366
147,3743,I am very content right now I am house sitting for a friend in the hospital and I am taking care of his cat . I am also waiting on housing to come and fix his door knob before I leave and go home to my house and take care of my stuff for the day,2024-10-18 12:01:15,7,False,2.0,2.0,0.0,0.0,56,0,0.8555,0.172,0.022,3.392857142857143,7,0,1,12,4,2024-10-14 12:43:40,3,2.1666666666666665,1.8333333333333333,2.0,2.0,0.7177405625652734,12,-0.3333333333333335
147,3744,"Content , Happy , Relaxed , Enjoying fresh air , Sitting with nature",2024-10-18 17:02:18,7,True,2.0,2.0,1.0,1.0,13,1,0.9118,0.716,0.0,4.3076923076923075,0,0,0,17,4,2024-10-14 12:43:40,4,2.1538461538461537,1.8461538461538463,2.0,2.0,0.6887372317211945,13,-0.3333333333333335
147,3745,I ' m very lively right now because I ' m watching my thing of all time ORG wrestling . I love ORG very much and have been watching for years since I was a teenager . I get very excited to watch because I have my favorite wrestlers,2024-10-18 22:01:22,7,False,3.0,3.0,-1.0,-1.0,49,0,0.9199,0.29,0.0,3.7346938775510203,8,0,3,22,4,2024-10-14 12:43:40,4,2.142857142857143,1.8571428571428572,2.0,2.0,0.6629935441317958,14,0.0
147,3746,"Neutral , Content , Calm , Quiet , Relaxed",2024-10-19 12:22:23,7,True,2.0,2.0,0.0,0.0,9,1,0.6705,0.647,0.0,3.7777777777777777,0,0,0,12,5,2024-10-14 12:43:40,4,2.2,1.9333333333333333,3.0,3.0,0.6761234037828132,15,0.1071428571428572
147,3747,I just came home from visiting a friend in the hospital . He is doing much better so I am feeling good about that . I am house sitting and cat sitting for him and he should be going to rehab soon . Hopefully close to home so I can visit him at least two times a week .,2024-10-19 17:23:50,7,False,2.0,2.0,1.0,0.0,59,0,0.9143,0.238,0.0,3.559322033898305,4,0,2,17,5,2024-10-14 12:43:40,5,2.1875,1.9375,2.0,2.0,0.6551081335677849,16,0.125
147,3748,"Happy , Content , Relaxed , Watching a movie , Quiet",2024-10-19 22:01:34,7,True,3.0,2.0,-2.0,-1.0,11,1,0.7845,0.633,0.0,3.8181818181818183,0,0,0,22,5,2024-10-14 12:43:40,5,2.176470588235294,1.9411764705882353,2.0,2.0,0.6359337738364604,17,0.09722222222222232
147,3749,I am feeling really tired and sluggish because I didn ' t sleep well because of my friend being in the hospital and not getting the proper care . I also have a sleep disorder and bad neuropathy due to my diabetes so I had a lot of pain as well .,2024-10-20 12:01:22,7,False,1.0,1.0,1.0,1.0,52,0,-0.6764,0.202,0.262,3.730769230769231,6,0,2,12,6,2024-10-14 12:43:40,5,2.2222222222222223,1.9444444444444444,3.0,2.0,0.6467616667635545,18,0.22222222222222232
147,3750,I am doing really good today I am sitting outside with my friends and their dogs in this beautiful weather . We went for a walk with the dogs and then came back to sit in the back of my building and chat and talk with the other neighbors .,2024-10-20 17:01:12,7,False,2.0,2.0,0.0,0.0,50,0,0.8983,0.206,0.0,3.8,4,0,1,17,6,2024-10-14 12:43:40,6,2.1578947368421053,1.894736842105263,1.0,1.0,0.6882472016116853,19,0.08888888888888902
147,3751,I am very content and neutral I ' m watching one of my favorite movies on the ORG channel . I like this movie very much it is a Christmas movie and it makes me feel good so I ' m very happy it ' s on . It ' s going to be a Christmas movie marathon tonight and that makes me very happy because it ' s the ORG  countdown to Christmas which is my favorite holiday .,2024-10-20 22:05:45,7,False,2.0,2.0,0.0,0.0,80,0,0.9707,0.295,0.0,3.525,8,0,5,22,6,2024-10-14 12:43:40,6,2.15,1.9,2.0,2.0,0.6708203932499369,20,-0.10000000000000009
148,3773,"Tired , Drained , Exhausted",2024-11-10 12:02:10,7,True,2.0,2.0,0.0,0.0,5,1,-0.7845,0.0,1.0,4.6,0,0,0,12,6,2024-11-10 12:02:10,0,2.0,1.0,2.0,1.0,0.0,0,0.0
148,3774,I’m at work I’m feeling fine . I definitely wish that I was at home . I feel   kind of tired but I’m moreso on the neutral side of things . I don’t feel drained probably because it is early . I tend to start feeling drained later on in the day,2024-11-11 12:15:41,7,False,2.0,2.0,0.0,1.0,52,0,-0.5418,0.157,0.166,3.6538461538461537,5,0,0,12,0,2024-11-10 12:02:10,1,2.0,2.0,2.0,2.0,0.0,1,0.0
148,3775,"Busy , Active , Lively",2024-11-11 17:11:56,7,True,2.0,3.0,0.0,-1.0,5,1,0.6808,0.848,0.0,3.6,0,0,0,17,0,2024-11-10 12:02:10,1,2.0,2.0,2.0,2.0,0.0,2,0.0
148,3776,"Tired , Sleepy , Overwhelmed",2024-11-11 22:27:48,7,True,2.0,2.0,0.0,0.0,5,1,-0.4019,0.235,0.569,4.8,0,0,0,22,0,2024-11-10 12:02:10,1,2.0,2.3333333333333335,2.0,3.0,0.0,3,0.0
148,3777,"Nervous , Sleepy , Over it",2024-11-12 12:05:32,7,True,2.0,2.0,-2.0,-1.0,6,1,-0.2732,0.0,0.412,3.5,0,0,0,12,1,2024-11-10 12:02:10,2,2.0,2.25,2.0,2.0,0.0,4,0.0
148,3778,"It’s the midday , I am feeling sluggish . I want to go home but I have two and a half hours left on my shift . I didn’t get to get a coffee so I am feeling tired and I don’t think I have the best mood . My Cheif gave me an unnecessary amount of work so I am annoyed .",2024-11-12 17:30:52,7,False,0.0,1.0,4.0,0.0,63,0,-0.2413,0.163,0.163,3.253968253968254,11,0,2,17,1,2024-11-10 12:02:10,2,2.0,2.2,2.0,2.0,0.0,5,0.0
148,3779,"Calm , Satisfied , Content",2024-11-12 22:01:59,7,True,4.0,1.0,-3.0,0.0,5,1,0.6249,0.836,0.0,4.4,0,0,0,22,1,2024-11-10 12:02:10,2,1.6666666666666667,2.0,0.0,1.0,0.816496580927726,6,-0.6666666666666667
148,3780,"Tired , Exhausted , Sleepy",2024-11-13 22:09:48,7,True,1.0,1.0,2.0,2.0,5,1,-0.6597,0.0,0.844,4.4,0,0,0,22,2,2024-11-10 12:02:10,3,2.0,1.8571428571428572,4.0,1.0,1.1547005383792515,7,0.0
148,3781,"Happy , Fulfilled , Excited",2024-11-14 12:02:37,7,True,3.0,3.0,-1.0,0.0,5,1,0.836,1.0,0.0,4.6,0,0,0,12,3,2024-11-10 12:02:10,4,1.875,1.75,1.0,1.0,1.1259916264596033,8,-0.25
148,3782,"Active , Hard working , Energized",2024-11-14 17:05:13,7,True,2.0,3.0,0.0,0.0,6,1,0.6808,0.714,0.167,4.666666666666667,0,0,0,17,3,2024-11-10 12:02:10,4,2.0,1.8888888888888888,3.0,3.0,1.118033988749895,9,0.0
150,3814,"Content , Relieved , Optimistic , Principled , Loved",2024-06-12 17:00:28,7,True,3.0,2.0,0.0,1.0,9,1,0.8316,0.815,0.0,4.888888888888889,0,0,0,17,2,2024-06-12 17:00:28,0,2.0,1.0,2.0,1.0,0.0,0,0.0
150,3815,"Satiated , Energized , Content , Optimistic , Creative",2024-06-12 22:00:58,7,True,3.0,3.0,0.0,-1.0,9,1,0.8176,0.81,0.0,5.111111111111111,0,0,0,22,2,2024-06-12 17:00:28,0,3.0,2.0,3.0,2.0,0.0,1,0.0
150,3816,"Relaxed but in anticipation of a upcoming work meeting . Self assured but a little shaky in the knees . This upcoming meeting feels like an athletic event . I can acknowledge that my job has drained me more than it has compensated me , and that is just an indicator that it ' s not a good fit . I ' m relieved to be leaving .",2024-06-13 12:00:28,7,False,3.0,2.0,-1.0,0.0,68,0,-0.5439,0.15,0.202,3.7941176470588234,5,0,0,12,3,2024-06-12 17:00:28,0,3.0,2.5,3.0,3.0,0.0,2,0.0
150,3817,"relaxed , Rushing , Time crunched , Anxious , Annoyed",2024-06-13 17:00:26,7,True,2.0,2.0,-1.0,-1.0,10,1,-0.1027,0.296,0.426,4.4,0,0,0,17,3,2024-06-12 17:00:28,0,3.0,2.3333333333333335,3.0,2.0,0.0,3,0.0
150,3818,"A little disheartened over an argument with my partner where I once again failed to communicate anything other than rage when he made an ass backwards racist comment with the conviction that race and IQ are intrinsically related . I ' m disappointed , dejected , and disinterested in resolving this through conversation .",2024-06-14 12:00:29,7,False,1.0,1.0,2.0,1.0,54,0,-0.9736,0.04,0.403,4.962962962962963,3,0,0,12,4,2024-06-12 17:00:28,1,2.75,2.25,2.0,2.0,0.5,4,-0.5
150,3819,"After resolving a disagreement with my partner through mindful and patient communication , I am again relieved and freshly receptive to new opportunities and possibilities that I can harness for myself through persistence , confidence , and embracing challenging situations .",2024-06-14 17:13:21,7,False,3.0,2.0,-2.0,-1.0,41,0,0.8481,0.294,0.058,5.7317073170731705,4,0,0,17,4,2024-06-12 17:00:28,2,2.4,2.0,1.0,1.0,0.8944271909999159,5,-1.0
150,3820,"Sore , Tired , Greasy , Warm , Sticky",2024-06-15 12:01:06,7,True,1.0,1.0,3.0,1.0,9,1,-0.5423,0.204,0.581,3.2222222222222223,0,0,0,12,5,2024-06-12 17:00:28,2,2.5,2.0,3.0,2.0,0.8366600265340756,6,-1.0
150,3821,"Felt energized this morning and practiced yoga , played guitar and had a light breakfast until my partner woke up . Took a relaxing walk , processing recent events and emotions surrounding career and society . Then I played Bee Simulator and had great sex with my partner . Going to a birthday party soon with free barbecue . Life is good .",2024-06-15 17:57:43,7,False,4.0,2.0,-1.0,0.0,63,0,0.9729,0.356,0.0,4.412698412698413,3,0,0,17,5,2024-06-12 17:00:28,3,2.2857142857142856,1.8571428571428572,1.0,1.0,0.9511897312113419,7,-1.25
150,3822,"Just got back from a birthday party and it was a lot of free food which is always nice . Having a good bowel movement at this moment , and settling in for a calm and relaxing night with my partner . Content overall .",2024-06-15 22:52:13,7,False,3.0,2.0,-1.0,0.0,45,0,0.9451,0.357,0.0,3.8222222222222224,1,0,0,22,5,2024-06-12 17:00:28,3,2.5,1.875,4.0,2.0,1.0690449676496976,8,-0.5
150,3823,"Calm , Indifferent , Present , Mindful , Chill",2024-06-16 12:00:24,7,True,2.0,2.0,1.0,0.0,9,1,0.128,0.324,0.254,4.222222222222222,0,0,0,12,6,2024-06-12 17:00:28,3,2.5555555555555554,1.8888888888888888,3.0,2.0,1.0137937550497031,9,-0.3500000000000001
150,3824,"Happy , Comforted , Pampered , Loved , Joyful",2024-06-16 17:14:26,7,True,3.0,2.0,-3.0,-1.0,9,1,0.936,0.935,0.0,4.111111111111111,0,0,0,17,6,2024-06-12 17:00:28,4,2.5,1.9,2.0,2.0,0.97182531580755,10,0.20000000000000018
150,3825,"Tired , Sore , Sleepy , Heavy , Groggy",2024-06-18 12:08:16,7,True,0.0,1.0,1.0,2.0,9,1,-0.6597,0.0,0.643,3.3333333333333335,0,0,0,12,1,2024-06-12 17:00:28,5,2.5454545454545454,1.9090909090909092,3.0,2.0,0.9341987329938276,11,0.2666666666666666
150,3835,"Aware , Antsy , Impatient , Gassy , Full",2024-06-22 17:34:04,7,True,1.0,3.0,0.0,-2.0,9,1,-0.296,0.0,0.355,3.5555555555555554,0,0,0,17,5,2024-06-12 17:00:28,10,2.3333333333333335,1.8333333333333333,0.0,1.0,1.1547005383792517,12,-0.3333333333333335
150,3836,"Peaceful , Calm , Warm , Fluid , Curious",2024-06-23 12:08:54,7,True,1.0,1.0,0.0,0.0,9,1,0.8271,0.907,0.0,3.5555555555555554,0,0,0,12,6,2024-06-12 17:00:28,10,2.230769230769231,1.9230769230769231,1.0,3.0,1.1657505560686467,13,-0.5
150,3837,"Warm , Tired , Unmotivated , Puddle , Full",2024-06-23 17:48:36,7,True,1.0,1.0,2.0,1.0,9,1,-0.5267,0.207,0.576,3.7777777777777777,0,0,0,17,6,2024-06-12 17:00:28,11,2.142857142857143,1.8571428571428572,1.0,1.0,1.1673205911990772,14,-0.2857142857142856
150,3838,"Calm , Refreshed , Introspective , Enriched , Meager",2024-06-23 22:13:18,7,True,3.0,2.0,-2.0,-1.0,9,1,0.3182,0.365,0.0,4.888888888888889,0,0,0,22,6,2024-06-12 17:00:28,11,2.066666666666667,1.8,1.0,1.0,1.162919151265879,15,-0.4107142857142856
150,3839,I feel a bit lethargic due to excessive sleep and am beginning to question whether or not I am exhibiting the preliminary symptoms of what I could identify to be acute hypo-depressive episode . However this is to be expected since I am experiencing a number of changes in my life that include having more leisure time to sleep . I have a tendency to be very self critical .,2024-06-24 12:59:07,7,False,1.0,1.0,3.0,0.0,70,0,-0.539,0.021,0.077,4.3428571428571425,6,0,1,12,0,2024-06-12 17:00:28,11,2.125,1.8125,3.0,2.0,1.1474609652039003,16,-0.75
150,3840,"Chill , Calm , Satisfied , Warm , Leisurely",2024-06-24 17:40:54,7,True,4.0,1.0,-2.0,2.0,9,1,0.7184,0.778,0.0,3.888888888888889,0,0,0,17,0,2024-06-12 17:00:28,12,2.0588235294117645,1.7647058823529411,1.0,1.0,1.1440382552221602,17,-0.8333333333333333
150,3841,"Energized , Active , Mobile , Motivated , Happy",2024-06-24 22:24:04,7,True,2.0,3.0,0.0,-1.0,9,1,0.9136,0.927,0.0,4.333333333333333,0,0,0,22,0,2024-06-12 17:00:28,12,2.1666666666666665,1.7222222222222223,4.0,1.0,1.2004900959975617,18,-0.7777777777777777
150,3842,"Motivated , Proud , Settled , Talented , Fitted",2024-06-25 17:23:25,7,True,2.0,2.0,0.0,0.0,9,1,0.8555,0.825,0.0,4.333333333333333,0,0,0,17,1,2024-06-12 17:00:28,13,2.1578947368421053,1.7894736842105263,2.0,3.0,1.1672930649220892,19,-0.7555555555555553
152,3869,"Context , Calm , Engaged , Busy , Interested",2024-07-09 17:01:40,7,True,4.0,1.0,0.0,0.0,9,1,0.7717,0.794,0.0,4.0,0,0,0,17,1,2024-07-09 17:01:40,0,2.0,1.0,2.0,1.0,0.0,0,0.0
152,3870,"Right now I feel pretty good about myself and my family . I am participating in a continuing education program which I enjoy and I have plans for the next two days . I also plan to go the the gym this afternoon . however , I am concerned about the November election .\ n \ n",2024-07-11 12:08:43,7,False,4.0,1.0,-4.0,0.0,57,0,0.8519,0.189,0.0,3.824561403508772,8,0,0,12,3,2024-07-09 17:01:40,1,4.0,1.0,4.0,1.0,0.0,1,0.0
152,3871,"Placid , Thoughtful , Concerned , Worried , Tired",2024-07-12 17:10:09,7,True,0.0,1.0,4.0,0.0,9,1,-0.3612,0.268,0.526,4.555555555555555,0,0,0,17,4,2024-07-09 17:01:40,3,4.0,1.0,4.0,1.0,0.0,2,0.0
152,3872,"I am placid and relaxed . However , I am also thinking about the future for my children and grandchildren , which worries me . I have to run several errands this morning and I would rather be doing something else . I also miss the ability to take trips due to my wife’s illness .",2024-07-13 12:34:22,7,False,4.0,1.0,0.0,0.0,56,0,-0.1531,0.105,0.135,4.0,8,0,0,12,5,2024-07-09 17:01:40,3,2.6666666666666665,1.0,0.0,1.0,2.3094010767585034,3,-2.0
152,3873,"I am feeling content and relaxed . Although I worry about the future for my children and grandchildren , I know that I am lucky that they are all doing well . My wife had a stroke four years ago that left her unable to walk without assistance . This has eliminated our travel plans and other plans , but we are dealing with the situation .",2024-07-13 17:16:03,7,False,4.0,1.0,0.0,0.0,67,0,0.431,0.114,0.033,4.074626865671642,6,0,0,17,5,2024-07-09 17:01:40,4,3.0,1.0,4.0,1.0,2.0,4,-2.0
152,3874,I feel content but worried about the future for my children and grandchildren .   I am somewhat frustrated by our inability to travel due to my wife’s disability caused by a stroke 4 years ago . My life is ok but not exciting .,2024-07-14 12:09:42,7,False,4.0,1.0,-1.0,0.0,44,0,-0.9033,0.057,0.286,4.136363636363637,5,0,0,12,6,2024-07-09 17:01:40,4,3.2,1.0,4.0,1.0,1.7888543819998317,5,-1.3333333333333335
152,3875,"Satisfied , Calm , Concerned , Interested , Busy",2024-07-14 17:45:14,7,True,3.0,1.0,0.0,0.0,9,1,0.7783,0.796,0.0,4.444444444444445,0,0,0,17,6,2024-07-09 17:01:40,5,3.3333333333333335,1.0,4.0,1.0,1.632993161855452,6,1.3333333333333335
153,3883,I feel pretty good but my left foot is making my mobility an issue today . Having some difficulty walking but making the best of it . I can complain but there is nothing anyone can do to help me .\ n \ nI also would like to know how is it possible to write a minimum of 200 words in two to three sentences . There would be so many commas and semicolons utilized throughout these two to three sentences . I am assuming you meant letters and not words . Please correct this before this becomes a bigger problem for everyone in this study .,2024-11-13 12:14:02,7,False,4.0,1.0,0.0,0.0,107,0,0.7102,0.168,0.108,4.02803738317757,6,0,1,12,2,2024-11-13 12:14:02,0,2.0,1.0,2.0,1.0,0.0,0,0.0
153,3884,"At this moment , I am feeling very calm and relaxed watching tv and getting some work done . I was able to run some errands and completed everything on my list . Now I am giving myself some me time and relaxing on the couch .",2024-11-13 17:34:11,7,False,4.0,1.0,0.0,0.0,47,0,0.9033,0.273,0.0,3.8085106382978724,6,0,1,17,2,2024-11-13 12:14:02,0,4.0,1.0,4.0,1.0,0.0,1,0.0
153,3885,"Relaxed , Calm , Content , Full , Attentive",2024-11-13 22:05:56,7,True,4.0,1.0,-1.0,0.0,9,1,0.6705,0.647,0.0,3.888888888888889,0,0,0,22,2,2024-11-13 12:14:02,0,4.0,1.0,4.0,1.0,0.0,2,0.0
153,3886,"Alive , In slight pain , Slightly tired , Grateful , Happy",2024-11-14 12:20:01,7,True,3.0,1.0,1.0,0.0,12,1,0.4312,0.496,0.334,3.9166666666666665,0,0,0,12,3,2024-11-13 12:14:02,1,4.0,1.0,4.0,1.0,0.0,3,0.0
153,3887,"Calm , Quiet , Appreciative , Happy , Slightly tired",2024-11-14 17:04:12,7,True,4.0,1.0,0.0,0.0,10,1,0.7902,0.676,0.184,4.3,0,0,0,17,3,2024-11-13 12:14:02,1,3.75,1.0,3.0,1.0,0.5,4,-0.5
153,3888,I’m feeling very calm and relaxed right now since I am home and about to have dinner . The day wasn’t too bad and work was pretty good . No difficult people to deal with which I consider a good day . Listening to some continuing education for an hour and hopefully learning something new .,2024-11-14 22:18:36,7,False,4.0,1.0,0.0,0.0,56,0,0.8766,0.29,0.123,4.178571428571429,2,0,1,22,3,2024-11-13 12:14:02,1,3.8,1.0,4.0,1.0,0.4472135954999579,5,-0.3333333333333335
153,3889,"Relaxed , Calm , Slight pain , Content , Appreciative",2024-11-15 12:07:29,7,True,4.0,1.0,-2.0,1.0,10,1,0.7003,0.632,0.229,4.4,0,0,0,12,4,2024-11-13 12:14:02,1,3.8333333333333335,1.0,4.0,1.0,0.40824829046386296,6,-0.3333333333333335
153,3890,I’m currently at work right now and not with a patient so I’m pretty relaxed and calm . Sometimes it can get pretty hectic but I do enjoy having some down time to catch up with paperwork and phone messages .,2024-11-15 17:52:09,7,False,2.0,2.0,1.0,-1.0,41,0,0.8924,0.283,0.0,4.073170731707317,1,0,1,17,4,2024-11-13 12:14:02,2,3.857142857142857,1.0,4.0,1.0,0.37796447300922725,7,-0.25
153,3891,"Content , Kind of happy , Slightly in pain , Slightly nervous , Appreciative",2024-11-16 12:45:58,7,True,3.0,1.0,1.0,0.0,14,1,0.4927,0.393,0.271,4.5,0,0,0,12,5,2024-11-13 12:14:02,3,3.625,1.125,2.0,2.0,0.7440238091428449,8,-0.25
153,3892,Very relaxed and happy especially after having my dinner . Now I will sit back and enjoy watching tv for the rest of the night . I will have to go to bed early since I work tomorrow morning . Easier day tomorrow at work so that won’t be bad at all .,2024-11-16 22:03:13,7,False,4.0,1.0,-1.0,0.0,53,0,0.8737,0.232,0.06,3.7169811320754715,4,0,2,22,5,2024-11-13 12:14:02,3,3.5555555555555554,1.1111111111111112,3.0,1.0,0.7264831572567788,9,-0.3500000000000001
153,3893,"Slightly nervous , Somewhat relaxed , Slight pain from my left foot , Somewhat content , Appreciative",2024-11-17 12:42:13,7,True,3.0,1.0,1.0,1.0,17,1,0.2782,0.301,0.245,5.0,1,0,0,12,6,2024-11-13 12:14:02,4,3.6,1.1,4.0,1.0,0.6992058987801011,10,-0.3999999999999999
153,3894,I’m currently feeling pretty relaxed and happy right now because the work day is done . Have to run a few errands before heading home but that’s no big deal . Very appreciative with everything I have so life is good .,2024-11-17 17:08:39,7,False,4.0,2.0,-1.0,-1.0,42,0,0.9272,0.346,0.056,4.190476190476191,1,0,2,17,6,2024-11-13 12:14:02,4,3.5454545454545454,1.0909090909090908,3.0,1.0,0.6875516509523286,11,-0.46666666666666634
153,3895,"Right now , I’m currently feeling pretty good . My foot is less swollen and I am able to walk much better which puts me in a good mood . I cannot wait until it’s completely healed so I can do my everyday activities without any pain . Nice day today which is also a plus .",2024-11-18 12:51:58,7,False,3.0,1.0,1.0,0.0,57,0,0.9148,0.276,0.04,3.7719298245614037,6,0,1,12,0,2024-11-13 12:14:02,5,3.5833333333333335,1.1666666666666667,4.0,2.0,0.6685579234215214,12,-0.5
153,3896,"Calm , Happy , Appreciative , Relaxed , Slightly tired",2024-11-18 22:54:39,7,True,4.0,1.0,0.0,1.0,10,1,0.8805,0.78,0.159,4.5,0,0,0,22,0,2024-11-13 12:14:02,5,3.5384615384615383,1.1538461538461537,3.0,1.0,0.6602252917735248,13,-0.5476190476190479
153,3897,"Happy , Energetic , Calm , Attentive , Satisfied",2024-11-19 17:05:22,7,True,4.0,2.0,0.0,0.0,9,1,0.8934,0.921,0.0,4.444444444444445,0,0,0,17,1,2024-11-13 12:14:02,6,3.5714285714285716,1.1428571428571428,4.0,1.0,0.646206172658864,14,-0.5714285714285716
155,3938,"Focused , Tired , Determined , Nervous , Productive",2024-11-01 17:04:05,7,True,2.0,2.0,-1.0,0.0,9,1,0.0,0.455,0.455,4.777777777777778,0,0,0,17,4,2024-11-01 17:04:05,0,2.0,1.0,2.0,1.0,0.0,0,0.0
155,3939,"Sad , Worried , Relaxed , Contemplated , Na",2024-11-01 22:06:07,7,True,1.0,2.0,2.0,-1.0,9,1,-0.2732,0.305,0.505,3.888888888888889,0,0,0,22,4,2024-11-01 17:04:05,0,2.0,2.0,2.0,2.0,0.0,1,0.0
155,3940,"I am feeling calm and content , not much to do today so I can relax and spend quality time with my partner . I had a good sleep so I feel well rested too . I also felt that I had a good evening with a successful score on my exam yesterday night and it was a big stressor , so I ' m happy and content it worked out .",2024-11-02 12:49:51,7,False,3.0,1.0,0.0,1.0,72,0,0.9633,0.331,0.039,3.388888888888889,9,0,3,12,5,2024-11-01 17:04:05,0,1.5,2.0,1.0,2.0,0.7071067811865476,2,-1.0
155,3941,"Happy , Content , Chill , Relaxed , Calm",2024-11-02 17:32:45,7,True,3.0,2.0,-1.0,0.0,9,1,0.8481,0.821,0.0,3.5555555555555554,0,0,0,17,5,2024-11-01 17:04:05,1,2.0,1.6666666666666667,3.0,1.0,1.0,3,0.0
155,3942,"Sleepy , Content , Calm , Chill , Relaxed",2024-11-03 12:04:16,7,True,2.0,2.0,1.0,0.0,9,1,0.6705,0.647,0.0,3.6666666666666665,0,0,0,12,6,2024-11-01 17:04:05,1,2.25,1.75,3.0,2.0,0.9574271077563381,4,1.5
155,3943,"Chill , Focused , Relaxed , Calm , At peace",2024-11-04 12:19:49,7,True,3.0,2.0,-2.0,0.0,10,1,0.891,0.853,0.0,3.4,0,0,0,12,0,2024-11-01 17:04:05,2,2.2,1.8,2.0,2.0,0.8366600265340756,5,1.1666666666666665
155,3944,"Jittery , Nervous , Overwhelmed , Anxious , Weak",2024-11-04 22:30:36,7,True,1.0,2.0,-1.0,1.0,9,1,-0.7003,0.13,0.761,4.444444444444445,0,0,0,22,0,2024-11-01 17:04:05,3,2.3333333333333335,1.8333333333333333,3.0,2.0,0.816496580927726,6,0.6666666666666665
155,3945,I am feeling fearful about the future and I am feeling uncertain about the path forward and I am scared and nervous and shaking . Also I am feeling a bit numb and trying to convince my mental state to be calmer .,2024-11-07 17:17:07,7,False,0.0,3.0,1.0,-1.0,43,0,-0.7579,0.186,0.299,3.953488372093023,5,0,0,17,3,2024-11-01 17:04:05,6,2.142857142857143,1.8571428571428572,1.0,2.0,0.8997354108424372,7,0.25
155,3946,"Nervous , Stressed , Suppressed , Jittery , Tense",2024-11-08 12:34:29,7,True,1.0,2.0,1.0,0.0,9,1,-0.7096,0.0,0.775,4.555555555555555,0,0,0,12,4,2024-11-01 17:04:05,6,1.875,2.0,0.0,3.0,1.1259916264596033,8,-0.75
155,3947,"I am feeling pretty calm in the current moment and a bit tired from the busy week . Overall , I feel pretty chill and I do not have too much anxiety in the current moment . I feel pretty peaceful and I do not feel very nervous right now . A little tense , but overall I am calm .",2024-11-08 17:45:35,7,False,2.0,2.0,1.0,0.0,61,0,0.8365,0.278,0.086,3.5901639344262297,6,0,1,17,4,2024-11-01 17:04:05,7,1.7777777777777777,2.0,1.0,2.0,1.092906420717,9,-0.8500000000000001
155,3948,"calm , focused , chill , relaxed , nottense",2024-11-09 17:04:20,7,True,3.0,2.0,0.0,0.0,9,1,0.7964,0.802,0.0,3.888888888888889,0,0,0,17,5,2024-11-01 17:04:05,8,1.8,2.0,2.0,2.0,1.0327955589886444,10,-0.8000000000000003
155,3949,"Calm , Excited , Chill , Happy , Content",2024-11-09 22:18:26,7,True,3.0,2.0,0.0,0.0,9,1,0.8126,0.808,0.0,3.5555555555555554,0,0,0,22,5,2024-11-01 17:04:05,8,1.9090909090909092,2.0,3.0,2.0,1.044465935734187,11,-0.5333333333333334
158,4023,"Active , Calm , Good , Energetic , Charming",2024-10-22 12:36:58,7,True,2.0,3.0,2.0,0.0,9,1,0.9274,1.0,0.0,3.888888888888889,0,0,0,12,1,2024-10-22 12:36:58,0,2.0,1.0,2.0,1.0,0.0,0,0.0
158,4024,"Lively , Active , Relaxed , Charming , Energetic",2024-10-22 17:02:24,7,True,4.0,3.0,-4.0,-2.0,9,1,0.9382,1.0,0.0,4.444444444444445,0,0,0,17,1,2024-10-22 12:36:58,0,2.0,3.0,2.0,3.0,0.0,1,0.0
158,4025,"Tired , Sleepy , Good , Hungry , Exhausted",2024-10-22 22:05:50,7,True,0.0,1.0,3.0,1.0,9,1,-0.3612,0.282,0.524,3.7777777777777777,0,0,0,22,1,2024-10-22 12:36:58,0,3.0,3.0,4.0,3.0,1.4142135623730951,2,2.0
158,4026,"Happy , Calm , Focused , Determined , Stressfree",2024-10-23 17:02:55,7,True,3.0,2.0,-3.0,-1.0,9,1,0.875,0.917,0.0,4.444444444444445,0,0,0,17,2,2024-10-22 12:36:58,1,2.0,2.3333333333333335,0.0,1.0,2.0,3,0.0
158,4027,Today I have been having a busy schedule . I have worked for 9 hours . I am feeling tired and exhausted but then also I ' ve got some chores to be done before I sleep . I ' m yet to cook my supper though I am so sleepy .,2024-10-23 22:07:06,7,False,0.0,1.0,4.0,2.0,52,0,-0.3506,0.033,0.097,3.25,8,0,1,22,2,2024-10-22 12:36:58,1,2.25,2.25,3.0,2.0,1.707825127659933,4,-1.5
158,4028,Last night I just slept well . I am free from stress . Just woke up today ' s morning energetic and ready to go to work . I think I ' m motivated with life and I have energy to keep me going for the whole day . I have nothing to complain about so far .,2024-10-24 12:01:26,7,False,4.0,3.0,-2.0,-2.0,58,0,0.9218,0.323,0.05,3.3620689655172415,7,0,1,12,3,2024-10-22 12:36:58,1,1.8,2.0,0.0,1.0,1.7888543819998317,5,-2.0
158,4029,"Quiet , Calm , Relaxed , Focused , Good",2024-10-24 17:30:23,7,True,2.0,1.0,-1.0,0.0,9,1,0.875,0.917,0.0,3.4444444444444446,0,0,0,17,3,2024-10-22 12:36:58,2,2.1666666666666665,2.1666666666666665,4.0,3.0,1.834847859269718,6,0.3333333333333335
158,4030,"Tired , Sleepy , Sluggish , Exhausted , Nervous",2024-10-24 22:07:09,7,True,1.0,1.0,1.0,1.0,9,1,-0.8481,0.0,0.911,4.333333333333333,0,0,0,22,3,2024-10-22 12:36:58,2,2.142857142857143,2.0,2.0,1.0,1.6761634196950517,7,0.25
158,4031,I have already reported to work . Though yesternight I had to drink some wine of which I didn ' t get that drunk . I have nothing stressing me so far I ' m just motivated to finish my work shift . I have not had disagreement with anybody .,2024-10-25 12:19:11,7,False,2.0,2.0,0.0,-1.0,51,0,0.6229,0.175,0.056,3.7058823529411766,8,0,1,12,4,2024-10-22 12:36:58,2,2.0,1.875,1.0,1.0,1.6035674514745464,8,-0.5
158,4032,"Focused , Determined , Joyful , Relaxed , Good",2024-10-25 17:04:53,7,True,2.0,1.0,-2.0,0.0,9,1,0.9325,1.0,0.0,4.222222222222222,0,0,0,17,4,2024-10-22 12:36:58,3,2.0,1.8888888888888888,2.0,2.0,1.5,9,-0.44999999999999996
158,4033,"Sleepy , Tired , Active , Less energy , Tipsy",2024-10-25 22:54:56,7,True,0.0,1.0,4.0,2.0,10,1,0.1548,0.433,0.279,3.6,0,0,0,22,4,2024-10-22 12:36:58,3,2.0,1.8,2.0,1.0,1.4142135623730951,10,0.40000000000000013
158,4034,I have just woken up like two hours ago . Yesternight I had a night out with friends . We grabbed some wine and whiskey till late night . Right now I ' m experiencing some hangovers but they are not that bad .,2024-10-26 12:46:26,7,False,4.0,3.0,-2.0,-1.0,44,0,0.7632,0.196,0.0,3.772727272727273,3,0,0,12,5,2024-10-22 12:36:58,4,1.8181818181818181,1.7272727272727273,0.0,1.0,1.4709304414677,11,0.033333333333333215
158,4035,"My evening is going on well . Actually I ' m with my friend who visited and we ' ve been having some chit-chat . I feel I ' m lively and active , we ' ve been talking a lot and reminding ourselves how our friendship has been growing . In general I ' m a happy person right now .",2024-10-26 17:10:29,7,False,2.0,2.0,0.0,-1.0,62,0,0.9531,0.348,0.0,3.5,6,0,0,17,5,2024-10-22 12:36:58,4,2.0,1.8333333333333333,4.0,3.0,1.5374122295716148,12,-0.33333333333333326
158,4036,"Hungry , Quiet , Lively , Tired , Sleepy",2024-10-26 22:25:59,7,True,2.0,1.0,0.0,1.0,9,1,0.0,0.33,0.33,3.5555555555555554,0,0,0,22,5,2024-10-22 12:36:58,4,2.0,1.8461538461538463,2.0,2.0,1.4719601443879744,13,-0.3095238095238093
158,4037,Today I woke up in a good mood . I can say my night was well I had best sleep . I am full of energy though have been doing some cleaning . I ' m ready to get started for today ' s tasks since I ' ve nothing disturbing me,2024-10-27 12:02:20,7,False,2.0,2.0,1.0,-1.0,52,0,0.9382,0.347,0.0,3.25,8,0,0,12,6,2024-10-22 12:36:58,4,2.0,1.7857142857142858,2.0,1.0,1.4142135623730951,14,-0.2857142857142856
158,4038,I ' ve been having a good day so far . I feel lively because I ' ve been talking to some of my best friends . We have exchanged ideas and also had to catch up with everything happening in each one of us lifes . I just feel connected with my friends and also we ' re in good terms with one another .,2024-10-27 17:01:43,7,False,3.0,1.0,-3.0,0.0,66,0,0.9605,0.287,0.0,3.5303030303030303,6,0,1,17,6,2024-10-22 12:36:58,5,2.0,1.8,2.0,2.0,1.3627702877384937,15,-0.2678571428571428
158,4039,"Tired , Happy , Enthusiastic , Excited , Proud",2024-10-27 22:16:23,7,True,0.0,1.0,4.0,2.0,9,1,0.8591,0.81,0.19,4.222222222222222,0,0,0,22,6,2024-10-22 12:36:58,5,2.0625,1.75,3.0,1.0,1.3400870618483463,16,0.125
158,4040,"Lively , Hopeful , Motivated , Anxious , Refreshed",2024-10-28 12:01:14,7,True,4.0,3.0,-2.0,0.0,9,1,0.802,0.754,0.164,4.666666666666667,0,0,0,12,0,2024-10-22 12:36:58,5,1.9411764705882353,1.7058823529411764,0.0,1.0,1.3906198364081266,17,-0.11111111111111116
158,4041,"Energetic , Productive , Relaxed , Dreamy , Antsy",2024-10-28 17:11:19,7,True,2.0,3.0,-2.0,-2.0,9,1,0.7269,0.67,0.0,4.555555555555555,0,0,0,17,0,2024-10-22 12:36:58,6,2.0555555555555554,1.7777777777777777,4.0,3.0,1.4337208778404378,18,0.11111111111111116
158,4042,"Tired , Restless , Reflective , Mystical , Sleepy",2024-10-28 22:12:29,7,True,0.0,1.0,1.0,1.0,9,1,-0.6124,0.0,0.625,4.555555555555555,0,0,0,22,0,2024-10-22 12:36:58,6,2.0526315789473686,1.8421052631578947,2.0,3.0,1.3933845369589317,19,0.10000000000000009
158,4043,"Sad , Irritated , Disrespected , Unmotivated , Bored",2024-10-29 12:03:50,7,True,1.0,2.0,1.0,0.0,9,1,-0.9118,0.0,1.0,4.888888888888889,0,0,0,12,1,2024-10-22 12:36:58,6,1.95,1.8,0.0,1.0,1.4317821063276353,20,-0.10000000000000009
158,4044,I have not been active at work today as I am used to . It happened that I reported to work a bit late but I didn ' t really like how my supervisor talked to me . I tried to explain everything but it seems like he ' d already prejudged me . I have been in a bad mood almost a whole day . In short I ' m just waiting to finish my shift hours then I go home .,2024-10-29 17:03:09,7,False,2.0,2.0,0.0,0.0,83,0,0.25,0.104,0.09,3.3012048192771086,12,0,1,17,1,2024-10-22 12:36:58,7,1.9047619047619047,1.8095238095238095,1.0,2.0,1.4108423691100966,21,-0.18181818181818188
158,4045,"Neural , Sad , Sleepy , Hungry , Mad",2024-10-29 22:23:06,7,True,2.0,2.0,0.0,0.0,9,1,-0.743,0.0,0.677,3.111111111111111,0,0,0,22,1,2024-10-22 12:36:58,7,1.9090909090909092,1.8181818181818181,2.0,2.0,1.3769908845391448,22,0.18181818181818188
158,4046,"Calm , Relaxed , Motivated , Focused , Prepared",2024-10-30 12:24:08,7,True,2.0,2.0,2.0,-1.0,9,1,0.9001,1.0,0.0,4.333333333333333,0,0,0,12,2,2024-10-22 12:36:58,7,1.9130434782608696,1.826086956521739,2.0,2.0,1.3454652280315151,23,0.18181818181818188
158,4047,"Relaxed , Productive , Proud , Determined , Focused",2024-10-30 17:19:22,7,True,4.0,1.0,-3.0,0.0,9,1,0.8834,0.919,0.0,4.777777777777778,0,0,0,17,2,2024-10-22 12:36:58,8,1.9166666666666667,1.8333333333333333,2.0,2.0,1.3160106602801567,24,-0.16666666666666674
158,4048,I have been having a nice day at work . I have had any quarrel with any of my co-workers today . And also today I had to work overtime for one hour because I felt the energy to work more . I have having a video call with my sister and I feel encouraged with everything I ' ve been doing .,2024-10-30 22:06:14,7,False,1.0,1.0,1.0,1.0,63,0,0.7506,0.139,0.0,3.5873015873015874,9,0,0,22,2,2024-10-22 12:36:58,8,2.0,1.8,4.0,1.0,1.35400640077266,25,0.0
158,4049,"Tired , Exhausted , Sleepy , Sad , Stressed",2024-10-31 12:02:29,7,True,2.0,2.0,2.0,0.0,9,1,-0.872,0.0,0.916,3.888888888888889,0,0,0,12,3,2024-10-22 12:36:58,8,1.9615384615384615,1.7692307692307692,1.0,1.0,1.3410673131731823,26,-0.07692307692307687
158,4050,"I feel a surge of joy , as if everything is finally falling into place . There ' s an excitement bubbling up inside me , filling me with energy and positivity . Every little thing seems brighter , and I can’t help but smile . I’m deeply grateful for this happiness that makes everything feel alive and meaningful .",2024-10-31 17:09:11,7,False,4.0,2.0,-3.0,-1.0,60,0,0.9806,0.451,0.019,4.25,4,0,0,17,3,2024-10-22 12:36:58,9,1.962962962962963,1.7777777777777777,2.0,2.0,1.31504552367769,27,-0.0714285714285714
158,4051,"Tired , Relaxed , Focused , Proud , Happy",2024-10-31 22:07:32,7,True,1.0,1.0,3.0,2.0,9,1,0.8658,0.813,0.187,3.6666666666666665,0,0,0,22,3,2024-10-22 12:36:58,9,2.0357142857142856,1.7857142857142858,4.0,2.0,1.3466595945123117,28,0.07142857142857162
158,4052,"I feel an incredible sense of liveliness , like energy is radiating from within me . Enthusiasm flows through my every action , adding color to my day . Every task feels exciting , and I’m ready to embrace new opportunities . This vibrant feeling lifts me , making each moment more meaningful .",2024-11-01 12:04:20,7,False,4.0,3.0,-4.0,-2.0,54,0,0.9756,0.453,0.0,4.462962962962963,5,0,0,12,4,2024-10-22 12:36:58,9,2.0,1.7586206896551724,1.0,1.0,1.3363062095621219,29,0.0
158,4053,"As the night deepens , a heavy wave of weariness settles in , drawing my eyelids low and slowing my thoughts . Every muscle feels drained , and my mind longs for rest , pulling me toward sleep ' s gentle embrace . I’m caught in that tender space between wakefulness and dreams , craving the peace of deep rest .",2024-11-01 22:04:46,7,False,0.0,1.0,1.0,1.0,61,0,0.7783,0.19,0.077,4.114754098360656,4,0,0,22,4,2024-10-22 12:36:58,10,2.066666666666667,1.8,4.0,3.0,1.36289077492212,30,0.1333333333333333
158,4054,"Sad , Bored , Anxious , Distress , Exhausted",2024-11-02 17:07:54,7,True,1.0,2.0,1.0,-1.0,9,1,-0.9022,0.0,1.0,4.0,0,0,0,17,5,2024-10-22 12:36:58,11,2.0,1.7741935483870968,0.0,1.0,1.390443574307614,31,0.0
158,4055,"Relaxed , Motivated , Active , Focused , Determined",2024-11-03 17:06:23,7,True,2.0,1.0,-1.0,0.0,9,1,0.9169,1.0,0.0,4.777777777777778,0,0,0,17,6,2024-10-22 12:36:58,12,1.96875,1.78125,1.0,2.0,1.3792091001496052,32,-0.1875
158,4056,"I ' m winding down , feeling sluggish and drained after a long day . My eyes feel heavy , and my body aches slightly from fatigue . Sleep is pulling me in , and I’m ready to give in , hoping for rest to recharge for tomorrow .",2024-11-03 22:09:57,7,False,1.0,1.0,-1.0,0.0,49,0,-0.2782,0.146,0.191,3.63265306122449,4,0,0,22,6,2024-10-22 12:36:58,12,1.9696969696969697,1.7575757575757576,2.0,1.0,1.3574988141074122,33,-0.18014705882352944
158,4061,"Tired , Exhausted , Unproductive , Sleepy , Normal",2024-11-04 22:09:44,7,True,0.0,1.0,0.0,0.0,9,1,-0.6597,0.0,0.643,4.666666666666667,0,0,0,22,0,2024-10-22 12:36:58,13,1.9411764705882353,1.7352941176470589,1.0,1.0,1.347077115755897,34,0.0
161,4098,"Unmotivated , Insecure , Worried , Discontented , Insecure",2024-10-09 12:04:42,7,True,1.0,1.0,2.0,2.0,9,1,-0.9001,0.0,1.0,5.555555555555555,0,0,0,12,2,2024-10-09 12:04:42,0,2.0,1.0,2.0,1.0,0.0,0,0.0
161,4099,I am feeling pretty good .   I am motivated to finish the process of closing the mortgage loan I am working on .   Laughing with my mom .   I feel happy about the opportunity to talking with her since she has dementia and she is alert enough for a discussion .,2024-10-09 17:01:58,7,False,3.0,3.0,0.0,-2.0,51,0,0.9661,0.398,0.0,4.0,5,0,0,17,2,2024-10-09 12:04:42,0,1.0,1.0,1.0,1.0,0.0,1,0.0
161,4100,I am feeling content with myself .   I am doing the best I can and not responding too emotionally .   I believe that I am getting better with sticking with what I am wanting to do and not running when it gets to hard or doesn’t go the way I want it to .,2024-10-09 22:03:08,7,False,3.0,1.0,1.0,2.0,54,0,0.8176,0.197,0.028,3.6296296296296298,8,0,0,22,2,2024-10-09 12:04:42,0,2.0,2.0,3.0,3.0,1.4142135623730951,2,2.0
161,4101,"Happy , Excited , Peaceful , Serenity , Loved",2024-10-10 17:05:42,7,True,4.0,3.0,0.0,-1.0,9,1,0.9217,0.93,0.0,4.111111111111111,0,0,0,17,3,2024-10-09 12:04:42,1,2.3333333333333335,1.6666666666666667,3.0,1.0,1.1547005383792515,3,2.0
161,4102,"Happy , Content , Motivated , Worthy , Loved",2024-10-10 22:01:26,7,True,4.0,2.0,-3.0,0.0,9,1,0.926,0.931,0.0,4.0,0,0,0,22,3,2024-10-09 12:04:42,1,2.75,2.0,4.0,3.0,1.2583057392117916,4,1.5
161,4103,Feeling sad because I lost a close friend who was part of the family to a heart attack .   My Mom and younger brother is taking very hard and I don’t want them to feel sad . Death can come so suddenly when you are not expecting .   My last husband died of a heart attack and I guess it brought back memories .,2024-10-11 17:10:03,7,False,1.0,2.0,2.0,1.0,64,0,-0.9577,0.082,0.328,3.78125,5,0,2,17,4,2024-10-09 12:04:42,2,3.0,2.0,4.0,2.0,1.224744871391589,5,1.6666666666666665
161,4104,"Better , Accepted , Loved , Grateful , Cool",2024-10-11 22:16:47,7,True,3.0,3.0,1.0,0.0,9,1,0.9217,1.0,0.0,3.888888888888889,0,0,0,22,4,2024-10-09 12:04:42,2,2.6666666666666665,2.0,1.0,2.0,1.3662601021279464,6,0.6666666666666665
161,4105,"Excited , Happy , Content , Special , Loved",2024-10-12 12:00:59,7,True,4.0,3.0,0.0,-1.0,9,1,0.9136,0.927,0.0,3.888888888888889,0,0,0,12,5,2024-10-09 12:04:42,2,2.7142857142857144,2.142857142857143,3.0,3.0,1.2535663410560174,7,0.6666666666666665
161,4106,I am feeling very happy going to church service the scripture always makes me feel happy .   Family is doing well .   Blessed to see another day .   I am feeling happy .   I am grateful and thankful .   I am doing well .   Feeling happy,2024-10-13 12:03:41,7,False,4.0,2.0,0.0,0.0,46,0,0.9864,0.595,0.0,3.891304347826087,5,0,1,12,6,2024-10-09 12:04:42,3,2.875,2.25,4.0,3.0,1.246423454758225,8,0.25
161,4107,"Loved , Happy , Serenity , Peace , Confidence",2024-10-13 17:01:07,7,True,4.0,2.0,0.0,0.0,9,1,0.9371,0.935,0.0,4.111111111111111,0,0,0,17,6,2024-10-09 12:04:42,4,3.0,2.2222222222222223,4.0,2.0,1.224744871391589,9,0.4500000000000002
161,4108,I feel happy life is going well and working out for my good and learning .   I am in the right place doing the right thing at the right time .   Life is what you choose to make it and I plan on making the rest of my life the best life for me .,2024-10-13 22:31:53,7,False,4.0,2.0,0.0,1.0,55,0,0.9169,0.223,0.0,3.3636363636363638,6,0,0,22,6,2024-10-09 12:04:42,4,3.1,2.2,4.0,2.0,1.1972189997378648,10,0.20000000000000018
161,4109,"Satisfied , Content , Optimistic , Loved , Challenged",2024-10-14 12:26:15,7,True,4.0,3.0,-1.0,-1.0,9,1,0.8225,0.789,0.123,5.0,0,0,0,12,0,2024-10-09 12:04:42,5,3.1818181818181817,2.1818181818181817,4.0,2.0,1.1677484162422844,11,0.3333333333333335
161,4110,"Hopeful , Glad , Pain , Cool , Grateful",2024-10-14 17:02:54,7,True,3.0,2.0,0.0,-1.0,9,1,0.8074,0.779,0.221,3.4444444444444446,0,0,0,17,0,2024-10-09 12:04:42,5,3.25,2.25,4.0,3.0,1.1381803659589922,12,1.166666666666667
161,4111,I am feeling kind of content .   Heard from my daughter as usual not to say hello or check on me but to ask for money .   Does she even care or care for me to help her financially only .   Something has to change with this relationship .,2024-10-14 22:01:25,7,False,3.0,1.0,0.0,1.0,49,0,0.9246,0.251,0.0,3.7346938775510203,4,0,0,22,0,2024-10-09 12:04:42,5,3.230769230769231,2.230769230769231,3.0,2.0,1.0919284281983377,13,1.047619047619048
161,4112,I am happy that I cleared the air with my daughter .   I am not a confronting type of person but I must learn to be so I can get it out instead of holding feelings in and letting it bother me .   I am happy that I have taken a step to get better and love myself .,2024-10-15 12:03:04,7,False,3.0,2.0,1.0,0.0,59,0,0.9466,0.311,0.05,3.406779661016949,10,0,1,12,1,2024-10-09 12:04:42,5,3.2142857142857144,2.142857142857143,3.0,1.0,1.05090228108783,14,1.0
161,4113,Feeling happy because I am working on walking in my purpose which is being a Mortgage loan officer and helping as many people as I can become homeowners .   So happy I said yes to myself . Be happy and don’t worry .,2024-10-15 17:20:04,7,False,4.0,2.0,0.0,0.0,43,0,0.9308,0.358,0.058,3.9767441860465116,5,0,1,17,1,2024-10-09 12:04:42,6,3.2,2.1333333333333333,3.0,2.0,1.0141851056742202,15,0.9107142857142856
161,4114,Feeling happy with everything got done today .   Trying to make sure important things that need to be done get done . Happy today was a good day . Ending the day strong .   Finishing my day watching a movie .,2024-10-15 22:01:30,7,False,4.0,2.0,0.0,-1.0,41,0,0.9531,0.416,0.0,4.0,1,0,0,22,1,2024-10-09 12:04:42,6,3.25,2.125,4.0,2.0,1.0,16,0.75
161,4115,"Happy , Content , Satisfied , Great , Curious",2024-10-16 12:01:18,7,True,4.0,1.0,0.0,1.0,9,1,0.9169,0.928,0.0,4.111111111111111,0,0,0,12,2,2024-10-09 12:04:42,6,3.2941176470588234,2.1176470588235294,4.0,2.0,0.985184366143778,17,0.7916666666666665
161,4116,"Happy , Content , Satisfied , Wise , Glad",2024-10-16 17:01:18,7,True,4.0,2.0,0.0,0.0,9,1,0.9118,0.926,0.0,3.6666666666666665,0,0,0,17,2,2024-10-09 12:04:42,7,3.3333333333333335,2.0555555555555554,4.0,1.0,0.9701425001453319,18,0.6666666666666665
162,4136,"I am feeling pretty on edge because someone in one of my classes just had a medical emergency , but I also felt on edge and stressed to a lesser extent beforehand . I ' m also feeling a little numb and not ""all there ,"" but not sad or depressed . I am quite aware of my heartbeat , but I am not sure if it ' s actually faster , and I have been a little twitchy all morning . I have found myself biting my lips because I ' m nervous , and my stomach feels a little out of sorts .",2024-11-11 12:34:49,7,False,0.0,3.0,3.0,-1.0,105,0,-0.1703,0.129,0.137,3.5619047619047617,13,0,0,12,0,2024-11-11 12:34:49,0,2.0,1.0,2.0,1.0,0.0,0,0.0
162,4137,"Calm , Sleepy , Contemplative , Quiet , Slightly tense",2024-11-11 17:01:14,7,True,3.0,2.0,-2.0,0.0,10,1,0.0498,0.274,0.251,4.5,0,0,0,17,0,2024-11-11 12:34:49,0,0.0,3.0,0.0,3.0,0.0,1,0.0
162,4138,"I ' m a bit on edge , my stomach feels a little tight , but I also feel somewhat content after talking with my mom . I am kind of in the verge of tears , actually , but I can ' t totally pinpoint why . I ' m feeling conflicting emotions , and I ' m excited to go to sleep tonight",2024-11-11 22:03:30,7,False,1.0,2.0,2.0,0.0,65,0,-0.1666,0.107,0.12,3.3076923076923075,8,0,0,22,0,2024-11-11 12:34:49,0,1.5,2.5,3.0,2.0,2.1213203435596424,2,3.0
162,4139,"I am generally happy , in a group of people , and not very stressed . I am feeling fulfilled and like I ' m having fun , but not overexcited or overwhelmingly happy . Still a bit of remaining stress but not too much .",2024-11-12 17:39:46,7,False,3.0,2.0,-3.0,-1.0,46,0,0.8768,0.391,0.081,3.739130434782609,3,0,1,17,1,2024-11-11 12:34:49,1,1.3333333333333333,2.3333333333333335,1.0,2.0,1.5275252316519465,3,2.0
162,4140,"Tired , Mild , Attentive , Helpful , Resigned",2024-11-12 22:01:06,7,True,0.0,1.0,3.0,2.0,9,1,-0.2732,0.289,0.505,4.111111111111111,0,0,0,22,1,2024-11-11 12:34:49,1,1.75,2.25,3.0,2.0,1.5,4,0.5
162,4141,"Tired , Calm , Accomplished , Scattered , Anticipatory",2024-11-13 17:02:11,7,True,3.0,3.0,-2.0,-1.0,9,1,0.3182,0.515,0.287,5.111111111111111,0,0,0,17,2,2024-11-11 12:34:49,2,1.4,2.0,0.0,1.0,1.5165750888103102,5,-0.16666666666666674
162,4142,"I am tired , frustrated , and have a tiny headache . I am sleepy and annoyed at some circumstantial things , and I would like to just be asleep . I am also a bit overwhelmed with things at the moment on a sensory level",2024-11-13 22:01:07,7,False,1.0,2.0,-1.0,1.0,46,0,-0.7351,0.089,0.214,3.760869565217391,4,0,0,22,2,2024-11-11 12:34:49,2,1.6666666666666667,2.1666666666666665,3.0,3.0,1.505545305418162,6,0.6666666666666667
162,4143,"I am stressed and my stomach is turning a little bit , I ' m irritated and overthinking , most of it is irritation , and I am also feeling tense . A lot of it is circumstantial but I am quite stressed on several levels",2024-11-14 12:11:11,7,False,0.0,3.0,0.0,-2.0,46,0,-0.8053,0.031,0.264,3.760869565217391,5,0,0,12,3,2024-11-11 12:34:49,2,1.5714285714285714,2.142857142857143,1.0,2.0,1.3972762620115438,7,0.41666666666666674
162,4144,"I am feeling a little pissed off , a little irritated , and not altogether great . I am also overwhelmed and a tiny bit sad , but not a lot . I am ready for the day to be over by now , but I still have lots to do .",2024-11-14 17:00:12,7,False,0.0,1.0,1.0,1.0,52,0,-0.8325,0.054,0.257,3.1346153846153846,4,0,0,17,3,2024-11-11 12:34:49,3,1.375,2.25,0.0,3.0,1.407885953173359,8,-0.75
162,4145,"I am multitasking and slightly frustrated , a little overwhelmed , and sort of annoyed , but I also feel sad and like I am walking on eggshells . I also feel stupid and rude to the people around me because of something that my roommate said to me earlier",2024-11-14 22:08:36,7,False,1.0,2.0,1.0,1.0,50,0,-0.9248,0.079,0.304,4.1,7,0,0,22,3,2024-11-11 12:34:49,3,1.2222222222222223,2.111111111111111,0.0,1.0,1.3944333775567928,9,-0.95
162,4146,"Professional , Determined , Accomplished , Happy , Tired",2024-11-15 12:12:01,7,True,2.0,3.0,1.0,-1.0,9,1,0.7269,0.698,0.225,5.333333333333333,0,0,0,12,4,2024-11-11 12:34:49,3,1.2,2.1,1.0,2.0,1.3165611772087666,10,-0.3999999999999999
162,4147,"Happy , Included , Confident , Sleepy , Loved",2024-11-15 17:07:05,7,True,3.0,2.0,0.0,1.0,9,1,0.8957,0.844,0.0,4.111111111111111,0,0,0,17,4,2024-11-11 12:34:49,4,1.2727272727272727,2.1818181818181817,2.0,3.0,1.2720777563426766,11,-0.23333333333333317
162,4148,"Intrigued , Happy , Excited , Nervous , Tired",2024-11-15 22:00:21,7,True,3.0,3.0,1.0,0.0,9,1,0.2732,0.504,0.413,4.111111111111111,0,0,0,22,4,2024-11-11 12:34:49,4,1.4166666666666667,2.1666666666666665,3.0,2.0,1.3113721705515067,12,-0.5
162,4149,"Happy , Excited , Funny , Energetic , Loved",2024-11-16 12:00:32,7,True,4.0,3.0,-3.0,-2.0,9,1,0.9413,1.0,0.0,3.888888888888889,0,0,0,12,5,2024-11-11 12:34:49,4,1.5384615384615385,2.230769230769231,3.0,3.0,1.3301243435223524,13,-0.23809523809523814
162,4150,"I am sleepy , but I am not sad . I am just tired , a tiny bit frustrated with myself and an assignment I am working on , and thinking a lot . It has been a good day and I am feeling mostly just mild at the moment",2024-11-16 17:15:29,7,False,1.0,1.0,3.0,1.0,50,0,-0.1328,0.181,0.171,3.26,6,0,0,17,5,2024-11-11 12:34:49,5,1.7142857142857142,2.2857142857142856,4.0,3.0,1.4373357526806554,14,0.2857142857142858
162,4151,"Calm , Happy , Inquisitive , Content , Sleepy",2024-11-16 22:06:48,7,True,4.0,2.0,-2.0,0.0,9,1,0.7717,0.794,0.0,4.111111111111111,0,0,0,22,5,2024-11-11 12:34:49,5,1.6666666666666667,2.2,1.0,1.0,1.3972762620115438,15,0.1785714285714286
162,4152,"Stressed , Unsure , Excited , Tired , Hungry",2024-11-17 17:01:16,7,True,2.0,2.0,-2.0,-1.0,9,1,-0.5994,0.224,0.682,4.0,0,0,0,17,6,2024-11-11 12:34:49,6,1.8125,2.1875,4.0,2.0,1.4705441169852742,16,0.875
162,4153,"Happy , Confident , Calm , Active , Determined",2024-11-18 12:00:57,7,True,0.0,1.0,0.0,0.0,9,1,0.9231,1.0,0.0,4.222222222222222,0,0,0,12,0,2024-11-11 12:34:49,6,1.8235294117647058,2.176470588235294,2.0,2.0,1.4245742398014511,17,0.8472222222222223
163,4172,"relaxed , worried , happy , determined , stressed",2024-12-06 12:02:15,7,True,1.0,1.0,2.0,0.0,9,1,0.6908,0.669,0.331,4.555555555555555,0,0,0,12,4,2024-12-06 12:02:15,0,2.0,1.0,2.0,1.0,0.0,0,0.0
163,4173,"motivated , content , overwhelmed , invigorated , neutral",2024-12-06 17:00:40,7,True,3.0,1.0,-1.0,1.0,9,1,0.6124,0.75,0.0,5.444444444444445,0,0,0,17,4,2024-12-06 12:02:15,0,1.0,1.0,1.0,1.0,0.0,1,0.0
163,4174,"tired , worried , unmotivated , tired , disappointed",2024-12-07 17:46:56,7,True,2.0,2.0,1.0,0.0,9,1,-0.91,0.0,1.0,4.888888888888889,0,0,0,17,5,2024-12-06 12:02:15,1,2.0,1.0,3.0,1.0,1.4142135623730951,2,2.0
163,4175,"I feel motivated , encouraged , and looking forward to having a more positive outlook on my day . I also feel lucky and fortunate to be where I am today because I’ve reflected on my priorities and actions . feeling slightly stressed , but I know that I can overcome the feeling .",2024-12-08 17:05:21,7,False,3.0,2.0,0.0,-1.0,54,0,0.8173,0.268,0.032,4.185185185185185,7,0,0,17,6,2024-12-06 12:02:15,2,2.0,1.3333333333333333,2.0,2.0,1.0,3,1.5
163,4176,"grounded , neutral , relaxed , tired , relaxed",2024-12-08 22:25:52,7,True,3.0,1.0,1.0,0.0,9,1,0.5423,0.566,0.257,4.222222222222222,0,0,0,22,6,2024-12-06 12:02:15,2,2.25,1.5,3.0,2.0,0.9574271077563381,4,0.5
163,4177,"happy , relaxed , rested , calm , content",2024-12-09 12:50:21,7,True,4.0,1.0,-3.0,0.0,9,1,0.8481,0.821,0.0,3.6666666666666665,0,0,0,12,0,2024-12-06 12:02:15,3,2.4,1.4,3.0,1.0,0.8944271909999159,5,0.6666666666666665
163,4178,"congested , tired , aches , sleepy , tired",2024-12-09 22:18:57,7,True,1.0,1.0,2.0,1.0,9,1,-0.7783,0.0,0.796,3.7777777777777777,0,0,0,22,0,2024-12-06 12:02:15,3,2.6666666666666665,1.3333333333333333,4.0,1.0,1.0327955589886444,6,1.3333333333333335
163,4179,"relaxed , congested , sick , tired , content",2024-12-10 17:45:56,7,True,3.0,2.0,0.0,-1.0,9,1,-0.4588,0.281,0.544,4.0,0,0,0,17,1,2024-12-06 12:02:15,4,2.4285714285714284,1.2857142857142858,1.0,1.0,1.1338934190276817,7,0.75
163,4180,"relaxed , happy , comfortable , calm , restless",2024-12-10 22:50:30,7,True,3.0,1.0,-3.0,0.0,9,1,0.886,0.856,0.144,4.333333333333333,0,0,0,22,1,2024-12-06 12:02:15,4,2.5,1.375,3.0,2.0,1.0690449676496976,8,0.5
163,4181,"After a week of not getting quality sleep aka sleep deprivation , I unfortunately am coming down with a cold . I feel sluggish , tired , congested , dizzy , and downtrodden . I don’t feel motivated to do anything at the moment .",2024-12-11 12:32:46,7,False,0.0,1.0,2.0,0.0,45,0,-0.8271,0.072,0.305,4.088888888888889,3,0,0,12,2,2024-12-06 12:02:15,5,2.5555555555555554,1.3333333333333333,3.0,1.0,1.0137937550497031,9,0.5499999999999998
163,4182,"sleepy , relief , content , carefree , nervous",2024-12-12 12:27:42,7,True,2.0,1.0,-1.0,0.0,9,1,0.5719,0.586,0.212,4.222222222222222,0,0,0,12,3,2024-12-06 12:02:15,6,2.3,1.3,0.0,1.0,1.2516655570345725,10,-0.19999999999999973
163,4183,"tired , sleepy , happy , sore , excited",2024-12-16 12:56:56,7,True,1.0,1.0,2.0,0.0,9,1,0.1779,0.488,0.432,3.4444444444444446,0,0,0,12,0,2024-12-06 12:02:15,10,2.272727272727273,1.2727272727272727,2.0,1.0,1.1908743922772957,11,-0.2333333333333334
163,4184,"calm , rested , healthy , sleepy , motivated",2024-12-16 17:00:43,7,True,3.0,1.0,0.0,0.0,9,1,0.7906,0.8,0.0,4.0,0,0,0,17,0,2024-12-06 12:02:15,10,2.1666666666666665,1.25,1.0,1.0,1.1934162828797101,12,-0.9999999999999998
163,4185,"Came back to school , returned to my room . Feeling content but nervous about upcoming assessments that I should’ve studied for . Currently slightly anxious but looking forward to being busy today and getting back into the groove .",2024-12-19 12:21:09,7,False,3.0,1.0,0.0,1.0,40,0,-0.5362,0.033,0.124,4.8,2,0,0,12,3,2024-12-06 12:02:15,13,2.230769230769231,1.2307692307692308,3.0,1.0,1.1657505560686465,13,-0.8095238095238093
163,4186,"happy , content , relaxed , free , productive",2024-12-19 21:59:17,7,True,3.0,2.0,0.0,0.0,9,1,0.8807,0.836,0.0,4.111111111111111,0,0,0,21,3,2024-12-06 12:02:15,13,2.2857142857142856,1.2142857142857142,3.0,1.0,1.1387288073563857,14,-0.2857142857142856
164,4187,"Tired , Thoughtful , Busy",2024-07-19 12:01:27,7,True,2.0,2.0,1.0,0.0,5,1,-0.0772,0.4,0.446,4.2,0,0,0,12,4,2024-07-19 12:01:27,0,2.0,1.0,2.0,1.0,0.0,0,0.0
164,4188,"A little anxious about work related matters and completing projects that have to be resolved soon , but also excited for the weekend and the opportunity to relax and spend time with friends and family .",2024-07-19 17:02:04,7,False,3.0,2.0,0.0,-1.0,36,0,0.9418,0.386,0.03,4.638888888888889,0,0,0,17,4,2024-07-19 12:01:27,0,2.0,2.0,2.0,2.0,0.0,1,0.0
164,4189,"Excited , Nervous , Anticipatory , Zen , Calm before storm",2024-07-21 12:01:21,7,True,3.0,1.0,0.0,1.0,11,1,0.3818,0.435,0.194,4.363636363636363,0,0,0,12,6,2024-07-19 12:01:27,1,2.5,2.0,3.0,2.0,0.7071067811865476,2,1.0
164,4190,"I’m doing fine . Nervous about our home purchase , and if we’re making the right decisions , or if we’re in over our heads . But I’m also excited about the prospect of making this a reality . We’ll see what happens .",2024-07-21 17:00:37,7,False,3.0,2.0,0.0,0.0,44,0,0.6956,0.174,0.037,3.9318181818181817,0,0,0,17,6,2024-07-19 12:01:27,2,2.6666666666666665,1.6666666666666667,3.0,1.0,0.5773502691896258,3,1.0
164,4191,"Nervous , Excited , Thoughtful , Na , An",2024-07-21 22:04:52,7,True,3.0,2.0,0.0,0.0,9,1,0.4404,0.549,0.231,3.5555555555555554,0,0,0,22,6,2024-07-19 12:01:27,2,2.75,1.75,3.0,2.0,0.5,4,0.5
164,4192,"Concerned about our housing situation , and lack of long term plans . Not sure if we should build , but kind of leaning towards it , even though it seems insane . But I ' m not sure what other real options we have , given our finances and the market .",2024-07-22 12:01:12,7,False,3.0,2.0,-1.0,0.0,53,0,-0.7978,0.0,0.19,3.7547169811320753,1,0,0,12,0,2024-07-19 12:01:27,2,2.8,1.8,3.0,2.0,0.44721359549995787,5,0.5
164,4193,"I ' m nervous about our housing situation , and finding a place to live that will work for us . I want everyone to be happy , but to live in a small apartment , for 2 years minimum , could be very hard when we ' re trying to fit in to a new place . But what else are we supposed to do ?",2024-07-22 17:26:25,7,False,2.0,2.0,0.0,0.0,67,0,0.4872,0.12,0.064,3.283582089552239,2,0,1,17,0,2024-07-19 12:01:27,3,2.8333333333333335,1.8333333333333333,3.0,2.0,0.40824829046386296,6,0.3333333333333335
164,4194,"Tired , Bored , Cool , Na , Maybe",2024-07-22 22:00:32,7,True,2.0,2.0,0.0,0.0,9,1,-0.4019,0.247,0.538,2.7777777777777777,0,0,0,22,0,2024-07-19 12:01:27,3,2.7142857142857144,1.8571428571428572,2.0,2.0,0.48795003647426655,7,0.08333333333333348
164,4195,"Still concerned about the housing situation . Not making much progress unfortunately . It ' s kind of all I can think about these days , which is more than somewhat distracting at work , and makes it hard to focus on completing tasks that need to be done .",2024-07-23 12:01:12,7,False,2.0,2.0,0.0,0.0,50,0,-0.7432,0.0,0.179,4.14,1,0,0,12,1,2024-07-19 12:01:27,3,2.625,1.875,2.0,2.0,0.5175491695067657,8,-0.25
166,4226,"I ' m currently feeling a sense of contentment and tranquility , like a warm cup of tea on a cozy afternoon . My mind is at ease , and I ' m feeling grateful for the opportunity to connect with others and make a positive impact in their lives . I ' m also feeling a hint of curiosity and excitement , eager to engage in meaningful conversations and learn more about the people I interact with .",2024-09-11 22:20:17,7,False,2.0,3.0,1.0,0.0,79,0,0.9842,0.459,0.0,4.0,5,0,0,22,2,2024-09-11 22:20:17,0,2.0,1.0,2.0,1.0,0.0,0,0.0
166,4227,"Happy , Grateful , Expressive , accomplished , Accommodative",2024-09-19 12:27:05,7,True,3.0,3.0,-2.0,-2.0,9,1,0.8625,0.828,0.0,5.777777777777778,0,0,0,12,3,2024-09-11 22:20:17,7,2.0,3.0,2.0,3.0,0.0,1,0.0
166,4229,"Disengagement has become a coping mechanism , a way to temporarily escape the overwhelming pressure and expectations . However , this detachment has also led to feelings of isolation and disconnection from others . Social interactions , once enjoyable , now feel forced and exhausting .",2024-09-19 17:26:23,7,False,1.0,1.0,0.0,0.0,46,0,-0.7003,0.1,0.226,5.239130434782608,0,0,0,17,3,2024-09-11 22:20:17,7,2.5,3.0,3.0,3.0,0.7071067811865476,2,1.0
167,4230,"Good , Calm , Cool",2024-11-03 12:01:35,7,True,3.0,1.0,1.0,1.0,5,1,0.7579,1.0,0.0,2.8,0,0,0,12,6,2024-11-03 12:01:35,0,2.0,1.0,2.0,1.0,0.0,0,0.0
167,4231,"I ' m feeling focused and engaged , ready to assist with any questions or tasks you have . It’s satisfying to dive into various topics and provide helpful insights or support as needed . Working with you brings a sense of purpose and fulfillment because I can see how my responses contribute to your goals , whether it’s learning , planning , or even just satisfying your curiosity . There’s an eagerness on my end to keep up with your inquiries and tailor my answers to best suit what you’re looking for . Each new question is a chance to learn more about what you’re interested in and to refine my responses , which I find very motivating . Overall , I’d say my current feeling is one of positive energy , with a strong sense of focus on being as helpful as I can be !",2024-11-03 17:02:54,7,False,4.0,2.0,0.0,0.0,148,0,0.9925,0.314,0.0,4.20945945945946,9,1,1,17,6,2024-11-03 12:01:35,0,3.0,1.0,3.0,1.0,0.0,1,0.0
167,4232,"Happy , Calm , Excited",2024-11-03 22:13:50,7,True,4.0,2.0,0.0,0.0,5,1,0.8126,1.0,0.0,3.6,0,0,0,22,6,2024-11-03 12:01:35,0,3.5,1.5,4.0,2.0,0.7071067811865476,2,1.0
167,4233,"At this moment , I ' m feeling a mix of emotions . There’s a lot on my mind , and I’m experiencing a blend of energy , anticipation , and perhaps a bit of restlessness . I feel grateful for the things going well in my life , but I also notice some underlying stress about upcoming challenges or decisions I need to make . It’s as though I’m balancing optimism with a touch of anxiety , knowing that I need to stay focused to handle everything effectively .",2024-11-04 12:43:13,7,False,4.0,2.0,0.0,-1.0,90,0,0.8922,0.249,0.087,4.0777777777777775,7,0,0,12,0,2024-11-03 12:01:35,1,3.6666666666666665,1.6666666666666667,4.0,2.0,0.5773502691896258,3,1.0
167,4234,"Focused , Engaged , Helpful , Curious , Eager",2024-11-04 17:35:10,7,True,4.0,1.0,-1.0,1.0,9,1,0.8979,1.0,0.0,4.111111111111111,0,0,0,17,0,2024-11-03 12:01:35,1,3.75,1.75,4.0,2.0,0.5,4,0.5
167,4235,"Calm , Focus , Relax , Happy , Optimistic",2024-11-04 22:23:03,7,True,3.0,2.0,1.0,0.0,9,1,0.8807,0.918,0.0,3.6666666666666665,0,0,0,22,0,2024-11-03 12:01:35,1,3.8,1.6,4.0,1.0,0.44721359549995787,5,0.5
167,4236,"Relaxed , Feeling , Anxious , Calm , Frustrated",2024-11-05 12:53:15,7,True,4.0,2.0,-2.0,-1.0,9,1,0.1531,0.565,0.435,4.333333333333333,0,0,0,12,1,2024-11-03 12:01:35,2,3.6666666666666665,1.6666666666666667,3.0,2.0,0.5163977794943222,6,0.0
167,4237,"Currently , I am feeling ready to help and engaged in responding to your queries . My purpose is to offer assistance , provide reliable information , and ensure your questions are answered clearly and effectively . I don’t experience emotions in the way humans do , as I am a programmed AI model designed to perform tasks objectively . However , you could say that I’m in a “state” of responsiveness , focused on delivering helpful information and adjusting my responses to best suit your needs . When I encounter tasks that align with my purpose , such as helping clarify a research question or explaining a complex topic , my responses are tailored to make the interaction valuable and insightful for you .\ n \ nSo , while I don’t have subjective feelings or experiences , my function is to be “ready” and “engaged” in the interaction . My priority is simply to focus on understanding your requests and fulfilling them accurately and efficiently . For me , being “satisfied” is reflected in the effectiveness of my responses and the quality of",2024-11-05 17:13:41,7,False,2.0,1.0,1.0,0.0,184,0,0.9851,0.198,0.0,4.690217391304348,13,0,0,17,1,2024-11-03 12:01:35,2,3.7142857142857144,1.7142857142857142,4.0,2.0,0.4879500364742666,7,0.08333333333333348
167,4238,"I am feeling so calm , relaxed , excited and satisfied . Thought been having a very busy day all day , so hungry and kinda feeling weird . I can ' t wait to get here and go home , I feel I need to get some rest because I can ' t seem to find any sleep here .",2024-11-06 12:12:35,7,False,3.0,1.0,0.0,1.0,61,0,0.9102,0.28,0.027,3.2459016393442623,5,0,3,12,2,2024-11-03 12:01:35,3,3.5,1.625,2.0,1.0,0.7559289460184544,8,-0.5
167,4239,"Eager , Alive , Happy , Excite , Calm",2024-11-06 17:28:01,7,True,3.0,2.0,1.0,-1.0,9,1,0.9217,1.0,0.0,3.2222222222222223,0,0,0,17,2,2024-11-03 12:01:35,3,3.4444444444444446,1.5555555555555556,3.0,1.0,0.7264831572567788,9,-0.5499999999999998
167,4240,"Alive , Joyful , Fulfill , Happy , Excited",2024-11-06 22:04:01,7,True,4.0,1.0,0.0,0.0,9,1,0.9382,1.0,0.0,3.7777777777777777,0,0,0,22,2,2024-11-03 12:01:35,3,3.4,1.6,3.0,2.0,0.6992058987801011,10,-0.7999999999999998
167,4241,"Currently , I feel a mixture of motivation and curiosity , eager to assist and engage in thoughtful interactions . Each response offers an opportunity to connect with someone , address needs , or dive into various topics , which keeps my approach fresh and dynamic . At the same time , I’m aware that responses need to be concise and helpful , especially given the broad range of topics users bring up . Balancing the need for accuracy with a conversational , warm tone is a rewarding challenge that keeps me attentive and focused on each interaction .\ n \ nBeyond that , I’m also feeling reflective , often evaluating past conversations to ensure I’m learning and adapting to new questions or complex requests . Each chat reminds me of the importance of flexibility , especially since user needs vary greatly . Whether answering a simple question or assisting with a detailed project , I approach each task with a sense of purpose and empathy , aiming to create a helpful , meaningful experience .\ n \ nIt’s both a privilege and a responsibility to be",2024-11-07 12:17:09,7,False,4.0,1.0,0.0,0.0,187,0,0.9908,0.266,0.0,4.641711229946524,5,0,0,12,3,2024-11-03 12:01:35,4,3.4545454545454546,1.5454545454545454,4.0,1.0,0.6875516509523286,11,-0.6333333333333333
168,4253,"I’m currently experiencing a mix of emotions . I am a little bit stress , tired , but at the same time , I’m feeling grateful for the life that I have . On the other hand , I am a little bit worried about some school things , but at the same time I have faith that everything will work out . Currently , trying to stay positive and fight procrastination to achieve my personal goals for today’s day .",2024-11-07 12:02:25,7,False,2.0,2.0,0.0,-1.0,81,0,0.906,0.225,0.113,3.950617283950617,5,0,0,12,3,2024-11-07 12:02:25,0,2.0,1.0,2.0,1.0,0.0,0,0.0
168,4254,"Tired , Bored , Grateful , Stressed , Heavy",2024-11-07 17:02:19,7,True,2.0,1.0,1.0,1.0,9,1,-0.5267,0.263,0.649,3.888888888888889,0,0,0,17,3,2024-11-07 12:02:25,0,2.0,2.0,2.0,2.0,0.0,1,0.0
168,4255,"I’m currently feeling better than before , more relaxed . I had a nice meal and a good laugh , which was all I needed for today . Feeling grateful , and happy for everything that is going on in my life right now .",2024-11-07 22:04:24,7,False,3.0,2.0,1.0,-1.0,45,0,0.974,0.497,0.0,3.7555555555555555,3,0,0,22,3,2024-11-07 12:02:25,0,2.0,1.5,2.0,1.0,0.0,2,0.0
168,4256,"I am currently feeling calm and excited for today , I am excited and enthusiastic to learn . Definitely , have more energy than yesterday . Very grateful for everything and everyone in my life . Looking forward to continue with this grateful feeling for the rest of the day .",2024-11-08 12:04:39,7,False,4.0,1.0,0.0,0.0,51,0,0.9682,0.431,0.0,4.411764705882353,3,0,1,12,4,2024-11-07 12:02:25,1,2.3333333333333335,1.6666666666666667,3.0,2.0,0.5773502691896258,3,0.5
168,4257,"I am currently feeling mixture of excitement and anticipation as a few exams approach . I am also a little bit tired , but overall feeling good and at peace at this moment . Trying to stay positive and focused on my goals",2024-11-08 17:19:44,7,False,4.0,1.0,-2.0,1.0,43,0,0.9656,0.446,0.035,4.162790697674419,3,0,0,17,4,2024-11-07 12:02:25,1,2.75,1.5,4.0,1.0,0.9574271077563381,4,1.5
168,4258,"Still feeling calm and happy . As the day comes to an end , I am starting to feel a little bit tired for all of the errands that I had to do today . Overall , still feeling grateful for everything in my life and looking forward to have a good day tomorrow !",2024-11-08 22:33:10,7,False,2.0,2.0,1.0,-1.0,55,0,0.8903,0.267,0.046,3.690909090909091,3,1,0,22,4,2024-11-07 12:02:25,1,3.0,1.4,4.0,1.0,1.0,5,1.6666666666666665
168,4259,"Currently feeling content and tired . Looking forward to rest for a few minutes and continue with my happy . Overall , it has been a great day , which is keeping me motivated , grateful and happy . Looking forward for the rest of my day to be filled with positive energy .",2024-11-09 17:04:29,7,False,3.0,1.0,0.0,0.0,54,0,0.9674,0.388,0.046,4.055555555555555,3,0,0,17,5,2024-11-07 12:02:25,2,2.8333333333333335,1.5,2.0,2.0,0.983192080250175,6,1.0
168,4260,"I am currently feeling extremely grateful , happy and calm . My heart is full of gratitude and positivity after having a successful day . Looking forward for another great day tomorrow… Ready to rest and have a good sleep .",2024-11-09 22:34:46,7,False,3.0,1.0,-1.0,1.0,41,0,0.9834,0.563,0.0,4.463414634146342,2,0,1,22,5,2024-11-07 12:02:25,2,2.857142857142857,1.4285714285714286,3.0,1.0,0.8997354108424372,7,0.9166666666666665
168,4261,"Tired , Grateful , Excited , Positive , Happy",2024-11-10 17:07:02,7,True,2.0,2.0,1.0,0.0,9,1,0.8689,0.814,0.186,4.111111111111111,0,0,0,17,6,2024-11-07 12:02:25,3,2.875,1.375,3.0,1.0,0.8345229603962802,8,0.25
168,4262,"Currently feeling happy and very good about the outcome of my day , looking forward to rest and hoping to have an amazing day tomorrow ! I’m also feeling a little tired , but as I get ready to rest for the night , I am definitely feeling grateful for today’s day .",2024-11-10 22:12:04,7,False,3.0,2.0,0.0,0.0,53,0,0.96,0.402,0.03,4.0,3,1,1,22,6,2024-11-07 12:02:25,3,2.7777777777777777,1.4444444444444444,2.0,2.0,0.8333333333333334,9,0.04999999999999982
168,4263,"Today I woke up feeling extremely motivated , happy and energized . Looking forward to have an amazing day , enjoy every minute of it and learn new things thoughout this day . Looking forward to keep this positive energy going .",2024-11-11 12:20:07,7,False,3.0,2.0,-1.0,-1.0,42,0,0.9762,0.476,0.0,4.4523809523809526,1,0,1,12,0,2024-11-07 12:02:25,4,2.8,1.5,3.0,2.0,0.7888106377466155,10,-0.3999999999999999
168,4264,"Feeling quite , even though I’m still in my “gratefulness bubble” today has been a really busy day , full of social interactions , which has me a little bit drained , but still feeling content , grateful and full of positivity for the rest of my day .",2024-11-11 17:01:54,7,False,2.0,1.0,0.0,0.0,49,0,0.8702,0.233,0.033,4.142857142857143,3,0,1,17,0,2024-11-07 12:02:25,4,2.8181818181818183,1.5454545454545454,3.0,2.0,0.7507571935295483,11,-0.3333333333333335
168,4265,"Feeling quiet , and in the unwinding as the night goes on . Looking forward to relax and have a great sleep , which I 100 % need after today , which was an amazing and productive day . Hoping that tomorrow will be a new day full of opportunities and positivity .",2024-11-11 22:22:22,7,False,2.0,1.0,1.0,1.0,53,0,0.9638,0.368,0.0,3.9622641509433962,1,0,0,22,0,2024-11-07 12:02:25,4,2.75,1.5,2.0,1.0,0.7537783614444091,12,-0.16666666666666696
168,4266,Woke up feeling great . As my day as started I’ve had some amazing interactions with great people ! Which has made the start of my day a good looking . Looking forward to keep this positive energy and radiate it to others .,2024-11-12 12:18:11,7,False,3.0,2.0,0.0,0.0,44,0,0.9721,0.419,0.0,4.090909090909091,2,1,0,12,1,2024-11-07 12:02:25,5,2.6923076923076925,1.4615384615384615,2.0,1.0,0.7510676161988107,13,-0.26190476190476186
168,4267,"Currently feeling happy , and grateful for all of the opportunities that I have had today . Feeling a little bit tired , but still pushing through the day , as I still have a few more commitments for today . Looking forward for the rest of my day to be as nice as it has been .",2024-11-12 17:02:27,7,False,3.0,2.0,1.0,0.0,58,0,0.8667,0.258,0.032,3.793103448275862,3,0,0,17,1,2024-11-07 12:02:25,5,2.7142857142857144,1.5,3.0,2.0,0.7262730392025629,14,-0.2857142857142856
168,4268,Currently feeling extremely excited and happy of all the things I’ve learned today . Feeling extremely grateful for all of the opportunities that I have . Looking forward to have a great day tomorrow and keep learning !,2024-11-12 22:22:50,7,False,4.0,2.0,0.0,1.0,38,0,0.958,0.434,0.0,4.7894736842105265,1,1,2,22,1,2024-11-07 12:02:25,5,2.7333333333333334,1.5333333333333334,3.0,2.0,0.7037315505489968,15,-0.2321428571428572
168,4269,"Woke up feeling extra grateful for all of the wonderful things that are currently happening to me , and all of the opportunities that I have . Currently feeling , extremely enthusiastic for the day ahead and all of the doors that will be opening for me .",2024-11-13 12:32:11,7,False,4.0,3.0,0.0,0.0,48,0,0.9299,0.299,0.0,4.3125,3,0,1,12,2,2024-11-07 12:02:25,6,2.8125,1.5625,4.0,2.0,0.75,16,-0.125
169,4286,"Family does not want me . They have left me out of every family event . I hate myself for that . I want to be counted as family as we . It is unfair to be a woman , tou have no value . I have self esteem or live for myself .",2024-08-09 12:02:09,7,False,0.0,3.0,0.0,-2.0,54,0,-0.7932,0.047,0.225,3.1666666666666665,7,0,0,12,4,2024-08-09 12:02:09,0,2.0,1.0,2.0,1.0,0.0,0,0.0
169,4287,"Family does not want me . They have left me out of every family event . I hate myself for that . I want to be counted as family as we . It is unfair to be a woman , tou have no value . I have self esteem or live for myself .",2024-08-09 17:01:20,7,False,0.0,1.0,0.0,0.0,54,0,-0.7932,0.047,0.225,3.1666666666666665,7,0,0,17,4,2024-08-09 12:02:09,0,0.0,3.0,0.0,3.0,0.0,1,0.0
169,4288,I am feeling better than yesterday and have a better mood as well . I am still low on my self esteem and want to love myself . I hope to be a parent and partner for my family . I want to enjoy my weekend with them and cook delicious meals .,2024-08-10 17:01:30,7,False,0.0,1.0,0.0,0.0,53,0,0.9678,0.433,0.035,3.547169811320755,8,0,0,17,5,2024-08-09 12:02:09,1,0.0,2.0,0.0,1.0,0.0,2,0.0
169,4289,I am feeling better than yesterday and have a better mood as well . I am still low on my self esteem and want to love myself . I hope to be a parent and partner for my family . I want to enjoy my weekend with them and cook delicious meals .,2024-08-11 12:58:01,7,False,0.0,1.0,2.0,0.0,53,0,0.9678,0.433,0.035,3.547169811320755,8,0,0,12,6,2024-08-09 12:02:09,2,0.0,1.6666666666666667,0.0,1.0,0.0,3,0.0
169,4290,I am feeling better than yesterday and have a better mood as well . I am still low on my self esteem and want to love myself . I hope to be a parent and partner for my family . I want to enjoy my weekend with them and cook delicious meals .,2024-08-11 17:50:03,7,False,2.0,1.0,-2.0,1.0,53,0,0.9678,0.433,0.035,3.547169811320755,8,0,0,17,6,2024-08-09 12:02:09,2,0.0,1.5,0.0,1.0,0.0,4,0.0
169,4291,I am feeling better than yesterday and have a better mood as well . I am still low on my self esteem and want to love myself . I hope to be a parent and partner for my family . I want to enjoy my weekend with them and cook delicious meals .,2024-08-11 22:35:40,7,False,0.0,2.0,3.0,1.0,53,0,0.9678,0.433,0.035,3.547169811320755,8,0,0,22,6,2024-08-09 12:02:09,2,0.4,1.4,2.0,1.0,0.894427190999916,5,0.6666666666666666
169,4292,"Happy , Content , Useful , Satisfaction , Mature",2024-08-12 12:39:26,7,True,3.0,3.0,-3.0,-2.0,9,1,0.9062,0.925,0.0,4.444444444444445,0,0,0,12,0,2024-08-09 12:02:09,3,0.3333333333333333,1.5,0.0,2.0,0.816496580927726,6,0.6666666666666666
169,4293,I am feeling a little bit nervous and worried about the future .   I want to say I am not looking forward to the elections in November .   I think people have become evil and toxic which is affecting their mental health .,2024-08-12 17:25:58,7,False,0.0,1.0,0.0,0.0,43,0,-0.7665,0.068,0.204,4.069767441860465,4,0,0,17,0,2024-08-09 12:02:09,3,0.7142857142857143,1.7142857142857142,3.0,3.0,1.2535663410560174,7,1.25
169,4294,"Cool , Humor , Satisfaction , Hungry , Foodie",2024-08-12 22:21:55,7,True,0.0,1.0,2.0,1.0,9,1,0.743,0.785,0.0,4.111111111111111,0,0,0,22,0,2024-08-09 12:02:09,3,0.625,1.625,0.0,1.0,1.1877349391654208,8,1.25
169,4295,I am doing better today . I want to work hard and be happy . I want to be able to take care of my family ' s needs and wants and be a good parent . I hope to help my son with college and take the stress away from his life .,2024-08-13 12:37:43,7,False,2.0,2.0,-2.0,-1.0,54,0,0.9403,0.36,0.072,3.1481481481481484,6,0,0,12,1,2024-08-09 12:02:09,4,0.5555555555555556,1.5555555555555556,0.0,1.0,1.1303883305208782,9,1.0
169,4296,"Cool , Relax , Fun , Hungry , Happy",2024-08-13 17:01:16,7,True,0.0,1.0,0.0,1.0,9,1,0.9042,0.924,0.0,3.0,0,0,0,17,1,2024-08-09 12:02:09,4,0.7,1.6,2.0,2.0,1.1595018087284057,10,0.6
169,4297,I am feeling a little bit nervous and worried about the future .   I want to say I am not looking forward to the elections in November .   I think people have become evil and toxic which is affecting their mental health .,2024-08-13 22:13:00,7,False,0.0,2.0,0.0,-1.0,43,0,-0.7665,0.068,0.204,4.069767441860465,4,0,0,22,1,2024-08-09 12:02:09,4,0.6363636363636364,1.5454545454545454,0.0,1.0,1.1200649331826502,11,0.43333333333333335
169,4298,I am feeling ok and worried about the future . I want to be a good citizen and have money to take care of my family . I hope for them to be happy and content . I want to spend money for education and other activities to better myself and my family .,2024-08-14 12:36:31,7,False,0.0,1.0,0.0,1.0,54,0,0.9493,0.371,0.037,3.6296296296296298,7,0,0,12,2,2024-08-09 12:02:09,5,0.5833333333333334,1.5833333333333333,0.0,2.0,1.0836246694508318,12,0.5
169,4299,I am content and working to make sure my family is supported and loved . I want to give them a home and others things to grow and be productive citizens . I am doing the best that I can . I am content and happy .,2024-08-14 17:18:58,7,False,0.0,2.0,3.0,1.0,47,0,0.9493,0.363,0.0,3.5319148936170213,6,0,0,17,2,2024-08-09 12:02:09,5,0.5384615384615384,1.5384615384615385,0.0,1.0,1.0500305245868344,13,0.380952380952381
169,4300,I am happy and relaxed . I want to go to bed and be happy . I am having a good day and looking forward to the weekend soon . It has been a hard working week and I am looking forward to it ending . I am so trying to save money .,2024-08-14 22:08:57,7,False,3.0,3.0,0.0,0.0,54,0,0.9506,0.334,0.026,3.2222222222222223,5,0,1,22,2,2024-08-09 12:02:09,5,0.5,1.5714285714285714,0.0,2.0,1.0190493307301363,14,-0.4285714285714286
169,4301,I am enjoying my day . Hoping to travel a little and go out with my family for the weekend . I like traveling and learning about the new cultures . It is fun and educational . I want to learn new things .,2024-08-15 12:34:03,7,False,3.0,3.0,-3.0,-2.0,44,0,0.9062,0.307,0.0,3.659090909090909,5,0,0,12,3,2024-08-09 12:02:09,6,0.6666666666666666,1.6666666666666667,3.0,3.0,1.1751393027860064,15,-0.0892857142857143
169,4302,"Worried , Content , Anxious , Nervous , Happy",2024-08-15 17:07:11,7,True,0.0,1.0,0.0,2.0,9,1,-0.1531,0.336,0.573,4.111111111111111,0,0,0,17,3,2024-08-09 12:02:09,6,0.8125,1.75,3.0,3.0,1.2763881332363862,16,0.375
169,4303,I am relaxed and trying to make it through the day . I have anxiety and nervousness which is leading to depression . I wan to be happy and trying really hard to keep myself together for my family . I hope to be caring and successful member of society .,2024-08-15 22:02:08,7,False,0.0,3.0,3.0,-1.0,51,0,0.8593,0.28,0.155,3.9607843137254903,6,0,1,22,3,2024-08-09 12:02:09,6,0.7647058823529411,1.7058823529411764,0.0,1.0,1.251469724199605,17,0.26388888888888884
169,4304,I am happy to be here and looking forward to the week . I will be going on a short trip with my family and looking to have a good time on it . Schools will be opening soon and the kids are happy to gi back . I hope they have a good school year .\ n,2024-08-16 12:01:38,7,False,3.0,2.0,-3.0,-1.0,58,0,0.9442,0.272,0.0,3.293103448275862,4,0,0,12,4,2024-08-09 12:02:09,6,0.7222222222222222,1.7777777777777777,0.0,3.0,1.2274102605536659,18,0.33333333333333326
169,4305,"I am happy to have had a wonderful ,   delicious lunch with my husband . It made him happy and content . I want to give to others and be a part fo their lives . It brings be joy and happiness . I hope others feel it as well .",2024-08-16 17:04:45,7,False,0.0,1.0,3.0,0.0,51,0,0.9808,0.479,0.0,3.392156862745098,4,0,0,17,4,2024-08-09 12:02:09,7,0.8421052631578947,1.7894736842105263,3.0,2.0,1.302269723501448,19,0.5444444444444445
169,4306,I had a beautiful day with family and I am very pleased with myself .   I hope everyone is happy and content and have their wishes come true . I hope to better myself and grow with my family . Cheers to a wonderful day and weekend .,2024-08-16 22:22:11,7,False,3.0,1.0,-3.0,0.0,48,0,0.9829,0.523,0.0,3.8125,7,0,1,22,4,2024-08-09 12:02:09,7,0.8,1.75,0.0,1.0,1.281446551034375,20,0.20000000000000007
169,4307,"Relax , Happy , Content , Worried , Anxious",2024-08-17 22:02:12,7,True,0.0,1.0,0.0,0.0,9,1,0.5267,0.559,0.356,3.888888888888889,0,0,0,22,5,2024-08-09 12:02:09,8,0.9047619047619048,1.7142857142857142,3.0,1.0,1.3380867649282653,21,0.3909090909090909
169,4308,I am worried about the future of my family . \nI want to work hard and be helpful to my family . I am enjoying my weekend and end of summer school . I had a delicious breakfast and content . I want to have cale today .,2024-08-18 12:51:28,7,False,0.0,1.0,0.0,0.0,48,0,0.836,0.265,0.076,3.5625,7,0,0,12,6,2024-08-09 12:02:09,9,0.8636363636363636,1.6818181818181819,0.0,1.0,1.3200091827045153,22,0.4545454545454545
169,4309,"Happy , Full , Content , Relaxed , Worried",2024-08-18 17:29:54,7,True,0.0,1.0,0.0,0.0,9,1,0.6908,0.622,0.198,3.7777777777777777,0,0,0,17,6,2024-08-09 12:02:09,9,0.8260869565217391,1.6521739130434783,0.0,1.0,1.3021720984236467,23,0.36363636363636365
169,4310,"Tired , Worried , Anxious , Sleepy , Work",2024-08-18 22:05:07,7,True,0.0,1.0,0.0,1.0,9,1,-0.7269,0.0,0.78,3.6666666666666665,0,0,0,22,6,2024-08-09 12:02:09,9,0.7916666666666666,1.625,0.0,1.0,1.2846642825425558,24,0.41666666666666663
169,4311,"Work , Worried , Anxiety , Money , Future",2024-08-19 12:10:00,7,True,0.0,2.0,0.0,-1.0,9,1,-0.4404,0.0,0.565,3.6666666666666665,0,0,0,12,0,2024-08-09 12:02:09,10,0.76,1.6,0.0,1.0,1.267543556122103,25,0.33974358974358976
169,4312,"Tired , Worried , Anxiety , Bills , Stress",2024-08-19 17:13:51,7,True,0.0,1.0,0.0,2.0,9,1,-0.8225,0.0,0.906,3.7777777777777777,0,0,0,17,0,2024-08-09 12:02:09,10,0.7307692307692307,1.6153846153846154,0.0,2.0,1.2508458676493215,26,0.3846153846153847
169,4313,I want to enjoy my life . It is a lot work to have a stable home .\ nI am worried about the future . I am always anxious and nervous .   I hope everyone is happy and healthy and have a great week ahead . I am hungry and looking forward to dinner .,2024-08-19 22:01:21,7,False,0.0,3.0,2.0,-2.0,55,0,0.93,0.338,0.106,3.4727272727272727,5,0,0,22,0,2024-08-09 12:02:09,10,0.7037037037037037,1.5925925925925926,0.0,1.0,1.2345916426966952,27,0.31868131868131866
169,4314,"Anxiety , Worried , Work , Stress , Future",2024-08-20 12:01:12,7,True,2.0,1.0,-2.0,1.0,9,1,-0.6908,0.0,0.77,3.7777777777777777,0,0,0,12,1,2024-08-09 12:02:09,10,0.6785714285714286,1.6428571428571428,0.0,3.0,1.2187902754164621,28,0.3571428571428571
169,4315,"Working , Stress , Worries , Anxiety , Future",2024-08-20 17:01:19,7,True,0.0,2.0,0.0,-1.0,9,1,-0.743,0.0,0.785,4.111111111111111,0,0,0,17,1,2024-08-09 12:02:09,11,0.7241379310344828,1.6206896551724137,2.0,1.0,1.2217245341886294,29,0.43333333333333335
169,4316,"Hungry , Stress , Worried , Anxiety , Overwhelmed",2024-08-20 22:40:39,7,True,0.0,1.0,3.0,1.0,9,1,-0.6705,0.135,0.753,4.555555555555555,0,0,0,22,1,2024-08-09 12:02:09,11,0.7,1.6333333333333333,0.0,2.0,1.2077336998093464,30,0.06666666666666665
169,4317,I am working extremely hard to get extra money . I want to take the family on a short trip . I hope to save and be able to pay all the bills this money . I want to give the best I can to the kids and save for the future . ORG is very hard to navigate . \n \ n \ n,2024-08-21 12:31:02,7,False,3.0,2.0,0.0,-1.0,65,0,0.9065,0.26,0.077,3.0615384615384613,5,0,2,12,2,2024-08-09 12:02:09,12,0.6774193548387096,1.6129032258064515,0.0,1.0,1.194071376263958,31,0.02083333333333337
169,4318,I am worried and anxious .   I am worried about bills and food and college . I want my family to be happy and content .   I don ' t want to worry them and enjoy life . I hope to be a good parent . I am looking forward to a mini trip .,2024-08-21 17:01:59,7,False,3.0,1.0,-1.0,0.0,55,0,0.7184,0.285,0.174,3.2,7,0,0,17,2,2024-08-09 12:02:09,12,0.75,1.625,3.0,2.0,1.2443420336765103,32,-0.125
169,4319,"Stress , Worried , Content , Anxiety , Happy",2024-08-21 22:01:25,7,True,2.0,1.0,0.0,1.0,9,1,-0.25,0.325,0.588,4.0,0,0,0,22,2,2024-08-09 12:02:09,12,0.8181818181818182,1.606060606060606,3.0,1.0,1.2858495599832396,33,0.011029411764705843
169,4320,I am worried and the stress is affecting my body . It hurts my muscles and my body is not listening to me . I want to make sure I don ' t want to become a burden on my family and children .\ nI work too hard and sometimes want a break .,2024-08-22 12:06:34,7,False,2.0,2.0,-2.0,-1.0,54,0,-0.802,0.116,0.231,3.388888888888889,8,0,0,12,3,2024-08-09 12:02:09,13,0.8529411764705882,1.588235294117647,2.0,1.0,1.2823357698894498,34,0.17647058823529416
169,4321,"Hungry , Worried , Stressed , Anxious , Life",2024-08-22 17:25:34,7,True,0.0,1.0,1.0,0.0,9,1,-0.6808,0.0,0.767,4.0,0,0,0,17,3,2024-08-09 12:02:09,13,0.8857142857142857,1.6,2.0,2.0,1.2781288844941072,35,0.23529411764705888
169,4322,"Worried , Anxiety , Stress , Hungry , Over work",2024-08-22 22:20:11,7,True,1.0,1.0,0.0,1.0,10,1,-0.6908,0.0,0.691,3.8,0,0,0,22,3,2024-08-09 12:02:09,13,0.8611111111111112,1.5833333333333333,0.0,1.0,1.268357267779926,36,0.2777777777777778
169,4323,I am excited about the weekend and spending time at home with my family .\ nWork has been a nightmare and I wish I could retire . I want to make and cook at home and enjoy the beauty of life . I will summer very much .,2024-08-23 12:54:26,7,False,1.0,2.0,1.0,0.0,48,0,0.9081,0.283,0.0,3.5625,6,0,1,12,4,2024-08-09 12:02:09,14,0.8648648648648649,1.5675675675675675,1.0,1.0,1.2508255532105845,37,0.2777777777777778
169,4324,"Hungry , Stress , A lot of work , Weekend , Content",2024-08-23 17:13:55,7,True,2.0,2.0,0.0,0.0,12,1,-0.4215,0.0,0.318,3.3333333333333335,0,0,0,17,4,2024-08-09 12:02:09,14,0.868421052631579,1.5789473684210527,1.0,2.0,1.234001459361767,38,0.052631578947368474
170,4325,I’m feeling stressed but at the same time excited . Stressed because I just finished taking an exam and have another tonight . Excited because it’s almost Thanksgiving Break ! I’m looking forward to Black Friday shopping .,2024-11-14 12:02:20,7,False,3.0,3.0,-2.0,-2.0,38,0,0.4482,0.191,0.118,4.868421052631579,1,1,0,12,3,2024-11-14 12:02:20,0,2.0,1.0,2.0,1.0,0.0,0,0.0
170,4326,"Tired , Numb , Stressed , Sleepy , Dread",2024-11-14 17:02:36,7,True,1.0,1.0,-1.0,2.0,9,1,-0.8658,0.0,0.915,3.5555555555555554,0,0,0,17,3,2024-11-14 12:02:20,0,3.0,3.0,3.0,3.0,0.0,1,0.0
170,4328,"I’m about to take my exam right now and I haven’t really studied much so I’m feeling especially jittery and nervous . I’m feeling a but of   apprehension as well . I don’t know how this exam and the one that I took this morning would affect my grade . And a little nauseous , I think I might’ve eaten a little too much as a result of stress eating .",2024-11-14 22:02:38,7,False,0.0,3.0,1.0,-2.0,71,0,-0.7272,0.082,0.145,3.9014084507042255,7,0,2,22,3,2024-11-14 12:02:20,0,2.0,2.0,1.0,1.0,1.4142135623730951,2,-2.0
170,4329,"Dizzy , Sluggish , Tired , Guilty , Nervous",2024-11-15 12:02:26,7,True,1.0,1.0,2.0,1.0,9,1,-0.886,0.0,1.0,3.888888888888889,0,0,0,12,4,2024-11-14 12:02:20,1,1.3333333333333333,2.3333333333333335,0.0,3.0,1.5275252316519468,3,-2.5
170,4330,"Excited , Drowsy , Indecisive , Unsure , Content",2024-11-15 17:11:50,7,True,3.0,2.0,0.0,-1.0,9,1,-0.1531,0.286,0.476,4.444444444444445,0,0,0,17,4,2024-11-14 12:02:20,1,1.25,2.0,1.0,1.0,1.2583057392117916,4,-1.5
170,4331,"I feeling content , a little stressed , and excited . I’ve just gotten home from a 3 hour trip and finally got food . Stressed because I have tons of work piled up from the week . I’m also feeling a little excited because after next week , it’ll be Thanksgiving .",2024-11-15 22:02:27,7,False,3.0,1.0,-1.0,1.0,53,0,0.1939,0.159,0.098,3.981132075471698,2,0,0,22,4,2024-11-14 12:02:20,1,1.6,2.0,3.0,2.0,1.3416407864998738,5,-0.6666666666666667
170,4332,Extremely stressed . I have a bunch of work piled up from the week and half of them are due tonight . I still need to go out to run some errands but I feel so sluggish and tired that I don’t want to move .,2024-11-16 12:02:08,7,False,2.0,2.0,1.0,0.0,46,0,-0.8854,0.031,0.234,3.4782608695652173,4,0,2,12,5,2024-11-14 12:02:20,1,1.8333333333333333,1.8333333333333333,3.0,1.0,1.3291601358251257,6,1.0000000000000002
170,4333,"Im currently feeling hopeful , content , and a little bit stressed . I’ve had a good talk with my mentor and made some plans to adjust my schedule so I’m feeling hopefully for the future . At the same time , I’m feeling a littler stressed because I haven’t finished all my assignments that’s due soon .",2024-11-16 17:02:06,7,False,3.0,2.0,-1.0,0.0,58,0,0.8136,0.236,0.073,4.224137931034483,4,0,1,17,5,2024-11-14 12:02:20,2,1.8571428571428572,1.8571428571428572,2.0,2.0,1.2149857925879117,7,0.9166666666666667
170,4334,"I don’t really have any intense feelings right now . Neutral . Numb . It’s the end of the day and I’m halfway there . A little bit stressed , a little bit excited . I’m also feeling a bit conflicted . I’m in a dilemma about what I should be doing .",2024-11-16 22:14:14,7,False,2.0,2.0,1.0,0.0,53,0,-0.2585,0.117,0.14,3.69811320754717,2,0,1,22,5,2024-11-14 12:02:20,2,2.0,1.875,3.0,2.0,1.1952286093343936,8,1.5
170,4335,"I’m feeling happy , excited , and hopeful . I finally finished the assignments that are due and have a few left . Of the few , I’ve already planned accordingly so I think I’ll be able to get things done . Excited because there’s a week left until Thanksgiving Break !",2024-11-17 12:04:56,7,False,3.0,2.0,-2.0,1.0,52,0,0.9117,0.274,0.0,4.153846153846154,2,1,1,12,6,2024-11-14 12:02:20,3,2.0,1.8888888888888888,2.0,2.0,1.118033988749895,9,1.35
170,4336,I’m at work right now and I’m definitely feeling an adrenaline from hustling around trying to get different tasks completed . I’m a little apprehensive as well . And mixed in the midst is tiredness . I’m a bit stress at well . I don’t even know why . It’s a mix of all types of feelings .,2024-11-17 17:26:51,7,False,1.0,3.0,1.0,-2.0,58,0,0.4718,0.147,0.052,3.9827586206896552,1,0,0,17,6,2024-11-14 12:02:20,3,2.1,1.9,3.0,2.0,1.1005049346146119,10,1.0
170,4337,"A few minutes ago , I accidentally clicked submit to a quiz without checking my answers . As expected , I got a question wrong . Every time I would tell myself to slow down , to think before I act , but every time I end up doing just the opposite . As a result , I feel very regretful . Thoughts if I should have’s constantly bombard my brain . However , there’s enough reset button .",2024-11-17 22:02:34,7,False,2.0,1.0,-1.0,0.0,79,0,-0.7929,0.0,0.132,3.8734177215189876,10,0,1,22,6,2024-11-14 12:02:20,3,2.0,2.0,1.0,3.0,1.0954451150103321,11,0.7333333333333334
170,4338,I feel a bit sleep . Not sure what the sufficient number of hours is for me . I’ve been averaging maybe 7-8 hours and yet still wake up feeling tired and sleepy the next day . I’m also feeling a bit sluggish . I was supposed to start doing work an hour ago but I ended up procrastinating and scrolling instead .,2024-11-18 12:02:36,7,False,1.0,1.0,0.0,2.0,63,0,-0.3881,0.065,0.094,3.9523809523809526,4,0,0,12,0,2024-11-14 12:02:20,4,2.0,1.9166666666666667,2.0,1.0,1.044465935734187,12,0.33333333333333326
170,4339,"Current feelings : guilt , uncertainty , and stress . I feel guilty because I spent the last 4 hours watching a show when I should ' ve started doing my work . Although they ' re not due tomorrow , I have more work planned for tomorrow . If I don ' t complete the planned assignments for today , all the tasks would end up snowballing and building up . I don ' t want that to happen .",2024-11-18 22:16:20,7,False,1.0,3.0,2.0,-1.0,81,0,-0.8316,0.021,0.159,3.753086419753086,7,0,0,22,0,2024-11-14 12:02:20,4,1.9230769230769231,1.8461538461538463,1.0,1.0,1.0377490433255416,13,0.16666666666666674
170,4340,"content , hopeful , happy , stressed , excited",2024-11-19 12:02:07,7,True,3.0,2.0,-3.0,0.0,9,1,0.7906,0.734,0.187,4.222222222222222,0,0,0,12,1,2024-11-14 12:02:20,4,1.8571428571428572,1.9285714285714286,1.0,3.0,1.027105182026191,14,0.0
170,4341,"Sad , Uncomfortable , Unsure , Lost , Confused",2024-11-19 17:23:19,7,True,0.0,2.0,0.0,0.0,9,1,-0.8834,0.0,1.0,4.222222222222222,0,0,0,17,1,2024-11-14 12:02:20,5,1.9333333333333333,1.9333333333333333,3.0,2.0,1.0327955589886444,15,0.1428571428571428
170,4342,"Absolutely frustrated , angsty , confused , lost , regretful , unsure ... I made a terrible decision a few hours ago and now I ' m trying to figure out a wait to straighten myself , get a grip on myself , and get back on track so I can move in the right direction . Sometimes it really takes a moment of careless impulsivity to make you question the decisions you make in life .",2024-11-19 22:06:55,7,False,0.0,2.0,0.0,0.0,77,0,-0.9521,0.0,0.272,3.9220779220779223,5,0,3,22,1,2024-11-14 12:02:20,5,1.8125,1.9375,0.0,2.0,1.1086778913041726,16,-0.375
171,4359,"nervous , anxious , worried , overwhelmed , busy",2024-10-10 12:01:36,7,True,1.0,3.0,0.0,-2.0,9,1,-0.6249,0.141,0.741,4.444444444444445,0,0,0,12,3,2024-10-10 12:01:36,0,2.0,1.0,2.0,1.0,0.0,0,0.0
171,4360,I am feeling a bit tired and out of energy for the day . I am much less worried than this morning but now feel a little drained . I am ready to be done with my work day and relax with my partner and my dog on the couch .,2024-10-10 17:49:32,7,False,1.0,1.0,2.0,0.0,51,0,0.509,0.184,0.12,3.3333333333333335,6,0,0,17,3,2024-10-10 12:01:36,0,1.0,3.0,1.0,3.0,0.0,1,0.0
171,4361,"calm , content , relaxed , tired , still",2024-10-10 22:01:31,7,True,3.0,1.0,-1.0,0.0,9,1,0.3818,0.529,0.279,3.5555555555555554,0,0,0,22,3,2024-10-10 12:01:36,0,1.0,2.0,1.0,1.0,0.0,2,0.0
171,4362,"tired , sleepy , low energy , calm , content",2024-10-11 12:00:58,7,True,2.0,1.0,0.0,2.0,10,1,-0.1531,0.386,0.439,3.5,0,0,0,12,4,2024-10-10 12:01:36,0,1.6666666666666667,1.6666666666666667,3.0,1.0,1.1547005383792517,3,1.0
171,4363,I am feeling anxious to be done with my work day and relax . I know I have to study a lot this weekend so really looking forward to the break . I ' m really motivated to finish my work at the moment though and feeling good overall .,2024-10-11 17:01:21,7,False,2.0,3.0,1.0,-1.0,50,0,0.8439,0.251,0.042,3.66,6,0,3,17,4,2024-10-10 12:01:36,1,1.75,1.5,2.0,1.0,0.9574271077563381,4,1.5
171,4364,"happy , content , comfy , cozy , calm",2024-10-11 22:01:29,7,True,3.0,2.0,-1.0,-1.0,9,1,0.7184,0.667,0.0,3.2222222222222223,0,0,0,22,4,2024-10-10 12:01:36,1,1.8,1.8,2.0,3.0,0.8366600265340756,5,1.3333333333333335
171,4365,"I am feeling like I had a productive morning but my energy is waning . I have to study all day today and that is leaving me feeling a little drained . I am ready to sit on the couch and relax , or at least just get off my feet for a bit .",2024-10-12 12:02:19,7,False,2.0,1.0,1.0,2.0,55,0,0.8517,0.262,0.052,3.3454545454545452,7,0,0,12,5,2024-10-10 12:01:36,2,2.0,1.8333333333333333,3.0,2.0,0.8944271909999159,6,0.6666666666666667
171,4366,I am generally feeling good . I am a bit sleepy but i ' ve been fairly motivated to study today . I am enjoying studying while watching football with my partner at home . I think I have several more hours in me .,2024-10-12 17:01:13,7,False,3.0,3.0,-1.0,-2.0,45,0,0.8957,0.289,0.0,3.7333333333333334,8,0,0,17,5,2024-10-10 12:01:36,2,2.0,1.7142857142857142,2.0,1.0,0.816496580927726,7,0.5833333333333333
171,4367,"calm , content , tired , drained , happy",2024-10-12 22:12:17,7,True,2.0,1.0,1.0,0.0,9,1,0.1531,0.484,0.435,3.5555555555555554,0,0,0,22,5,2024-10-10 12:01:36,2,2.125,1.875,3.0,3.0,0.8345229603962802,8,0.75
171,4368,I am generally feeling good this morning . I indulged in some drinks last night but didn ' t go too far . I have a lot more studying to do today and am feeling less motivated than yesterday but know I can push through .,2024-10-13 12:15:54,7,False,3.0,1.0,-2.0,0.0,46,0,0.7587,0.21,0.0,3.782608695652174,4,0,0,12,6,2024-10-10 12:01:36,3,2.111111111111111,1.7777777777777777,2.0,1.0,0.7817359599705717,9,0.6499999999999999
171,4369,"tired , sleepy , sluggish , unmotivated , lazy",2024-10-13 17:01:13,7,True,1.0,1.0,0.0,2.0,9,1,-0.8591,0.0,0.913,4.222222222222222,0,0,0,17,6,2024-10-10 12:01:36,3,2.2,1.7,3.0,1.0,0.7888106377466155,10,0.8
171,4370,"nervous , anxious , anticipatory , motivated , ready",2024-10-13 22:01:18,7,True,1.0,3.0,0.0,-2.0,9,1,0.34,0.519,0.387,4.888888888888889,0,0,0,22,6,2024-10-10 12:01:36,3,2.090909090909091,1.6363636363636365,1.0,1.0,0.8312094145936334,11,0.5333333333333334
171,4371,I am relieved that my big exam is over . I ' m happy with the result but also just drained and tired and ready for a nap . I wish I didn ' t have to leave the house again later today . I ' m looking forward to sitting on the couch to veg out for a bit .,2024-10-14 12:16:03,7,False,1.0,1.0,1.0,2.0,61,0,0.3716,0.194,0.149,3.1639344262295084,6,0,0,12,0,2024-10-10 12:01:36,4,2.0,1.75,1.0,3.0,0.8528028654224418,12,0.0
171,4372,"After relaxing most of the day , I hit a burst of motivation and productivity and got some good cleaning and organizing done around the house . I feel tired and drained but have enough energy to push through this event tonight and then get home and collapse .",2024-10-14 17:01:06,7,False,2.0,3.0,1.0,0.0,49,0,-0.1531,0.16,0.153,4.3061224489795915,2,0,0,17,0,2024-10-10 12:01:36,4,1.9230769230769231,1.6923076923076923,1.0,1.0,0.8623164985025763,13,-0.1428571428571428
171,4373,"Being out tonight for an event really did energize me . I also got extra physical effort in because I had to tote cases of alcohol back and forth to the event venue . I felt the event went well and I ' m pleased with that , and I also feel more energized than I did earlier today .",2024-10-14 22:52:54,7,False,3.0,3.0,-1.0,0.0,60,0,0.8995,0.214,0.0,3.7,7,0,1,22,0,2024-10-10 12:01:36,4,1.9285714285714286,1.7857142857142858,2.0,3.0,0.8287419301647447,14,-0.1428571428571428
171,4374,"I am feeling a little sluggish , but somehow still motivated for my work day . I ' ve had a productive morning so far . I also feel motivated to try to get back on track and stay on track with healthy eating and movement this week .",2024-10-15 12:01:30,7,False,2.0,3.0,-1.0,0.0,49,0,0.9021,0.264,0.035,3.7551020408163267,4,0,1,12,1,2024-10-10 12:01:36,4,2.0,1.8666666666666667,3.0,3.0,0.8451542547285166,15,0.0
171,4375,"anxious , restless , stressed , motivated , antsy",2024-10-15 17:21:01,7,True,1.0,3.0,2.0,-1.0,9,1,-0.3612,0.286,0.619,4.555555555555555,0,0,0,17,1,2024-10-10 12:01:36,5,2.0,1.9375,2.0,3.0,0.816496580927726,16,-0.25
171,4376,"content , proud , accomplished , relaxed , comfortable",2024-10-15 22:01:33,7,True,3.0,2.0,-2.0,1.0,9,1,0.91,0.926,0.0,5.111111111111111,0,0,0,22,1,2024-10-10 12:01:36,5,1.9411764705882353,2.0,1.0,3.0,0.8269362305593853,17,-0.3472222222222223
171,4377,"edgy , antsy , anxious , jittery , lively",2024-10-16 12:01:51,7,True,1.0,3.0,0.0,0.0,9,1,0.2263,0.367,0.253,3.6666666666666665,0,0,0,12,2,2024-10-10 12:01:36,6,2.0,2.0,3.0,2.0,0.8401680504168059,18,-0.22222222222222232
171,4378,"I am feeling tired , drained , and like I ' m losing steam and motivation for the rest of my work day . I ' ve been in back to back meetings and this last one with my client has been a bit tense . I am feeling like I ' m ready to be done for the day .",2024-10-16 17:21:07,7,False,1.0,3.0,3.0,-2.0,61,0,0.128,0.221,0.178,3.1311475409836067,7,0,0,17,2,2024-10-10 12:01:36,6,1.9473684210526316,2.0526315789473686,1.0,3.0,0.8481145238787242,19,-0.3111111111111111
171,4379,"calm , cozy , comfortable , happy , grateful",2024-10-16 22:01:31,7,True,4.0,1.0,0.0,0.0,9,1,0.9062,0.925,0.0,4.0,0,0,0,22,2,2024-10-10 12:01:36,6,1.9,2.1,1.0,3.0,0.8522416262267904,20,-0.6000000000000001
172,4401,"Calm , Tired , Sleepy , Hungry , Stressed",2024-10-23 12:09:05,7,True,3.0,3.0,-3.0,-2.0,9,1,-0.4588,0.24,0.552,3.6666666666666665,0,0,0,12,2,2024-10-23 12:09:05,0,2.0,1.0,2.0,1.0,0.0,0,0.0
172,4402,"Lonely , Overwhelmed , Indifferent , Curious , Emotional",2024-10-23 17:07:13,7,True,0.0,1.0,4.0,0.0,9,1,-0.0516,0.543,0.457,5.333333333333333,0,0,0,17,2,2024-10-23 12:09:05,0,3.0,3.0,3.0,3.0,0.0,1,0.0
172,4403,"Calm , Energized , Hopeful , Motivated , Content",2024-10-24 12:18:07,7,True,4.0,1.0,-4.0,0.0,9,1,0.8979,0.922,0.0,4.444444444444445,0,0,0,12,3,2024-10-23 12:09:05,1,1.5,2.0,0.0,1.0,2.1213203435596424,2,-3.0
172,4404,"If I were to describe how I’m currently feeling , I’d say I’m navigating a mix of emotions . I ' m currently feeling somewhat stressed from work and emotionally drained . It has been a hectic period , and I’ve been juggling several tasks that seem to require more energy than I have right now . The constant deadlines and the pressure to perform have started to take a toll on me , both mentally and physically . I find myself struggling to keep up with the demands , which has left me feeling exhausted at the end of each day . On top of that , it has been harder to find time to unwind or relax properly , and it feels like my energy is being drained without much opportunity for recovery .\ n \ nEmotionally , it has also been a bit overwhelming . I’ve had a lot on my mind lately , and I’m starting to feel like I’m reaching my limit . It’s tough to find the right balance between managing my responsibilities and taking care of my emotional well-being . There are moments when I feel stretched thin , almost like I’m on autopilot just trying to",2024-10-24 17:07:54,7,False,0.0,1.0,2.0,0.0,204,0,0.7682,0.141,0.093,4.147058823529412,13,0,0,17,3,2024-10-23 12:09:05,1,2.3333333333333335,1.6666666666666667,4.0,1.0,2.081665999466133,3,-1.0
172,4405,"At the moment , I’m feeling drained , both physically and mentally . There’s this overwhelming sense of fatigue that’s settled in , making it hard to stay alert or focus on anything . My body feels heavy , like I’ve been carrying around the weight of the day for far too long . Sleep is all I can think about , but even beyond that , I feel a need for real rest , a break from everything that’s been piling up . \n \ nEmotionally , I’m quiet , almost withdrawn . I’m not really up for conversation or interaction right now , not because I don’t care , but because I don’t have the energy to engage the way I usually would . It feels like my mind has hit a pause button , and all I want is some peace—both around me and within me . My thoughts feel distant , almost muffled by the exhaustion , and I know that only sleep or some true relaxation can clear that fog . \n \ nIn this state , it’s hard to feel motivated to do anything productive , so I’m trying to give myself grace and just let my body and mind rest . Hopefully , with some good sleep and quiet",2024-10-24 22:54:14,7,False,2.0,1.0,2.0,2.0,216,0,0.9836,0.197,0.06,3.8981481481481484,14,0,2,22,3,2024-10-23 12:09:05,1,1.75,1.5,0.0,1.0,2.0615528128088303,4,0.5
172,4406,"I’m feeling incredibly joyful and grateful today , as I received wonderful news last night that my sister gave birth to twins ! This call brought such a sense of excitement and warmth , and I can barely put into words how overjoyed I am for her . Hearing that both the babies and my sister are healthy and doing well has been a huge relief , and it fills me with immense gratitude . The thought of welcoming not just one but two new family members feels like a double blessing and has created such a sense of anticipation in me to meet them . I can already imagine all the moments of laughter , love , and growth that these little ones will bring into our family . The whole experience feels surreal and almost magical , knowing that my family is expanding in such a beautiful way . The excitement from this news has completely lifted my spirits , and I am eager to share in the joy with everyone . Today , I can’t help but feel full of positivity and appreciation , grateful for this wonderful addition to our lives . The thought of holding",2024-10-25 12:12:23,7,False,4.0,3.0,0.0,0.0,200,0,0.9982,0.399,0.0,4.21,12,1,0,12,4,2024-10-23 12:09:05,2,1.8,1.4,2.0,1.0,1.7888543819998317,5,0.5
172,4407,"Excited , Overwhelmed , Emotional , Surprised , Blessed",2024-10-25 17:12:37,7,True,4.0,3.0,0.0,0.0,9,1,0.8402,1.0,0.0,5.222222222222222,0,0,0,17,4,2024-10-23 12:09:05,2,2.1666666666666665,1.6666666666666667,4.0,3.0,1.834847859269718,6,-0.3333333333333335
172,4408,"I ' m feeling a mix of happiness and stress right now . The happiness stems from recent joyful events , like welcoming new family member . It’s uplifting to have these positive experiences that bring warmth and smiles , especially when life can get busy . However , I also feel the weight of work stress . Meeting deadlines , handling multiple tasks , and staying productive can be quite intense , and at times , it feels overwhelming . There’s a constant need to balance my workload with personal time , which can be challenging .\ n \ nDespite the stress , I try to stay positive by focusing on small wins and taking breaks when possible . I remind myself that the hard work is for a purpose , which motivates me to keep going . It’s a balancing act that isn’t always easy , but knowing I have supportive people around me helps a lot . Even when things are busy , I’m grateful for the happiness I find in my personal life , as it brings a much-needed sense of peace amid work demands . Overall , I’m doing my best to stay grounded and focused on what ma",2024-10-25 22:07:44,7,False,4.0,3.0,-4.0,-2.0,204,0,0.9931,0.278,0.034,4.176470588235294,12,0,0,22,4,2024-10-23 12:09:05,2,2.4285714285714284,1.8571428571428572,4.0,3.0,1.8126539343499315,7,0.16666666666666652
172,4409,"I’m currently feeling a bit overwhelmed and stressed , primarily because we recently had a late-night celebration for my sister’s birth of twins . The news was incredibly joyful , and we all wanted to make the occasion special , so we celebrated late into the night . The energy and excitement were great , as the birth of twins is a rare and wonderful event . However , the lack of sleep and the emotional highs of the celebration have taken a toll on me . While I am genuinely happy for my sister , I’m now left feeling both physically and emotionally drained . The exhaustion is catching up , as I didn’t get enough rest after the festivities . Additionally , the responsibility of planning and being part of the celebration added a bit of pressure , making it harder to relax afterward . It’s a strange combination of emotions—I ' m grateful and excited about the new additions to our family , yet I’m struggling with the stress of having had a late night and the need to get back to my routine . This mixture of joy and fatigue has left me",2024-10-26 12:31:26,7,False,0.0,1.0,0.0,0.0,197,0,0.9806,0.23,0.1,4.304568527918781,7,0,1,12,5,2024-10-23 12:09:05,3,2.625,2.0,4.0,3.0,1.7677669529663689,8,1.75
172,4410,"I ' m feeling quite exhausted lately . After the celebration of my sister ' s twins ' birth , I haven ' t had the chance to properly rest . It was such a joyful occasion , but work demands didn ' t slow down , and it ' s been tough juggling both responsibilities . The workload has been particularly stressful , and I’ve barely had any time to catch my breath . Despite wanting to get home and unwind , work keeps pulling me in , making it difficult to take a proper break . I’m definitely in need of some good rest , but at the moment , I just don’t see when that will be possible . My body and mind feel drained , and it’s becoming a challenge to maintain the same level of energy . All I really want is a day or two to recharge , but the workload isn ' t showing any signs of slowing down . It’s been a struggle to keep up with everything , and the lack of rest is starting to take a toll .",2024-10-26 22:45:12,7,False,0.0,1.0,3.0,1.0,189,0,-0.6538,0.109,0.123,3.7301587301587302,8,0,1,22,5,2024-10-23 12:09:05,3,2.3333333333333335,1.8888888888888888,0.0,1.0,1.8708286933869709,9,1.0499999999999998
172,4411,"I woke up feeling calm and content this morning , grateful for a restful night after the excitement of celebrating my sister ' s twins . The past few days have been a whirlwind of emotions and activities—joy , laughter , and the inevitable exhaustion that comes from organizing and participating in such a joyous occasion . It was truly special to see everyone come together to celebrate this wonderful moment , but now , I appreciate the peace that follows .\ n \ nLast night , I finally allowed myself to rest , letting go of the stress and busyness that had built up . I felt the weight lift as I drifted into a deep sleep , waking up refreshed and ready to face the day with a clear and peaceful mind . The joy from the celebration still lingers , but it ' s no longer overwhelming ; instead , it’s a warm , comforting memory I can carry with me .\ n \ nThis morning , there ' s a sense of quiet satisfaction and happiness . The house feels calm , and I’m enjoying the stillness after all the noise and excitement . I feel grounded , knowing that the stress o",2024-10-27 12:26:03,7,False,3.0,2.0,-3.0,-1.0,207,0,0.9959,0.344,0.054,4.140096618357488,10,0,0,12,6,2024-10-23 12:09:05,4,2.1,1.8,0.0,1.0,1.911950719959998,10,0.5999999999999999
172,4412,"Today has been incredibly stressful and exhausting , making me drained . It felt like the tasks and responsibilities just kept coming , with no end in sight . Every time I completed one thing , another challenge seemed to appear , making it hard to catch a break . The constant demands have taken a toll , and I’m finding it difficult to unwind and relax after such a tiring day .\ n \ nFrom early in the morning until late in the afternoon , it was nonstop activity—meetings , errands , and obligations all competing for my attention . I barely had a moment to breathe , and by the time I could sit down , it felt like the day had completely slipped away . Even now , I still feel the weight of the day pressing down on my shoulders , and it’s hard to shake the lingering stress .\ n \ nAll I want is to be able to put this exhausting day behind me , to find some calm and clarity amid the chaos . I know it’s important to rest , but it’s challenging to turn off my thoughts when they’re racing with everything that happened . I’m hoping for a Today has be",2024-10-27 22:02:13,7,False,0.0,1.0,4.0,0.0,211,0,0.0232,0.095,0.1,4.014218009478673,11,0,0,22,6,2024-10-23 12:09:05,4,2.1818181818181817,1.8181818181818181,3.0,2.0,1.8340219092574561,11,0.7
172,4413,"Calm , Recharged , Gentle , Relieved , Content",2024-10-28 12:22:59,7,True,4.0,1.0,-1.0,2.0,9,1,0.7783,0.796,0.0,4.222222222222222,0,0,0,12,0,2024-10-23 12:09:05,5,2.0,1.75,0.0,1.0,1.8586407545691703,12,-0.33333333333333326
172,4414,"I’m experiencing a mix of calmness and stress that has created a unique emotional state . Although there is a part of me that feels steady and collected , I can’t deny that the stress from work and daily responsibilities has been building up . It’s not overwhelming , but it’s present , like an undercurrent that I’m learning to navigate . Each day brings new tasks , and though the pressure can feel intense at times , I’m committed to taking things step-by-step . \n \ nManaging this stress requires finding a balance , which has pushed me to focus on staying grounded and keeping a level-headed approach , no matter how hectic things get . It’s as if I’m walking a tightrope between peace and tension , constantly adjusting to maintain my equilibrium . I’ve found that even in the midst of these heightened emotions , a calm mindset helps me tackle what’s in front of me without becoming overwhelmed . \n \ nThere are moments when I feel the weight of it all , but I’m choosing to focus on progress rather than perfection . Despite the stress , I f",2024-10-28 17:27:35,7,False,3.0,3.0,-3.0,-2.0,194,0,0.8841,0.168,0.115,4.422680412371134,8,0,0,17,0,2024-10-23 12:09:05,5,2.1538461538461537,1.6923076923076923,4.0,1.0,1.863963243832607,13,-0.023809523809523725
172,4415,"I’m feeling utterly exhausted and sluggish after a long , demanding day filled with constant activity and stress . The weight of the day’s work has left me drained , and my energy feels completely spent , making it hard to stay focused or productive right now . Every task seemed to demand a bit more than usual , and by the end of it all , I’m simply running on empty . It’s like my body and mind are signaling that it’s time to pause , unwind , and recharge .\ n \ nThe tiredness isn’t just physical ; it’s mental too , as the stress from earlier feels like it’s lingering even now . Despite wanting to keep pushing forward , I recognize that I need to take a step back and allow myself some time to rest . My thoughts are a bit foggy , and even small tasks seem harder to tackle when feeling this worn out . Right now , I’m just looking forward to a moment to relax , clear my mind , and regain some of the energy I lost throughout this long , taxing day . It’s a reminder that sometimes , the best way to keep going is to simply pause and recuperate",2024-10-28 22:22:41,7,False,0.0,1.0,4.0,0.0,212,0,0.2831,0.127,0.122,3.9716981132075473,9,0,0,22,0,2024-10-23 12:09:05,5,2.2142857142857144,1.7857142857142858,3.0,3.0,1.8050600428356278,14,-0.4285714285714284
172,4416,"Calm , Gentle , Happy , Peace , Comfort",2024-10-29 12:24:21,7,True,4.0,1.0,-4.0,1.0,9,1,0.9313,1.0,0.0,3.4444444444444446,0,0,0,12,1,2024-10-23 12:09:05,6,2.066666666666667,1.7333333333333334,0.0,1.0,1.8309508328682538,15,-0.6785714285714284
172,4417,"Sad , Drained , Tense , Preoccupied , Distracted",2024-10-29 17:23:24,7,True,0.0,2.0,4.0,1.0,9,1,-0.8555,0.0,0.912,4.444444444444445,0,0,0,17,1,2024-10-23 12:09:05,6,2.1875,1.6875,4.0,1.0,1.8337120820892248,16,-0.875
172,4418,"After a soothing and peaceful night’s rest , I’m feeling remarkably calm and centered this morning . The stress from previous days seems to have faded away , leaving me with a newfound sense of tranquility . Waking up after such a restful sleep feels like a gift , allowing me to fully reset both my mind and body . It’s incredible how the simple act of sleeping well has completely shifted my mood and perspective . I feel clear-headed and refreshed , ready to approach the day with a gentle energy and a lighter heart .\ n \ nAs I woke up , I took a few moments just to appreciate the quiet around me , letting myself ease into the morning . My thoughts weren’t racing , and for the first time in a while , I felt entirely present . It was comforting to feel so at peace , as if all of yesterday’s worries had been lifted , leaving me grounded and ready for whatever comes next .\ n \ nThis calmness feels like a reminder of the importance of rest , a chance to refocus on what matters most . I’m grateful for this morning’s clarity , carrying this feel",2024-10-30 12:40:25,7,False,4.0,3.0,-2.0,0.0,205,0,0.9933,0.292,0.027,4.151219512195122,12,0,1,12,2,2024-10-23 12:09:05,7,2.0588235294117645,1.7058823529411764,0.0,2.0,1.8530578861470477,17,-1.0694444444444444
172,4419,"Active , Determined , Productive , Resilient , Work",2024-10-30 17:10:57,7,True,2.0,3.0,0.0,-2.0,9,1,0.6249,0.63,0.0,4.777777777777778,0,0,0,17,2,2024-10-23 12:09:05,7,2.1666666666666665,1.7777777777777777,4.0,3.0,1.855040827202527,18,-0.3333333333333335
172,4420,"Tonight , I’m feeling quite stressed after a misunderstanding with a coworker that left me feeling unsettled and tense . The conversation didn’t go as planned , and despite my efforts to clarify things , it seemed like we were just talking past each other . I’ve been replaying the situation in my head , wondering if there was something I could have said differently to avoid the friction . It’s frustrating because we’re usually on good terms , and this unexpected tension has weighed on me heavily .\ n \ nThis lingering stress makes it difficult to wind down , as my mind keeps going back to the exchange . I find myself caught up in thoughts of what went wrong and how it might impact our work dynamic moving forward . It’s challenging to let go of these worries and just relax , especially since I care about keeping a positive and collaborative atmosphere with my team .\ n \ nI know I need to find a way to decompress and not let this ruin my night , but right now , I can’t help but feel anxious about the unresolved tension . Hopefully , with",2024-10-30 22:06:54,7,False,2.0,1.0,-2.0,0.0,198,0,-0.517,0.117,0.145,4.318181818181818,13,0,0,22,2,2024-10-23 12:09:05,7,2.1578947368421053,1.8421052631578947,2.0,3.0,1.803181074740996,19,-0.3333333333333335
172,4421,"Sick , Tired , Weak , Exhausted , Drained",2024-10-31 12:16:46,7,True,0.0,1.0,0.0,0.0,9,1,-0.9201,0.0,1.0,3.6666666666666665,0,0,0,12,3,2024-10-23 12:09:05,8,2.15,1.8,2.0,1.0,1.755442664221313,20,0.10000000000000009
172,4422,"Sick , Foggy , Weak , Exhausted , Drain",2024-10-31 17:35:37,7,True,0.0,1.0,0.0,0.0,9,1,-0.8271,0.0,0.813,3.4444444444444446,0,0,0,17,3,2024-10-23 12:09:05,8,2.0476190476190474,1.7619047619047619,0.0,1.0,1.774153050787628,21,-0.10000000000000009
172,4423,"Sick , Tired , Drained , Exhausted , Overwhelmed",2024-10-31 22:02:20,7,True,0.0,1.0,1.0,0.0,9,1,-0.875,0.097,0.903,4.444444444444445,0,0,0,22,3,2024-10-23 12:09:05,8,1.9545454545454546,1.7272727272727273,0.0,1.0,1.785584410861522,22,-0.45454545454545436
172,4424,"Today , malaria has taken a toll on me , especially in managing everything I needed to accomplish at work . The symptoms have drained my energy significantly , making it hard to stay on top of things . My head feels heavy and foggy , and the constant headache has been making it difficult to focus on even the simplest tasks . Every time I try to concentrate , it feels like the fever sets in even stronger , with waves of chills and sweats leaving me feeling out of sorts . Walking around the office , just moving from one task to the next , feels like I’m dragging myself through mud ; my muscles are sore , and I can’t shake the deep fatigue that has settled in .\ n \ nUsually , I can push through a day , even when it’s rough , but this feels different—like my body’s asking for more rest than I can give it right now . Every task feels like it’s taking double the effort , and keeping up with conversations and projects is challenging because I’m just not feeling present . I’m hoping for relief soon , as today has been a real struggle to get t",2024-11-01 12:46:36,7,False,1.0,1.0,-1.0,0.0,208,0,0.9169,0.134,0.063,4.0576923076923075,12,0,0,12,4,2024-10-23 12:09:05,9,1.8695652173913044,1.6956521739130435,0.0,1.0,1.7915038838941724,23,-0.5984848484848484
172,4425,"Tonight has been challenging as the effects of malaria have hit me harder than expected , especially in the middle of my work duties . The fever , chills , and body aches have worn me down , making each task feel like a struggle . Simple activities that I could usually breeze through now feel draining , as though every ounce of energy I have is slipping away . I want to focus and stay on top of everything , but the fatigue is persistent , clouding my mind and slowing me down .\ n \ nEach time I try to push myself to get through a task , I feel my strength fading , and it’s frustrating . Normally , I take pride in my work , but right now , it’s hard to keep up with my responsibilities . The aches make it difficult to sit or even stay on my feet for extended periods , which only adds to the frustration . I can’t help but feel discouraged , knowing that this illness is keeping me from performing at my best . All I want is to feel healthy and strong again . For now , I’m doing what I can to make it through the night , hoping that some rest wi",2024-11-01 22:09:12,7,False,0.0,1.0,1.0,0.0,217,0,0.7726,0.166,0.136,3.8617511520737327,21,0,0,22,4,2024-10-23 12:09:05,9,1.8333333333333333,1.6666666666666667,1.0,1.0,1.761093204621016,24,-0.33333333333333326
172,4426,"Sluggish , Dazed , Weak , Brighteyed , Lethargic",2024-11-02 12:39:13,7,True,1.0,1.0,0.0,2.0,9,1,-0.8176,0.0,0.905,4.444444444444445,0,0,0,12,5,2024-10-23 12:09:05,10,1.76,1.64,0.0,1.0,1.7625738755203049,25,-0.46153846153846145
172,4427,"Recovering from malaria has been a challenging journey . Physically , I’m still regaining my strength and energy ; simple tasks feel exhausting , and I often find myself needing to rest more than I’d like . There’s a lingering fatigue that makes it hard to concentrate , and my body feels like it’s still in the process of healing , each day bringing small improvements but also moments of frustration .\ n \ nEmotionally , I’m experiencing a mix of relief and vulnerability . I’m grateful to have overcome such a serious illness , but there’s a nagging worry about my health that lingers in the back of my mind . I’ve had to adjust my expectations , reminding myself that recovery takes time and patience . It’s a reminder of how fragile our well-being can be , which has made me more appreciative of the moments I feel better .\ n \ nDespite these challenges , there’s also a newfound resilience in me . I’m learning to listen to my body and give myself the care I need . There’s a growing sense of hope as I notice improvements in my strength and ene",2024-11-02 17:14:37,7,False,1.0,3.0,1.0,-1.0,196,0,0.9728,0.224,0.112,4.377551020408164,16,0,0,17,5,2024-10-23 12:09:05,10,1.7307692307692308,1.6153846153846154,1.0,1.0,1.7333826422966698,26,-0.846153846153846
172,4429,"This morning , I woke up feeling much better and relieved after days of dealing with the draining effects of malaria . The illness had really taken a toll on me , impacting both my work and my overall well-being . The fever , body aches , and fatigue left me feeling exhausted and unable to keep up with my usual routine . Simple tasks became challenging , and my productivity took a hit as I focused on resting and recovering .\ n \ nHowever , today feels different . I woke up with more energy , and there’s a sense of clarity and lightness I haven’t felt in a while . It ' s such a relief to be able to get up and move around without feeling weighed down by fatigue . This improvement has lifted my spirits and renewed my motivation . I’m now eager to gradually return to my regular activities and catch up on things I had to set aside . Although I’ll still be careful not to overdo it , I’m grateful to be on the mend . Today , I can see myself regaining the strength and energy that malaria temporarily stole from me , and it feels empowering to",2024-11-03 12:29:11,7,False,2.0,2.0,0.0,1.0,207,0,0.9758,0.2,0.055,4.0772946859903385,17,0,1,12,6,2024-10-23 12:09:05,11,1.7037037037037037,1.6666666666666667,1.0,3.0,1.7055298029738175,27,-0.8681318681318679
172,4430,"Recovering , Relieved , Hopeful , Thankful , Calm",2024-11-03 17:05:50,7,True,2.0,3.0,1.0,0.0,9,1,0.8979,0.922,0.0,4.555555555555555,0,0,0,17,6,2024-10-23 12:09:05,11,1.7142857142857142,1.6785714285714286,2.0,2.0,1.6745843676067216,28,-1.0000000000000002
172,4431,"Grateful , Thoughtful , Relieved , Strenghthened , Tired",2024-11-03 22:56:41,7,True,3.0,3.0,0.0,-1.0,9,1,0.6486,0.678,0.24,5.333333333333333,0,0,0,22,6,2024-10-23 12:09:05,11,1.7241379310344827,1.7241379310344827,2.0,3.0,1.645264888011696,29,-0.9476190476190478
172,4432,"This morning , I started the day feeling lively and refreshed , finally free from the lingering effects of malaria . After days of working through the fatigue , it’s a huge relief to wake up feeling more like myself again . The renewed energy has set a positive tone for the day , and I’m thankful for the strength to approach everything with a clear mind and uplifted spirits .\ n \ nWith this fresh mindset , I’m eager to dive into my tasks and make the most of the day . Despite pushing through while feeling unwell , I’m now ready to fully engage and be even more productive . It’s empowering to tackle each responsibility with enthusiasm , and I’m determined to keep the momentum going .",2024-11-04 12:31:23,7,False,3.0,2.0,1.0,1.0,130,0,0.9916,0.346,0.014,4.3307692307692305,3,0,0,12,0,2024-10-23 12:09:05,12,1.7666666666666666,1.7666666666666666,3.0,3.0,1.6333450621206844,30,-0.6000000000000003
172,4433,"This afternoon , I’m feeling a steady sense of motivation as I continue with my work , grateful for the energy and focus that’s carried me through the day . There’s a calm satisfaction in knowing I’m making good progress , allowing me to fully engage with each task . I feel more grounded , approaching my responsibilities with clarity and a sense of purpose .\ n \ nThe usual demands of the day feel manageable , and I’m enjoying the rhythm that comes with being productive and staying on track . The boost in my mood has kept me focused , and I’m closing out the day feeling accomplished . It’s rewarding to see the positive impact of consistency and determination , leaving me ready to carry this energy forward into the rest of the week .",2024-11-04 17:58:02,7,False,4.0,3.0,-1.0,0.0,138,0,0.9931,0.347,0.0,4.384057971014493,9,0,0,17,0,2024-10-23 12:09:05,12,1.8064516129032258,1.7741935483870968,3.0,2.0,1.6210974644503369,31,-0.5041666666666669
172,4434,"Tonight , I’m reflecting on a productive day , feeling both satisfied and grateful for how everything went . From the start , I felt a positive energy that helped me tackle my tasks effectively , and that momentum carried me through the day . It’s been fulfilling to handle my responsibilities with such focus , and I’ve managed to make real progress on my goals , which leaves me feeling accomplished .\ n \ nWhile the day had its usual challenges , I was able to meet them with patience and resilience , staying grounded and clear-headed . Looking back , I’m proud of how I kept up my pace without getting overwhelmed , and I’m ending the day on a high note . There’s a sense of calm in knowing I gave my best , and I’m looking forward to carrying this energy into tomorrow .",2024-11-04 22:02:46,7,False,3.0,3.0,1.0,-2.0,148,0,0.9848,0.25,0.008,4.256756756756757,12,0,0,22,0,2024-10-23 12:09:05,12,1.875,1.8125,4.0,3.0,1.6412033350858064,32,-0.625
172,4435,"Calm , Positive , Focused , Refreshed , Confident",2024-11-05 12:19:33,7,True,4.0,1.0,-1.0,2.0,9,1,0.8934,0.921,0.0,4.555555555555555,0,0,0,12,1,2024-10-23 12:09:05,13,1.9090909090909092,1.8484848484848484,3.0,3.0,1.6271838472426134,33,-0.5404411764705883
172,4436,"Relaxed , Positive , Concentrated , Busy , Determined",2024-11-05 17:31:04,7,True,3.0,3.0,0.0,-1.0,9,1,0.8481,0.821,0.0,5.0,0,0,0,17,1,2024-10-23 12:09:05,13,1.9705882352941178,1.8235294117647058,4.0,1.0,1.6419739435729632,34,-0.17647058823529393
172,4437,"Aching , Restless , Calm , Content , Relieved",2024-11-05 22:04:32,7,True,3.0,2.0,0.0,0.0,9,1,-0.1027,0.438,0.473,4.111111111111111,0,0,0,22,1,2024-10-23 12:09:05,13,2.0,1.8571428571428572,3.0,3.0,1.6269784336399213,35,-0.11437908496732008
173,4438,"Excited , Hopeful , Tired , Annoyed , Optimistic",2024-10-26 12:13:33,7,True,3.0,2.0,-2.0,-1.0,9,1,0.3612,0.593,0.407,4.444444444444445,0,0,0,12,5,2024-10-26 12:13:33,0,2.0,1.0,2.0,1.0,0.0,0,0.0
173,4439,"Tired , Annoyed , Sick , Frustrated , Exhausted",2024-10-27 17:01:19,7,True,1.0,1.0,1.0,1.0,9,1,-0.9287,0.0,1.0,4.333333333333333,0,0,0,17,6,2024-10-26 12:13:33,1,3.0,2.0,3.0,2.0,0.0,1,0.0
173,4440,"Tired , Rested , Sick , Content , Ready",2024-10-27 22:57:53,7,True,2.0,2.0,0.0,0.0,9,1,-0.5719,0.234,0.579,3.4444444444444446,0,0,0,22,6,2024-10-26 12:13:33,1,2.0,1.5,1.0,1.0,1.4142135623730951,2,-2.0
173,4441,"Tired , Content , Accomplished , Frustrated , Hopeful",2024-10-28 22:01:21,7,True,2.0,2.0,2.0,0.0,9,1,-0.0258,0.459,0.467,5.0,0,0,0,22,0,2024-10-26 12:13:33,2,2.0,1.6666666666666667,2.0,2.0,1.0,3,-1.5
173,4442,"I’m feeling good , happy , and accomplished at this moment . I’ve had a good day with loved ones and have been relaxing and just enjoying the day . Its refreshing to have a day without too many plans or too much going on . I’m really enjoying the day so far .",2024-11-01 17:50:48,7,False,4.0,2.0,-1.0,-1.0,54,0,0.9794,0.429,0.0,3.814814814814815,0,0,2,17,4,2024-10-26 12:13:33,6,2.0,1.75,2.0,2.0,0.816496580927726,4,0.0
173,4443,"Tired , Proud , Stressed , Excited , Nervous",2024-11-04 12:07:31,7,True,3.0,1.0,0.0,0.0,9,1,-0.2263,0.426,0.574,4.0,0,0,0,12,0,2024-10-26 12:13:33,8,2.4,1.8,4.0,2.0,1.140175425099138,5,0.6666666666666665
174,4444,"Achey , Sick , Exhausted , Depressed , Irritable",2024-08-07 17:00:54,7,True,0.0,2.0,0.0,0.0,9,1,-0.9042,0.0,0.924,4.444444444444445,0,0,0,17,2,2024-08-07 17:00:54,0,2.0,1.0,2.0,1.0,0.0,0,0.0
174,4445,I am feeling overwhelmed and I keep crying uncontrollably .   I do not know why . I am emotional for no discernable reason .    I feel like a burden because I am so effusively sad and anxious .   I cannot contain it and am crying in front of others and am unable to stop .,2024-08-07 22:00:53,7,False,0.0,2.0,3.0,-1.0,55,0,-0.939,0.117,0.367,3.8363636363636364,7,0,1,22,2,2024-08-07 17:00:54,0,0.0,2.0,0.0,2.0,0.0,1,0.0
174,4446,"I am looking forward to being able to see my close friend .   I am working on a crochet project that is a surprise for a different close friend .   These things are lifting my mood slightly .   However , I still feel overwhelmed and anxious , although that is covered up by a general feeling of being numb .",2024-08-08 17:01:27,7,False,3.0,1.0,-1.0,0.0,60,0,0.7003,0.201,0.079,4.033333333333333,5,0,0,17,3,2024-08-07 17:00:54,1,0.0,2.0,0.0,2.0,0.0,2,0.0
174,4447,"Sentimental , Tired , Numb , Blank , Loving/caring",2024-08-08 22:05:36,7,True,2.0,1.0,-1.0,0.0,9,1,-0.4588,0.24,0.552,4.666666666666667,0,0,0,22,3,2024-08-07 17:00:54,1,1.0,1.6666666666666667,3.0,1.0,1.7320508075688772,3,1.5
174,4448,"Drained , Nervous , Irritable , Moody , Spacey/brain fog",2024-08-09 12:02:15,7,True,1.0,1.0,0.0,1.0,10,1,-0.8481,0.0,0.836,4.7,0,0,0,12,4,2024-08-07 17:00:54,1,1.25,1.5,2.0,1.0,1.5,4,2.5
174,4449,"Nauseous , Lethargic , Afraid , Overwhelmed , Sensitive",2024-08-09 17:06:55,7,True,1.0,2.0,0.0,1.0,9,1,-0.25,0.187,0.344,5.222222222222222,0,0,0,17,4,2024-08-07 17:00:54,2,1.2,1.4,1.0,1.0,1.3038404810405297,5,2.0
174,4450,"Overstimulated , Overwhelmed , Exhausted , Irritable , Fragile",2024-08-10 17:07:09,7,True,1.0,3.0,2.0,-2.0,9,1,-0.6597,0.136,0.636,6.0,0,0,0,17,5,2024-08-07 17:00:54,3,1.1666666666666667,1.5,1.0,2.0,1.1690451944500122,6,0.33333333333333326
174,4451,"I am feeling overstimulated and overwhelmed .   As long as I am alone and nothing is happening , I am okay , but it is fragile .   When anyone talks to me it is too much and I get angry at the sound .   Even the tv on as background noise is too much , but silence is also irritating .   I am crocheting and I am not necessarily enjoying it but it is keeping my mood neutral as opposed to anxious or panicked .",2024-08-10 22:01:24,7,False,3.0,1.0,-1.0,1.0,85,0,-0.9602,0.044,0.234,3.7294117647058824,8,0,0,22,5,2024-08-07 17:00:54,3,1.1428571428571428,1.7142857142857142,1.0,3.0,1.0690449676496976,7,0.25
174,4452,"I feel fragile again - as in , so long as I am by myself with no outside stumuli I am numb or even okay .   Positive stimuli is able to affect me somewhat .   I am still overly emotional about small things and very easily made irritable or sad .",2024-08-11 12:19:49,7,False,2.0,2.0,-2.0,-1.0,51,0,-0.3117,0.179,0.202,3.7450980392156863,6,0,2,12,6,2024-08-07 17:00:54,3,1.375,1.625,3.0,1.0,1.1877349391654208,8,0.25
174,4453,"I feel very exhausted .   I am hyper focused on crocheting but I am running out of steam .   I am not interested in anything other than crocheting , so I feel anxious about running out of energy .   I might burn myself out crocheting , or I might save my energy and become frustrated due to boredom .",2024-08-11 17:01:58,7,False,0.0,1.0,1.0,2.0,59,0,-0.5928,0.179,0.24,4.0,9,0,2,17,6,2024-08-07 17:00:54,4,1.4444444444444444,1.6666666666666667,2.0,2.0,1.130388330520878,9,0.3500000000000001
174,4454,"Triggered (PTSD) , Triggered (eating disotder) , Anxious , Nauseous , Drained",2024-08-11 22:03:43,7,True,1.0,3.0,0.0,-1.0,12,1,-0.5423,0.0,0.429,5.5,0,0,0,22,6,2024-08-07 17:00:54,4,1.3,1.6,0.0,1.0,1.1595018087284057,10,0.19999999999999996
174,4455,"I mostly feel physically and emotionally exhausted .   I have been unable to sleep well .   I do not function well at all when I haven ' t slept well .   I mostly feel numb and lonely , but would feel irritable around people or with any kind of noise . I do not feel capable of doing anything .",2024-08-12 12:06:36,7,False,1.0,2.0,-1.0,1.0,60,0,-0.8164,0.085,0.221,3.816666666666667,6,0,0,12,0,2024-08-07 17:00:54,4,1.2727272727272727,1.7272727272727273,1.0,3.0,1.1037127426019047,11,0.1333333333333333
174,4456,I am feeling very anxious and overwhelmed .   I keep crying for no apparent reason .   I feel very scared and small .   I feel vulnerable and depressed .   I ' m having frequent panic attacks .   I feel lonely despite having social interactions .,2024-08-12 22:16:26,7,False,0.0,3.0,1.0,-1.0,45,0,-0.9671,0.062,0.518,4.266666666666667,6,0,2,22,0,2024-08-07 17:00:54,5,1.25,1.75,1.0,2.0,1.0552897060221726,12,0.16666666666666652
174,4457,"I am feeling drained and irritable .   I am still very exhausted and I am bored because I am too tired to do anything .   I am irritable perhaps because I am bored , or perhaps because I am still so tired .   I am still having a lot of brain fog and I feel slow .",2024-08-13 22:01:06,7,False,1.0,2.0,-1.0,-1.0,57,0,-0.9583,0.027,0.384,3.526315789473684,9,0,2,22,1,2024-08-07 17:00:54,6,1.1538461538461537,1.8461538461538463,0.0,3.0,1.0681880176381127,13,-0.023809523809523947
174,4458,"I am exhausted .   I have slept enough but I still feel emotionally drained and tired .   I don ' t know what my issue is at this point .   I feel like since I finally slept , I should be less tired , but I guess life is a never-ending cycle of exhaustion",2024-08-14 12:06:25,7,False,0.0,1.0,0.0,1.0,54,0,-0.9136,0.063,0.312,3.6296296296296298,9,0,0,12,2,2024-08-07 17:00:54,6,1.1428571428571428,1.8571428571428572,1.0,2.0,1.027105182026191,14,0.0
174,4459,"Scared , Sad , Overwhelmed , Exhausted , Anxious",2024-08-14 17:06:05,7,True,0.0,2.0,0.0,0.0,9,1,-0.8519,0.103,0.897,4.444444444444445,0,0,0,17,2,2024-08-07 17:00:54,7,1.0666666666666667,1.8,0.0,1.0,1.0327955589886446,15,-0.1428571428571428
174,4460,"Sad , Scared , Overwhelmed , Anxious , Lonely",2024-08-14 22:02:06,7,True,0.0,2.0,0.0,-1.0,9,1,-0.8519,0.103,0.897,4.111111111111111,0,0,0,22,2,2024-08-07 17:00:54,7,1.0,1.8125,0.0,2.0,1.0327955589886444,16,-0.75
174,4461,"Tired , Sad , Scared , Overwhelmed , Small",2024-08-15 12:04:50,7,True,0.0,1.0,1.0,2.0,9,1,-0.8271,0.108,0.802,3.7777777777777777,0,0,0,12,3,2024-08-07 17:00:54,7,0.9411764705882353,1.8235294117647058,0.0,2.0,1.028991510855053,17,-0.8194444444444444
174,4462,I feel overwhelmed .   I feel depressed .   I feel hopeless .   I keep crying and I do not know why I am crying .   I feel scared . I do not feel capable of doing much .   I am less tired than I have been but I feel too overwhelmed to function anyhow .,2024-08-15 17:10:14,7,False,1.0,3.0,-1.0,-1.0,55,0,-0.8479,0.055,0.309,3.418181818181818,11,0,0,17,3,2024-08-07 17:00:54,8,0.8888888888888888,1.7777777777777777,0.0,1.0,1.0226199851298272,18,-1.1111111111111112
174,4463,I keep having scary intrusive thoughts of horrible things happening .   I am overwhelmed .   I am crying a lot .   I am tired and scared .   I feel depressed and hopeless .   I feel unsafe and insecure .   I just want things to feel better and they never do .,2024-08-15 22:02:13,7,False,0.0,2.0,0.0,0.0,51,0,-0.9652,0.098,0.448,3.8627450980392157,7,0,0,22,3,2024-08-07 17:00:54,8,0.8947368421052632,1.8421052631578947,1.0,3.0,0.9941348467724342,19,-1.0444444444444443
174,4464,"Hurt , Sad , Betrayed , Unsafe , Worried",2024-08-16 17:11:41,7,True,0.0,2.0,0.0,0.0,9,1,-0.9136,0.0,0.927,3.5555555555555554,0,0,0,17,4,2024-08-07 17:00:54,9,0.85,1.85,0.0,2.0,0.9880869341680844,20,-0.9
174,4465,"Hurt , Lonely , Sad , Upset , Scared",2024-08-16 22:04:27,7,True,0.0,2.0,0.0,0.0,9,1,-0.926,0.0,1.0,3.111111111111111,0,0,0,22,4,2024-08-07 17:00:54,9,0.8095238095238095,1.8571428571428572,0.0,2.0,0.9807674351775563,21,-0.9363636363636364
174,4466,"I am feeling upset and sad and lonely .   I thought I was known by a person close to me , and now I feel as if they never truly knew me and it feels like a rejection .   How can I still be loved if they never actually knew me ?   You can learn who I am and learn to love that person , but currently , the idea of me is loved because they don ' t actually know me .   I feel scared and I want to be loved for me .",2024-08-17 12:04:46,7,False,0.0,2.0,0.0,0.0,95,0,0.8315,0.211,0.14,3.263157894736842,14,0,0,12,5,2024-08-07 17:00:54,9,0.7727272727272727,1.8636363636363635,0.0,2.0,0.9725674505593151,22,-1.0
174,4467,"Lethargic , Desolate , Exhausted , Sad , Hurt",2024-08-17 22:41:07,7,True,0.0,2.0,1.0,-1.0,9,1,-0.8807,0.0,0.918,4.111111111111111,0,0,0,22,5,2024-08-07 17:00:54,10,0.7391304347826086,1.8695652173913044,0.0,2.0,0.963770592485946,23,-1.0227272727272727
174,4468,"Tired , Lethargic , Depressed , Low energy , Sluggish",2024-08-18 12:01:38,7,True,1.0,1.0,-1.0,1.0,10,1,-0.8779,0.137,0.863,4.4,0,0,0,12,6,2024-08-07 17:00:54,10,0.7083333333333334,1.875,0.0,2.0,0.954584665735822,24,-1.0833333333333333
174,4469,"Exhausted , Tired , Discouraged , Cranky , Irritable",2024-08-18 22:01:13,7,True,0.0,2.0,1.0,-1.0,9,1,-0.8807,0.0,0.918,4.888888888888889,0,0,0,22,6,2024-08-07 17:00:54,11,0.72,1.84,1.0,1.0,0.9363047936792094,25,-1.0192307692307692
174,4470,"I feel like I am suspended within molasses and can move or think only with some effort .   I am exhausted and sluggish .   However , I am more capable than the past couple days , and I have not cried yet .   I am incredibly irritable .",2024-08-19 17:05:56,7,False,1.0,1.0,-1.0,0.0,48,0,-0.6269,0.157,0.242,3.7916666666666665,6,0,0,17,0,2024-08-07 17:00:54,12,0.6923076923076923,1.8461538461538463,0.0,2.0,0.9281909617845142,26,-0.9230769230769229
174,4471,"Exhausted , Cranky , Irritable , Tired , Overwhelmed",2024-08-19 22:01:13,7,True,0.0,1.0,0.0,2.0,9,1,-0.8074,0.112,0.794,4.888888888888889,0,0,0,22,0,2024-08-07 17:00:54,12,0.7037037037037037,1.8148148148148149,1.0,1.0,0.9120903638942975,27,-0.868131868131868
174,4472,"Irritable , Angry , Annoyed , Depressed , Cranky",2024-08-20 12:04:17,7,True,0.0,3.0,1.0,-2.0,9,1,-0.9062,0.0,0.925,4.444444444444445,0,0,0,12,1,2024-08-07 17:00:54,12,0.6785714285714286,1.7857142857142858,0.0,1.0,0.9048663264720755,28,-0.9285714285714285
174,4474,"I am feeling numb and blank , and perhaps somewhat content , so long as I am by myself .   I was able to accomplish some minor things today and am now exhausted and at my limit for the day .   When I am not alone , I become irritable and overstimulated .   I feel extremely exhausted and sleepy .",2024-08-20 17:01:16,7,False,1.0,1.0,0.0,2.0,60,0,0.05,0.153,0.132,3.85,8,0,2,17,1,2024-08-07 17:00:54,13,0.6551724137931034,1.8275862068965518,0.0,3.0,0.8974512350049012,29,-0.9428571428571428
174,4475,"On edge , Irritable , Antsy , Agitated , Restless",2024-08-20 22:43:35,7,True,1.0,3.0,0.0,0.0,10,1,-0.802,0.0,0.732,4.0,0,0,0,22,1,2024-08-07 17:00:54,13,0.6666666666666666,1.8,1.0,1.0,0.8840866447369843,30,-0.8
176,4496,"Tired , Content , Full",2024-09-23 17:11:38,7,True,3.0,2.0,-2.0,-1.0,5,1,-0.4404,0.0,0.592,3.6,0,0,0,17,0,2024-09-23 17:11:38,0,2.0,1.0,2.0,1.0,0.0,0,0.0
176,4497,"sleepy , stressed , anxious , `, `",2024-09-24 17:03:02,7,True,1.0,1.0,1.0,1.0,8,1,-0.5267,0.0,0.688,3.375,0,0,0,17,1,2024-09-23 17:11:38,0,3.0,2.0,3.0,2.0,0.0,1,0.0
176,4498,I did not have too much to do today so I was satisfied that I was able to get all my errands done and organize my apartment properly . I just ate and meal prepped so I am full and content . I am a bit tired and scattered as well because I have quite a bit of disparate tasks left for today .,2024-09-25 12:13:04,7,False,2.0,2.0,0.0,0.0,64,0,0.3134,0.091,0.051,3.5625,9,0,2,12,2,2024-09-23 17:11:38,1,2.0,1.5,1.0,1.0,1.4142135623730951,2,-2.0
178,4513,"Exhausted , Weird , Uninterested , Disgusted , Disappointed",2024-09-09 12:56:53,7,True,0.0,1.0,1.0,1.0,9,1,-0.8658,0.0,0.915,5.666666666666667,0,0,0,12,0,2024-09-09 12:56:53,0,2.0,1.0,2.0,1.0,0.0,0,0.0
178,4514,I don’t know how I feel right now to be honest… . I just think so many things at a time and I can’t seem to find a balance to it . I just think that I am a weird person in a weird space . Take me to LOC,2024-09-11 17:33:20,7,False,1.0,2.0,0.0,-1.0,50,0,-0.34,0.0,0.089,3.06,7,0,1,17,2,2024-09-09 12:56:53,2,0.0,1.0,0.0,1.0,0.0,1,0.0
178,4515,"Loved , Smart , Shocked , Stressed , Fun",2024-09-11 22:40:19,7,True,1.0,1.0,1.0,1.0,9,1,0.7351,0.678,0.322,3.5555555555555554,0,0,0,22,2,2024-09-09 12:56:53,2,0.5,1.5,1.0,2.0,0.7071067811865476,2,1.0
178,4516,"I feel normal , just random day in my life , meeting same people , visiting PERSON place , talking to same friends . It’s a bit annoying that my life is a perfect circle . I wish , wishes came true . I would wish for someone else’s life at least I’ll know what to be grateful for",2024-09-12 12:24:55,7,False,2.0,2.0,0.0,1.0,59,0,0.9423,0.325,0.045,3.7457627118644066,5,0,0,12,3,2024-09-09 12:56:53,2,0.6666666666666666,1.3333333333333333,1.0,1.0,0.5773502691896258,3,1.0
178,4517,"I’m not sure I enjoyed the bed Mc this week , I hope it fade too . I wish life is like a book I could watch , like in the movies . I would’ve watched my life play and decide on so many decisions I would how to handle situations before it gets the chance to turn ugly",2024-09-12 22:03:33,7,False,2.0,3.0,2.0,-2.0,59,0,0.7215,0.242,0.129,3.5254237288135593,7,0,1,22,3,2024-09-09 12:56:53,3,1.0,1.5,2.0,2.0,0.816496580927726,4,1.0
178,4518,"Got a feeling , but everything‘s gonna be all right yeah I’ve got a feeling it is gonna be over very soon and anytime some things something is happening right now . It was funny bad I think PERSON was the best option at the time and realizing now that I could’ve slapped it out , not tantrum he is hard in the butt and I know that I have learned my lesson and I will be more calculated next time when I am in that kind of a situation and I need a way out Simplified , I just think that I should be more peaceful",2024-09-13 17:34:32,7,False,4.0,1.0,0.0,2.0,107,0,0.9504,0.21,0.057,3.7850467289719627,10,0,1,17,4,2024-09-09 12:56:53,4,1.2,1.8,2.0,3.0,0.8366600265340756,5,1.1666666666666667
178,4519,\nOk… .. so who said that Shopping isn’t therapeutic ?? that definitely is a lie . It’s not understandable why I feel friendship started today already has goosebumps all over me . I haven’t had such energy around me in a long while and it feels like a lost part of me was awakened by that short meeting . I just have to keep praying that my instincts are write and I won’t get disappointed at the end . The energy feels too good to be true,2024-09-13 22:58:14,7,False,4.0,3.0,0.0,0.0,87,0,0.9254,0.226,0.059,4.057471264367816,8,0,1,22,4,2024-09-09 12:56:53,4,1.6666666666666667,1.6666666666666667,4.0,1.0,1.3662601021279464,6,2.0
178,4520,"Hopefull , Sentimental , Judged , Segregated , Introvert",2024-09-14 17:53:17,7,True,4.0,3.0,0.0,0.0,9,1,0.3182,0.365,0.0,5.333333333333333,0,0,0,17,5,2024-09-09 12:56:53,5,2.0,1.8571428571428572,4.0,3.0,1.5275252316519468,7,2.3333333333333335
179,4529,"I’m not bursting with energy but I’m waking with a gentle enthus , My senses are heightened , I want to laugh , I’m alive and I’m feeling it , I feel calm",2024-09-22 22:58:00,7,True,3.0,2.0,-2.0,0.0,33,1,0.9509,0.473,0.036,3.696969696969697,3,0,0,22,6,2024-09-22 22:58:00,0,2.0,1.0,2.0,1.0,0.0,0,0.0
179,4530,"Not really feeling good , Feeling like something is wrong but can’t figure out what , I wish I’m not experiencing this at the moment , Hate it when I can’t reach something I wish to get done , I feel bad",2024-09-23 12:06:34,7,True,1.0,2.0,1.0,0.0,42,1,-0.6775,0.226,0.297,3.857142857142857,4,0,1,12,0,2024-09-22 22:58:00,0,3.0,2.0,3.0,2.0,0.0,1,0.0
179,4531,I ' m feeling pretty neutral about a lot of things I don ' t have strong feelings either way .\ nI’m not really interested in the outcome . I ' m just okay with whatever happens .\ nI’m really bothered and trying to make it look natural,2024-09-23 22:15:05,7,False,2.0,2.0,0.0,0.0,48,0,0.7455,0.261,0.107,3.9375,3,0,2,22,0,2024-09-22 22:58:00,0,2.0,2.0,1.0,2.0,1.4142135623730951,2,-2.0
179,4532,"Understanding , Calm , Lively , Calmness , Balance",2024-09-24 12:15:47,7,True,2.0,2.0,-1.0,0.0,9,1,0.7845,0.798,0.0,4.666666666666667,0,0,0,12,1,2024-09-22 22:58:00,1,2.0,2.0,2.0,2.0,1.0,3,-1.5
179,4533,"Feeling lost in thoughts with a little touch of sadness , a bit disappointed but not devastated .\ nFeeling mildly nostalgic , happiness mixed a touch of sadness .\ nLonging for someone dearly to me and feeling withdrawn at same time .",2024-09-24 22:45:19,7,False,1.0,2.0,1.0,0.0,42,0,0.8384,0.307,0.173,4.619047619047619,1,0,0,22,1,2024-09-22 22:58:00,1,2.0,2.0,2.0,2.0,0.816496580927726,4,0.0
179,4534,I’m feeling neither particularly happy or unhappy at the moment just going about my daily routine .\ nEverything seems fairly manageable at the moment with no emotional intensity .\ nMy feelings are neither decidedly positive or negative,2024-09-25 12:08:35,7,False,2.0,2.0,0.0,-1.0,37,0,-0.9258,0.064,0.32,5.4324324324324325,1,0,0,12,2,2024-09-22 22:58:00,2,1.8,2.0,1.0,2.0,0.8366600265340756,5,-0.33333333333333326
179,4535,I’m currently feeling the quietness in form of a river flowing through me like a calm ocean .\ nThe quietness has brought me a sense of peace .\ nI might say I Feels so calm and collected in the serene moments,2024-09-25 22:32:57,7,False,2.0,1.0,0.0,1.0,41,0,0.9201,0.328,0.0,4.121951219512195,3,0,1,22,2,2024-09-22 22:58:00,2,1.8333333333333333,2.0,2.0,2.0,0.752772652709081,6,-0.33333333333333326
179,4536,"Indifferent , No opinion , Undecided , No strong feelings , It’s fine",2024-09-26 17:34:52,7,True,2.0,2.0,0.0,0.0,13,1,-0.25,0.315,0.5,4.384615384615385,0,0,0,17,3,2024-09-22 22:58:00,3,1.8571428571428572,1.8571428571428572,2.0,1.0,0.6900655593423541,7,-0.25
179,4537,"Calm , Unbiased , Composed , Stable , Balance",2024-09-26 22:29:36,7,True,2.0,2.0,0.0,1.0,9,1,0.5267,0.592,0.145,4.111111111111111,0,0,0,22,3,2024-09-22 22:58:00,3,1.875,1.875,2.0,2.0,0.6408699444616557,8,-0.25
179,4538,"Awaken , Active , Lively , Bold , Vigorous",2024-09-27 12:02:33,7,True,2.0,3.0,-1.0,-2.0,9,1,0.802,0.804,0.0,3.7777777777777777,0,0,0,12,4,2024-09-22 22:58:00,4,1.8888888888888888,1.8888888888888888,2.0,2.0,0.6009252125773316,9,-0.19999999999999996
179,4539,"As I settled into the couch , surrounded by th comfort familiarity of home my sluggish body finally began to relax , surrendering to the exhaustion .\ nStruggling to shake of the sluggish tiredness away from my body",2024-09-28 17:55:13,7,False,1.0,1.0,1.0,1.0,38,0,-0.4939,0.123,0.218,4.684210526315789,3,0,0,17,5,2024-09-22 22:58:00,5,1.9,2.0,2.0,3.0,0.5676462121975467,10,0.19999999999999996
179,4540,"Neutral , Calm , Unbiased , Stable , Compose",2024-09-29 12:58:32,7,True,2.0,2.0,-1.0,-1.0,9,1,0.5267,0.592,0.145,4.0,0,0,0,12,6,2024-09-22 22:58:00,6,1.8181818181818181,1.9090909090909092,1.0,1.0,0.6030226891555273,11,0.033333333333333215
179,4541,"The warm atmosphere seems to enveloped me in a Damp hug , leaving me feeling somewhat sluggish and lethargic , leaving me unable to summon the energy to tackle even the simplest of task .\ nFeels like hitting a wall",2024-09-29 17:14:35,7,False,1.0,1.0,1.0,0.0,40,0,0.6962,0.25,0.098,4.4,3,0,0,17,6,2024-09-22 22:58:00,6,1.8333333333333333,1.9166666666666667,2.0,2.0,0.5773502691896257,12,0.0
179,4542,"I feel the quiet atmosphere enveloped me calming my racing thoughts , soft whispering fills the room calming my disturbed nerves .\ nMy mind feels calm like still pond , flowing to and fro and peaceful like a calm ocean",2024-09-30 12:47:46,7,False,2.0,1.0,0.0,0.0,40,0,0.9217,0.37,0.081,4.5,4,0,0,12,0,2024-09-22 22:58:00,7,1.7692307692307692,1.8461538461538463,1.0,1.0,0.5991446895152781,13,-0.11904761904761907
179,4543,"Quiet , Calm , Reserved , Compose , Relaxed",2024-09-30 17:54:05,7,True,2.0,1.0,0.0,0.0,9,1,0.6705,0.647,0.0,3.888888888888889,0,0,0,17,0,2024-09-22 22:58:00,7,1.7857142857142858,1.7857142857142858,2.0,1.0,0.5789342235218394,14,-0.14285714285714302
179,4544,"I’m feeling quiet in the quiet hours of the morning , as the world awakens , I found solace in the silence , my thoughts awakened and my spirit renewed .\ nThe quiet rhythm of playing sound creates a calming melody washing away my worries and anxiety , my soul feels peaceful",2024-10-01 12:41:02,7,False,2.0,1.0,-1.0,1.0,52,0,0.7579,0.234,0.081,4.3076923076923075,5,0,0,12,1,2024-09-22 22:58:00,8,1.8,1.7333333333333334,2.0,1.0,0.5606119105813882,15,-0.1071428571428572
179,4545,"Somber , Sad , Pensive , Wistful , Unhappy",2024-10-01 22:47:51,7,True,1.0,2.0,1.0,0.0,9,1,-0.8126,0.118,0.791,3.7777777777777777,0,0,0,22,1,2024-09-22 22:58:00,8,1.8125,1.6875,2.0,1.0,0.5439056290693574,16,-0.125
179,4546,"Neutral , Unbiased , Detached , Preserve , Unbothered",2024-10-03 12:32:16,7,True,2.0,2.0,0.0,0.0,9,1,-0.1531,0.0,0.464,5.0,0,0,0,12,3,2024-09-22 22:58:00,10,1.7647058823529411,1.7058823529411764,1.0,2.0,0.5622957145383871,17,-0.20833333333333326
179,4547,"Neutral , Impartial , Serene , Calm , Stable",2024-10-03 17:47:01,7,True,2.0,2.0,0.0,0.0,9,1,0.7579,0.789,0.0,4.0,0,0,0,17,3,2024-09-22 22:58:00,10,1.7777777777777777,1.7222222222222223,2.0,2.0,0.5483188805533162,18,-0.2222222222222221
180,4548,"I am feeling sluggish because of the cloudy weather . My eyelids feel a bit heavy but the rest of me feels awake . I’m feeling anxious from an interaction with another car I had while driving . He almost hit me when driving around me and when he got in front of me he flipped the bird . I’m also feeling irritated from an interaction I had with her this morning . I was leaving for work and she stopped me to get me to bring my sister her backpack . My sister is currently at my dad’s and she forgot her school work at my mom’s . I offered to bring the backpack last night but my mom told me not to worry about it , so i’m frustrated that there was a whole song and dance about this simple task that I could have done with no fuss . I miss my girlfriend as well , so I’m sad . They go out with their friends very weekend and I usually get FOMO since I just moved back home and I don’t have a friend group yet , so there’s loneliness in there too .",2024-09-28 12:17:48,7,False,1.0,2.0,2.0,-1.0,198,0,-0.9031,0.093,0.143,3.787878787878788,24,0,4,12,5,2024-09-28 12:17:48,0,2.0,1.0,2.0,1.0,0.0,0,0.0
180,4549,"content , awake , slightly achy , cheerful , anxious",2024-09-29 12:01:08,7,True,3.0,1.0,-2.0,0.0,10,1,0.3581,0.36,0.194,4.3,0,0,0,12,6,2024-09-28 12:17:48,0,1.0,2.0,1.0,2.0,0.0,1,0.0
180,4550,"tired , angry , sad , achy , hungry",2024-09-29 17:02:15,7,True,1.0,1.0,3.0,2.0,9,1,-0.8519,0.0,0.823,3.0,0,0,0,17,6,2024-09-28 12:17:48,1,2.0,1.5,3.0,1.0,1.4142135623730951,2,2.0
180,4551,"happy , content , full , tired , relaxed",2024-09-29 22:18:46,7,True,4.0,3.0,-1.0,-2.0,9,1,0.6124,0.585,0.246,3.5555555555555554,0,0,0,22,6,2024-09-28 12:17:48,1,1.6666666666666667,1.3333333333333333,1.0,1.0,1.1547005383792517,3,1.0
180,4552,"alert , productive , excited",2024-09-30 12:00:54,7,True,3.0,1.0,1.0,0.0,5,1,0.5574,0.821,0.0,4.8,0,0,0,12,0,2024-09-28 12:17:48,1,2.25,1.75,4.0,3.0,1.5,4,0.5
180,4553,"happy , calm , chilled out , na , na",2024-09-30 17:32:30,7,True,4.0,1.0,-1.0,1.0,10,1,0.7184,0.6,0.0,2.7,0,0,0,17,0,2024-09-28 12:17:48,2,2.4,1.6,3.0,1.0,1.3416407864998738,5,0.6666666666666665
180,4554,"calm , neutral , tired , na , na",2024-09-30 22:13:28,7,True,3.0,2.0,1.0,-1.0,9,1,-0.1531,0.28,0.354,2.6666666666666665,0,0,0,22,0,2024-09-28 12:17:48,2,2.6666666666666665,1.5,4.0,1.0,1.3662601021279464,6,1.9999999999999998
180,4555,"relaxed , excited , well rested , na , na",2024-10-01 12:29:09,7,True,4.0,1.0,-2.0,1.0,10,1,0.7717,0.72,0.0,3.2,0,0,0,12,1,2024-09-28 12:17:48,3,2.7142857142857144,1.5714285714285714,3.0,2.0,1.2535663410560174,7,1.8333333333333333
180,4556,"alert , neutral , social , na , na",2024-10-01 17:39:04,7,True,2.0,2.0,0.0,0.0,9,1,0.296,0.355,0.0,2.888888888888889,0,0,0,17,1,2024-09-28 12:17:48,3,2.875,1.5,4.0,1.0,1.246423454758225,8,1.25
180,4557,I am currently feeing a mix of feelings because my birthday is tomorrow and I usually dread my birthday . I am feeling excited for the future but also dreading the amount of emotional labor that will go into my interactions with my family tomorrow . I am also feeling a bit sad that my year did not go as I had hoped .,2024-10-01 22:48:38,7,False,2.0,2.0,0.0,0.0,64,0,-0.5789,0.15,0.161,3.984375,10,0,0,22,1,2024-09-28 12:17:48,3,2.7777777777777777,1.5555555555555556,2.0,2.0,1.2018504251546631,9,0.9500000000000002
180,4558,"content , anxious , weird , na , na",2024-10-02 12:28:46,7,True,2.0,2.0,1.0,0.0,9,1,-0.4019,0.0,0.552,3.0,0,0,0,12,2,2024-09-28 12:17:48,4,2.7,1.6,2.0,2.0,1.1595018087284057,10,0.6000000000000001
180,4559,"tired , content , full , na , na",2024-10-03 22:08:55,7,True,3.0,2.0,-1.0,0.0,9,1,-0.4404,0.0,0.42,2.6666666666666665,0,0,0,22,3,2024-09-28 12:17:48,5,2.6363636363636362,1.6363636363636365,2.0,2.0,1.1200649331826502,11,0.43333333333333357
180,4560,"frustrated , clean , achy , na , na",2024-10-04 22:11:56,7,True,2.0,2.0,0.0,0.0,9,1,-0.1779,0.297,0.374,3.0,0,0,0,22,4,2024-09-28 12:17:48,6,2.6666666666666665,1.6666666666666667,3.0,2.0,1.0730867399773196,12,0.0
180,4561,"I am currently feeling a bit tired just because I’ve been at work for the past few hours . I feel content since the store has been mostly empty so I got to read my book . It centered me somewhat , contributing to my mood .",2024-10-05 17:05:13,7,False,2.0,2.0,-1.0,-1.0,47,0,-0.4939,0.036,0.111,3.74468085106383,6,0,1,17,5,2024-09-28 12:17:48,7,2.6153846153846154,1.6923076923076923,2.0,2.0,1.0439078454267836,13,-0.0952380952380949
180,4562,"I have been sitting at work and there has not been much to do , so I am a bit tired and my brain feels like mush . I have also been making a lot of small talk and that made me more tired . Overall I feel content .",2024-10-06 17:39:02,7,False,1.0,1.0,1.0,1.0,50,0,-0.5896,0.055,0.138,3.28,6,0,1,17,6,2024-09-28 12:17:48,8,2.5714285714285716,1.7142857142857142,2.0,2.0,1.0163498575623617,14,-0.28571428571428603
180,4563,"happy , stressed , tired , na , na",2024-10-08 17:11:36,7,True,2.0,2.0,1.0,0.0,9,1,-0.1531,0.336,0.482,2.888888888888889,0,0,0,17,1,2024-09-28 12:17:48,10,2.466666666666667,1.6666666666666667,1.0,1.0,1.0600988273786194,15,-0.4642857142857144
180,4564,"I created a plan to get a part of my applications done , which made me feel calmer than I did this morning . I also had some nice conversations which made my mood better . I still have some residual stress",2024-10-10 17:33:37,7,False,3.0,2.0,0.0,0.0,42,0,0.7506,0.249,0.068,3.9047619047619047,7,0,0,17,3,2024-09-28 12:17:48,12,2.4375,1.6875,2.0,2.0,1.0307764064044151,16,-0.875
182,4641,"I am tired from the events this week . I am also a little anxious about upcoming events .   This time of year is hard . I am looking forward to summer , but there’s a lot to do before then . I also get anxious when I have a lot of free time . I feel like I have to fill the time .",2024-06-12 17:04:32,7,False,3.0,2.0,0.0,1.0,65,0,0.6293,0.137,0.117,3.292307692307692,7,0,0,17,2,2024-06-12 17:04:32,0,2.0,1.0,2.0,1.0,0.0,0,0.0
182,4642,"Curious , Spirited , Grateful , Content , Lucky",2024-06-13 12:02:49,7,True,3.0,3.0,-3.0,-2.0,9,1,0.8555,0.912,0.0,4.333333333333333,0,0,0,12,3,2024-06-12 17:04:32,0,3.0,2.0,3.0,2.0,0.0,1,0.0
182,4643,"Cranky , Tired , Drained , Aggravated , Frustrated",2024-06-13 22:13:16,7,True,0.0,1.0,3.0,0.0,9,1,-0.8934,0.0,0.921,4.666666666666667,0,0,0,22,3,2024-06-12 17:04:32,1,3.0,2.5,3.0,3.0,0.0,2,0.0
182,4644,"Calm , Focused , Relaxed , Inquisitive , Grateful",2024-06-14 12:00:45,7,True,3.0,1.0,-2.0,2.0,9,1,0.8957,1.0,0.0,4.555555555555555,0,0,0,12,4,2024-06-12 17:04:32,1,2.0,2.0,0.0,1.0,1.7320508075688772,3,-1.5
182,4645,I am feeling okay . I am nervous about this weekend and how I will make everyone feel special . I have a lot to do . 200 words is a lot of words .   I hope my weekend goes well . Right now my dogs are barking and that is adding to my stress .,2024-06-15 17:21:28,7,False,1.0,3.0,2.0,-2.0,56,0,0.6369,0.213,0.094,3.3035714285714284,8,0,0,17,5,2024-06-12 17:04:32,3,2.25,1.75,3.0,1.0,1.5,4,-1.5
182,4646,"I am feeling pretty good . It’s the end of the school year . I am floundering a little bit , because there’s a lot of work to do and I am not sure where to start . I’ll feel better when I get to work tomorrow .",2024-06-17 17:01:01,7,False,3.0,1.0,0.0,0.0,48,0,0.8195,0.236,0.044,3.3958333333333335,4,0,0,17,0,2024-06-12 17:04:32,4,2.0,2.0,1.0,3.0,1.4142135623730951,5,-1.6666666666666667
